officer_id,name,rank,station_id,phone,email
OFF00001,Azaan Bassi,Inspector,ST0070,5959600485,officer1@ksp.gov.in
OFF00002,Tarak Behl,Inspector,ST0033,8235606630,officer2@ksp.gov.in
OFF00003,Wridesh Bhakta,Inspector,ST0016,5797411301,officer3@ksp.gov.in
OFF00004,Christopher Sekhon,ACP,ST0002,1077643964,officer4@ksp.gov.in
OFF00005,Sachi Bhatti,ACP,ST0018,9962146248,officer5@ksp.gov.in
OFF00006,Nakul Gour,ACP,ST0096,2051578369,officer6@ksp.gov.in
OFF00007,Aishani Bhattacharyya,ACP,ST0065,3194077518,officer7@ksp.gov.in
OFF00008,Lakshit Rege,Sub Inspector,ST0006,7769474573,officer8@ksp.gov.in
OFF00009,Harita Padmanabhan,ACP,ST0015,3847250597,officer9@ksp.gov.in
OFF00010,Hemal Bora,ACP,ST0037,2998864045,officer10@ksp.gov.in
OFF00011,Harish Gour,Constable,ST0079,0991203237,officer11@ksp.gov.in
OFF00012,Aarnav Dayal,Head Constable,ST0097,2987161098,officer12@ksp.gov.in
OFF00013,Aarav Palla,Head Constable,ST0008,9145867488,officer13@ksp.gov.in
OFF00014,Urishilla Golla,Constable,ST0058,7675508679,officer14@ksp.gov.in
OFF00015,Parth Nazareth,Constable,ST0018,1226823679,officer15@ksp.gov.in
OFF00016,Urvashi Divan,Head Constable,ST0034,1713438578,officer16@ksp.gov.in
OFF00017,Prisha Krishnamurthy,Inspector,ST0093,8886636053,officer17@ksp.gov.in
OFF00018,Anmol Chatterjee,ACP,ST0083,0240621225,officer18@ksp.gov.in
OFF00019,Kalpit Raman,ACP,ST0028,9170372963,officer19@ksp.gov.in
OFF00020,Jatin Sachdev,Head Constable,ST0008,2646355833,officer20@ksp.gov.in
OFF00021,Bakhshi Babu,Head Constable,ST0096,2511344311,officer21@ksp.gov.in
OFF00022,Viraj Mital,Constable,ST0015,6903454203,officer22@ksp.gov.in
OFF00023,Qushi Mohanty,ACP,ST0044,0706078779,officer23@ksp.gov.in
OFF00024,Januja Bhardwaj,ACP,ST0089,7152397571,officer24@ksp.gov.in
OFF00025,Anamika Kade,Sub Inspector,ST0010,2054833619,officer25@ksp.gov.in
OFF00026,Bishakha Vora,Head Constable,ST0041,5570404110,officer26@ksp.gov.in
OFF00027,Yachana Narasimhan,Constable,ST0059,9560824879,officer27@ksp.gov.in
OFF00028,Ekapad Shere,ACP,ST0062,7870556068,officer28@ksp.gov.in
OFF00029,Kavya Kata,ACP,ST0024,3688026763,officer29@ksp.gov.in
OFF00030,Raagini Ramaswamy,Constable,ST0018,8966831485,officer30@ksp.gov.in
OFF00031,Arunima Mahal,Sub Inspector,ST0026,4770919694,officer31@ksp.gov.in
OFF00032,Kalpit Radhakrishnan,ACP,ST0021,8888516191,officer32@ksp.gov.in
OFF00033,Watika Dugal,Constable,ST0005,0542917141,officer33@ksp.gov.in
OFF00034,Omya Wason,ACP,ST0064,9752045564,officer34@ksp.gov.in
OFF00035,Zaid Andra,Constable,ST0036,4654476216,officer35@ksp.gov.in
OFF00036,Saanvi Sheth,Inspector,ST0076,6290758822,officer36@ksp.gov.in
OFF00037,Yasti Goswami,ACP,ST0039,4747789430,officer37@ksp.gov.in
OFF00038,Varenya Devi,ACP,ST0023,6440000168,officer38@ksp.gov.in
OFF00039,Fariq Ahluwalia,Head Constable,ST0016,5369245901,officer39@ksp.gov.in
OFF00040,Sanaya Gera,Constable,ST0015,2215917875,officer40@ksp.gov.in
OFF00041,Yuvraj Subramanian,Constable,ST0080,9737758087,officer41@ksp.gov.in
OFF00042,Vinaya Arora,ACP,ST0072,7734744701,officer42@ksp.gov.in
OFF00043,Laksh Subramanian,Head Constable,ST0040,3330183526,officer43@ksp.gov.in
OFF00044,Ucchal Pandey,Constable,ST0078,3694389290,officer44@ksp.gov.in
OFF00045,Chasmum Tank,Inspector,ST0072,5852506311,officer45@ksp.gov.in
OFF00046,Naveen Mishra,Inspector,ST0090,2269471904,officer46@ksp.gov.in
OFF00047,Ishanvi Choudhury,Sub Inspector,ST0089,6106408132,officer47@ksp.gov.in
OFF00048,Chaitanya Kala,Constable,ST0080,9392519568,officer48@ksp.gov.in
OFF00049,Balvan Gill,Sub Inspector,ST0039,6331380937,officer49@ksp.gov.in
OFF00050,Ojas Pillai,Sub Inspector,ST0099,2311631151,officer50@ksp.gov.in
OFF00051,Oviya Nori,ACP,ST0036,6101143492,officer51@ksp.gov.in
OFF00052,Triveni Dhawan,Head Constable,ST0029,3651582956,officer52@ksp.gov.in
OFF00053,Chakradhar Varty,Sub Inspector,ST0081,6989168439,officer53@ksp.gov.in
OFF00054,Aadhya Sur,Head Constable,ST0058,5292558655,officer54@ksp.gov.in
OFF00055,Bachittar Murty,Sub Inspector,ST0036,4061582479,officer55@ksp.gov.in
OFF00056,Vinaya Jhaveri,Constable,ST0068,5287858576,officer56@ksp.gov.in
OFF00057,Hritik Madan,Head Constable,ST0071,5603145316,officer57@ksp.gov.in
OFF00058,Deepa Chana,Head Constable,ST0079,4234788360,officer58@ksp.gov.in
OFF00059,Onveer Bhatti,Inspector,ST0031,8611843451,officer59@ksp.gov.in
OFF00060,Zayyan Karpe,Head Constable,ST0053,4979531495,officer60@ksp.gov.in
OFF00061,Manbir Sankar,Inspector,ST0088,7791555409,officer61@ksp.gov.in
OFF00062,Oscar Deol,Constable,ST0030,2363989070,officer62@ksp.gov.in
OFF00063,Umang Sawhney,Constable,ST0003,1734138618,officer63@ksp.gov.in
OFF00064,Gautami Koshy,Constable,ST0033,0785238146,officer64@ksp.gov.in
OFF00065,Jhalak Oak,Constable,ST0079,3055918500,officer65@ksp.gov.in
OFF00066,Yatan Bhattacharyya,Constable,ST0041,2021292885,officer66@ksp.gov.in
OFF00067,Ubika Lalla,Constable,ST0010,2143274997,officer67@ksp.gov.in
OFF00068,Vivaan Dasgupta,Sub Inspector,ST0003,4165947490,officer68@ksp.gov.in
OFF00069,Oliver Manda,Constable,ST0054,3324609626,officer69@ksp.gov.in
OFF00070,Naveen Gokhale,Head Constable,ST0048,8102001865,officer70@ksp.gov.in
OFF00071,Lipika Chhabra,Inspector,ST0007,1076711576,officer71@ksp.gov.in
OFF00072,Joshua Lall,Constable,ST0037,5548887609,officer72@ksp.gov.in
OFF00073,Nicholas Garg,Constable,ST0052,1046235305,officer73@ksp.gov.in
OFF00074,Sara Sandhu,Constable,ST0008,2244329209,officer74@ksp.gov.in
OFF00075,Ranveer Jha,Constable,ST0022,1532304295,officer75@ksp.gov.in
OFF00076,Ranbir Pandey,Constable,ST0045,7804730395,officer76@ksp.gov.in
OFF00077,Kalpit Kohli,Sub Inspector,ST0041,0057091637,officer77@ksp.gov.in
OFF00078,Falguni Kaur,Head Constable,ST0002,6123803451,officer78@ksp.gov.in
OFF00079,Yashawini Dhaliwal,Inspector,ST0052,7323807691,officer79@ksp.gov.in
OFF00080,Radhika Pillay,Head Constable,ST0075,2619306584,officer80@ksp.gov.in
OFF00081,Madhav Johal,ACP,ST0035,2372536466,officer81@ksp.gov.in
OFF00082,Zarna Agarwal,ACP,ST0009,2755453058,officer82@ksp.gov.in
OFF00083,Leela Balay,ACP,ST0016,4509672263,officer83@ksp.gov.in
OFF00084,Xalak Kari,ACP,ST0015,9452546341,officer84@ksp.gov.in
OFF00085,Harsh Bandi,Sub Inspector,ST0014,4353981601,officer85@ksp.gov.in
OFF00086,Krishna Chandran,ACP,ST0029,1156217376,officer86@ksp.gov.in
OFF00087,Zansi Bahl,Inspector,ST0011,5457777463,officer87@ksp.gov.in
OFF00088,Yuvraj Divan,Head Constable,ST0007,3234738700,officer88@ksp.gov.in
OFF00089,Janya Rai,Sub Inspector,ST0014,6725626887,officer89@ksp.gov.in
OFF00090,Timothy Ahuja,Constable,ST0036,0200087465,officer90@ksp.gov.in
OFF00091,Eshana Lalla,Sub Inspector,ST0027,1024105937,officer91@ksp.gov.in
OFF00092,Arin Talwar,Sub Inspector,ST0019,4686683902,officer92@ksp.gov.in
OFF00093,Urmi Mutti,Inspector,ST0047,6953709176,officer93@ksp.gov.in
OFF00094,Charles Mittal,ACP,ST0017,2562499787,officer94@ksp.gov.in
OFF00095,Rajeshri Konda,Inspector,ST0042,8779259200,officer95@ksp.gov.in
OFF00096,Harita Taneja,Inspector,ST0003,1124537161,officer96@ksp.gov.in
OFF00097,Sneha Kohli,ACP,ST0068,8252803673,officer97@ksp.gov.in
OFF00098,Rohan Patla,Constable,ST0083,0471750303,officer98@ksp.gov.in
OFF00099,Lucky Sem,ACP,ST0091,7512357043,officer99@ksp.gov.in
OFF00100,Vrishti Mohanty,Head Constable,ST0077,5774556536,officer100@ksp.gov.in
OFF00101,Oni Venkatesh,Sub Inspector,ST0037,6386628989,officer101@ksp.gov.in
OFF00102,George Bala,ACP,ST0099,4850795793,officer102@ksp.gov.in
OFF00103,Jalsa Lad,Head Constable,ST0048,3392583333,officer103@ksp.gov.in
OFF00104,Chakrika Maharaj,ACP,ST0034,0269228647,officer104@ksp.gov.in
OFF00105,Saanvi Keer,ACP,ST0051,0339728173,officer105@ksp.gov.in
OFF00106,Theodore Munshi,Sub Inspector,ST0076,5806052333,officer106@ksp.gov.in
OFF00107,Jason Babu,Sub Inspector,ST0050,9500977474,officer107@ksp.gov.in
OFF00108,Mahika Vaidya,Constable,ST0007,9882846018,officer108@ksp.gov.in
OFF00109,Kashvi Ray,ACP,ST0041,3928846277,officer109@ksp.gov.in
OFF00110,Kabir Rao,Inspector,ST0072,3039408251,officer110@ksp.gov.in
OFF00111,Dalaja Dara,ACP,ST0013,0932534083,officer111@ksp.gov.in
OFF00112,Elijah Badami,ACP,ST0011,4894243738,officer112@ksp.gov.in
OFF00113,Anita Kanda,Sub Inspector,ST0033,2688195562,officer113@ksp.gov.in
OFF00114,Rachita Tara,ACP,ST0023,5969979065,officer114@ksp.gov.in
OFF00115,Balveer Kale,Sub Inspector,ST0094,9500621758,officer115@ksp.gov.in
OFF00116,Nathaniel Uppal,ACP,ST0085,1887204636,officer116@ksp.gov.in
OFF00117,Aishani Pai,Head Constable,ST0018,5556514994,officer117@ksp.gov.in
OFF00118,Urvi Vala,Head Constable,ST0023,3060042150,officer118@ksp.gov.in
OFF00119,Meera Lal,Head Constable,ST0031,6605037342,officer119@ksp.gov.in
OFF00120,Falak D’Alia,Inspector,ST0030,9680946275,officer120@ksp.gov.in
OFF00121,Bishakha Bava,Constable,ST0013,3452688158,officer121@ksp.gov.in
OFF00122,Tara Patla,ACP,ST0082,8793744120,officer122@ksp.gov.in
OFF00123,Maanas Baria,Head Constable,ST0083,2958157754,officer123@ksp.gov.in
OFF00124,Inaya Mannan,ACP,ST0093,7505618338,officer124@ksp.gov.in
OFF00125,Vivaan Mani,Constable,ST0028,9834834165,officer125@ksp.gov.in
OFF00126,Saksham Patla,Sub Inspector,ST0023,0416047147,officer126@ksp.gov.in
OFF00127,Azad Sachdev,Inspector,ST0038,6115063095,officer127@ksp.gov.in
OFF00128,Samarth Bhatia,Inspector,ST0012,5165277144,officer128@ksp.gov.in
OFF00129,Ijaya Chandran,Inspector,ST0090,7978562877,officer129@ksp.gov.in
OFF00130,Vinaya Misra,Inspector,ST0050,7344703449,officer130@ksp.gov.in
OFF00131,Suhani Brar,ACP,ST0050,6244245053,officer131@ksp.gov.in
OFF00132,Max Sampath,ACP,ST0026,5260370562,officer132@ksp.gov.in
OFF00133,Hema Barad,ACP,ST0040,4111311450,officer133@ksp.gov.in
OFF00134,Arjun Mannan,Sub Inspector,ST0064,1085371063,officer134@ksp.gov.in
OFF00135,Daniel Sama,Head Constable,ST0079,1566811136,officer135@ksp.gov.in
OFF00136,Hemal Dua,Head Constable,ST0056,1355654969,officer136@ksp.gov.in
OFF00137,Raghav Narang,ACP,ST0044,4516576778,officer137@ksp.gov.in
OFF00138,Nitara Wadhwa,Head Constable,ST0028,3215914267,officer138@ksp.gov.in
OFF00139,Zehaan Sachdev,Sub Inspector,ST0001,9204381726,officer139@ksp.gov.in
OFF00140,Sachi Sura,Constable,ST0039,5902492616,officer140@ksp.gov.in
OFF00141,Pushti Kannan,Inspector,ST0097,5895359927,officer141@ksp.gov.in
OFF00142,Samar Boase,Inspector,ST0018,4355127129,officer142@ksp.gov.in
OFF00143,Ekavir Bains,Sub Inspector,ST0085,0336295546,officer143@ksp.gov.in
OFF00144,Jai Mohanty,Inspector,ST0064,0753603320,officer144@ksp.gov.in
OFF00145,Tripti Saini,Head Constable,ST0034,5617874603,officer145@ksp.gov.in
OFF00146,Andrew Kota,ACP,ST0041,0832417920,officer146@ksp.gov.in
OFF00147,Raagini Prashad,Constable,ST0046,4417102018,officer147@ksp.gov.in
OFF00148,Azad Kade,Sub Inspector,ST0048,5237613547,officer148@ksp.gov.in
OFF00149,Sarthak Sandhu,Sub Inspector,ST0020,7406060019,officer149@ksp.gov.in
OFF00150,Nathaniel Dalal,ACP,ST0028,2489911727,officer150@ksp.gov.in
OFF00151,Tanvi Sandal,Constable,ST0088,1064997047,officer151@ksp.gov.in
OFF00152,Januja Wali,Sub Inspector,ST0035,6506879442,officer152@ksp.gov.in
OFF00153,Gabriel Contractor,Constable,ST0033,1753891334,officer153@ksp.gov.in
OFF00154,Aarnav Sridhar,Inspector,ST0035,3415293245,officer154@ksp.gov.in
OFF00155,Anusha Malhotra,Head Constable,ST0096,5421487370,officer155@ksp.gov.in
OFF00156,Pushti Wali,Inspector,ST0069,5952790968,officer156@ksp.gov.in
OFF00157,Yauvani Bakshi,Sub Inspector,ST0094,2261570763,officer157@ksp.gov.in
OFF00158,Yagnesh Pau,Inspector,ST0090,9976173538,officer158@ksp.gov.in
OFF00159,Vamakshi Rajagopal,Inspector,ST0088,1384018892,officer159@ksp.gov.in
OFF00160,Falak Kanda,Sub Inspector,ST0074,1395910300,officer160@ksp.gov.in
OFF00161,Karan Natt,Sub Inspector,ST0068,0232394677,officer161@ksp.gov.in
OFF00162,Mitesh Chawla,Inspector,ST0046,3503697570,officer162@ksp.gov.in
OFF00163,Chaman Patil,Head Constable,ST0038,0095572970,officer163@ksp.gov.in
OFF00164,Madhavi Bedi,Inspector,ST0006,9721648822,officer164@ksp.gov.in
OFF00165,Ria Dewan,Head Constable,ST0098,0467528075,officer165@ksp.gov.in
OFF00166,Vedant Lala,ACP,ST0093,3739298643,officer166@ksp.gov.in
OFF00167,Ekapad Virk,Constable,ST0022,0493088800,officer167@ksp.gov.in
OFF00168,Ekaraj Sampath,ACP,ST0074,5479497647,officer168@ksp.gov.in
OFF00169,Vaishnavi Badal,Inspector,ST0060,1713437607,officer169@ksp.gov.in
OFF00170,Lekha Sunder,ACP,ST0092,6426885109,officer170@ksp.gov.in
OFF00171,Matthew More,Sub Inspector,ST0015,9753617290,officer171@ksp.gov.in
OFF00172,Gaurika Bir,Constable,ST0097,6452077293,officer172@ksp.gov.in
OFF00173,Zansi Tiwari,Head Constable,ST0064,0128420001,officer173@ksp.gov.in
OFF00174,Ishanvi Mangat,Constable,ST0064,3759011534,officer174@ksp.gov.in
OFF00175,Sathvik Oommen,Constable,ST0094,6895030874,officer175@ksp.gov.in
OFF00176,Janya Dutt,Inspector,ST0076,3028575023,officer176@ksp.gov.in
OFF00177,Hiral Ahluwalia,ACP,ST0006,1513602249,officer177@ksp.gov.in
OFF00178,Warhi Wable,ACP,ST0091,2088118020,officer178@ksp.gov.in
OFF00179,Alexander Rege,ACP,ST0055,3997254020,officer179@ksp.gov.in
OFF00180,Krishna Choudhary,Head Constable,ST0004,6833532530,officer180@ksp.gov.in
OFF00181,Aryan Chander,Sub Inspector,ST0041,7735983221,officer181@ksp.gov.in
OFF00182,Vritti Nazareth,ACP,ST0086,8030270004,officer182@ksp.gov.in
OFF00183,Nakul Mandal,Inspector,ST0098,2529108254,officer183@ksp.gov.in
OFF00184,Kashvi Kala,Constable,ST0093,8604335357,officer184@ksp.gov.in
OFF00185,Niharika Sinha,ACP,ST0042,9289946864,officer185@ksp.gov.in
OFF00186,Niharika Grover,Constable,ST0047,2520114621,officer186@ksp.gov.in
OFF00187,Finn Dada,Head Constable,ST0031,1888130577,officer187@ksp.gov.in
OFF00188,Krisha De,ACP,ST0041,1670804536,officer188@ksp.gov.in
OFF00189,Hemani Morar,Inspector,ST0023,0725243137,officer189@ksp.gov.in
OFF00190,Ati Dugal,Head Constable,ST0012,2599845275,officer190@ksp.gov.in
OFF00191,Wriddhish Pall,Sub Inspector,ST0042,0454778674,officer191@ksp.gov.in
OFF00192,Chameli Som,Constable,ST0072,4041808927,officer192@ksp.gov.in
OFF00193,Balvan Rana,ACP,ST0024,4476687334,officer193@ksp.gov.in
OFF00194,Siddharth Sankar,Inspector,ST0088,0100519656,officer194@ksp.gov.in
OFF00195,Zayyan Ahluwalia,Inspector,ST0084,0417284144,officer195@ksp.gov.in
OFF00196,Pavani Mukherjee,Head Constable,ST0021,8853011257,officer196@ksp.gov.in
OFF00197,Lohit Sheth,Sub Inspector,ST0002,2242492306,officer197@ksp.gov.in
OFF00198,Viraj Narain,Inspector,ST0033,8920841273,officer198@ksp.gov.in
OFF00199,Saksham Chatterjee,Head Constable,ST0017,1708734168,officer199@ksp.gov.in
OFF00200,Urvashi Venkataraman,Constable,ST0010,8234985969,officer200@ksp.gov.in
OFF00201,Caleb Char,Inspector,ST0071,2127917903,officer201@ksp.gov.in
OFF00202,Pushti Sankar,ACP,ST0077,1577458203,officer202@ksp.gov.in
OFF00203,Vrishti Rama,ACP,ST0030,4921433336,officer203@ksp.gov.in
OFF00204,Ikshita Bhargava,ACP,ST0100,1247739741,officer204@ksp.gov.in
OFF00205,Vasatika Dhawan,Sub Inspector,ST0011,6701354428,officer205@ksp.gov.in
OFF00206,Zashil Pingle,Head Constable,ST0077,3802412128,officer206@ksp.gov.in
OFF00207,Garima Hora,Inspector,ST0056,6288803588,officer207@ksp.gov.in
OFF00208,Girik Sem,Sub Inspector,ST0056,7994558907,officer208@ksp.gov.in
OFF00209,Odika Kumar,Sub Inspector,ST0045,3400183629,officer209@ksp.gov.in
OFF00210,Geetika Sahota,Head Constable,ST0035,9822642557,officer210@ksp.gov.in
OFF00211,Forum D’Alia,ACP,ST0082,6968692665,officer211@ksp.gov.in
OFF00212,Yatan Jain,Inspector,ST0073,3695047820,officer212@ksp.gov.in
OFF00213,Bishakha Talwar,Constable,ST0086,0430087456,officer213@ksp.gov.in
OFF00214,Ridhi Apte,Sub Inspector,ST0034,0134572188,officer214@ksp.gov.in
OFF00215,Keya Narain,ACP,ST0076,5551044816,officer215@ksp.gov.in
OFF00216,Balveer Lata,ACP,ST0015,1790558552,officer216@ksp.gov.in
OFF00217,Jai Gulati,Inspector,ST0002,8859340963,officer217@ksp.gov.in
OFF00218,Lakshit Dubey,Sub Inspector,ST0027,2522794207,officer218@ksp.gov.in
OFF00219,Qasim Korpal,Head Constable,ST0090,0421547631,officer219@ksp.gov.in
OFF00220,Divya Datta,ACP,ST0094,2213335831,officer220@ksp.gov.in
OFF00221,Nathan Nanda,ACP,ST0004,1240557249,officer221@ksp.gov.in
OFF00222,Girish Nadkarni,ACP,ST0021,5165338140,officer222@ksp.gov.in
OFF00223,Harini Kashyap,Inspector,ST0072,5958802856,officer223@ksp.gov.in
OFF00224,Yamini Thakkar,Head Constable,ST0039,9579414291,officer224@ksp.gov.in
OFF00225,Chatresh Mand,ACP,ST0060,3851499688,officer225@ksp.gov.in
OFF00226,Veer Sandhu,Constable,ST0040,7796422260,officer226@ksp.gov.in
OFF00227,Zayyan Kar,Inspector,ST0020,6802983856,officer227@ksp.gov.in
OFF00228,Mohini Sem,Constable,ST0088,7363471894,officer228@ksp.gov.in
OFF00229,Bhavani Mutti,Sub Inspector,ST0054,7818482030,officer229@ksp.gov.in
OFF00230,Wridesh Das,Sub Inspector,ST0085,8824679085,officer230@ksp.gov.in
OFF00231,Ridhi Sha,Constable,ST0050,7296416658,officer231@ksp.gov.in
OFF00232,Ishanvi Pillay,Head Constable,ST0051,8259724354,officer232@ksp.gov.in
OFF00233,Girik Sinha,Constable,ST0012,5989852272,officer233@ksp.gov.in
OFF00234,Wahab Pandya,Inspector,ST0028,5564137277,officer234@ksp.gov.in
OFF00235,Deepa Dani,Inspector,ST0071,8764175815,officer235@ksp.gov.in
OFF00236,Raksha Saini,Inspector,ST0087,1212938755,officer236@ksp.gov.in
OFF00237,Hema Chander,Head Constable,ST0004,0523249081,officer237@ksp.gov.in
OFF00238,Fiyaz Shenoy,Head Constable,ST0063,2520248669,officer238@ksp.gov.in
OFF00239,Ekiya Mohanty,Head Constable,ST0072,3506214376,officer239@ksp.gov.in
OFF00240,Lekha Mangat,Head Constable,ST0031,8749187182,officer240@ksp.gov.in
OFF00241,Qadim Sharma,Inspector,ST0091,1480975139,officer241@ksp.gov.in
OFF00242,Raagini Shanker,ACP,ST0088,5949630266,officer242@ksp.gov.in
OFF00243,Urmi Kapur,Sub Inspector,ST0052,7989496163,officer243@ksp.gov.in
OFF00244,Ria Desai,Sub Inspector,ST0034,8138040249,officer244@ksp.gov.in
OFF00245,Upma Bakshi,Sub Inspector,ST0058,7484270339,officer245@ksp.gov.in
OFF00246,Krisha Wadhwa,Sub Inspector,ST0006,3983726714,officer246@ksp.gov.in
OFF00247,Gayathri Kalla,ACP,ST0063,3900648483,officer247@ksp.gov.in
OFF00248,Siddharth Sarin,Inspector,ST0065,2164614898,officer248@ksp.gov.in
OFF00249,Tamanna Uppal,Constable,ST0061,0265759477,officer249@ksp.gov.in
OFF00250,Gaurangi Patel,Inspector,ST0031,3518223427,officer250@ksp.gov.in
OFF00251,Sanaya Mand,Inspector,ST0082,0616976715,officer251@ksp.gov.in
OFF00252,Kritika Lall,ACP,ST0021,9144827623,officer252@ksp.gov.in
OFF00253,Jasmit Agate,Inspector,ST0069,1469768640,officer253@ksp.gov.in
OFF00254,Rushil Sagar,Head Constable,ST0002,8838714698,officer254@ksp.gov.in
OFF00255,Priya Sridhar,Sub Inspector,ST0096,3737777818,officer255@ksp.gov.in
OFF00256,Kabir Bhavsar,Constable,ST0063,8737732855,officer256@ksp.gov.in
OFF00257,Anya Warrior,Inspector,ST0015,5716719154,officer257@ksp.gov.in
OFF00258,Watika Trivedi,ACP,ST0071,0296288833,officer258@ksp.gov.in
OFF00259,Fitan Vig,ACP,ST0073,1910740340,officer259@ksp.gov.in
OFF00260,Meghana Pandya,Inspector,ST0021,1727824355,officer260@ksp.gov.in
OFF00261,Yamini Mandal,Sub Inspector,ST0003,3225066092,officer261@ksp.gov.in
OFF00262,Omkaar Toor,Sub Inspector,ST0063,5660087461,officer262@ksp.gov.in
OFF00263,Tanish Reddy,ACP,ST0027,9940034009,officer263@ksp.gov.in
OFF00264,Hemal Cheema,Sub Inspector,ST0018,8434702802,officer264@ksp.gov.in
OFF00265,Peter Gokhale,Inspector,ST0021,5158627056,officer265@ksp.gov.in
OFF00266,Dayita Sood,Sub Inspector,ST0018,1222682027,officer266@ksp.gov.in
OFF00267,Hredhaan Bora,Head Constable,ST0018,0052552141,officer267@ksp.gov.in
OFF00268,Mitali Buch,Sub Inspector,ST0029,3355366589,officer268@ksp.gov.in
OFF00269,Atharv Hans,ACP,ST0023,2205137504,officer269@ksp.gov.in
OFF00270,Hritik Chand,Sub Inspector,ST0021,3773641598,officer270@ksp.gov.in
OFF00271,Bhavini Mann,ACP,ST0053,3437930421,officer271@ksp.gov.in
OFF00272,Frederick Wagle,Constable,ST0073,7035129241,officer272@ksp.gov.in
OFF00273,Arya Kale,Head Constable,ST0073,6449664248,officer273@ksp.gov.in
OFF00274,Pahal Lata,Head Constable,ST0065,4048116258,officer274@ksp.gov.in
OFF00275,Abha Mandal,ACP,ST0016,6448732247,officer275@ksp.gov.in
OFF00276,Shravya Keer,ACP,ST0045,5348834184,officer276@ksp.gov.in
OFF00277,Gavin Pillay,ACP,ST0100,2708702657,officer277@ksp.gov.in
OFF00278,Azaan Sahni,ACP,ST0079,7544641660,officer278@ksp.gov.in
OFF00279,Prisha Din,Inspector,ST0046,4210079645,officer279@ksp.gov.in
OFF00280,Jairaj Chaudhari,ACP,ST0035,4321043811,officer280@ksp.gov.in
OFF00281,Vamakshi Bhavsar,Sub Inspector,ST0090,4300055661,officer281@ksp.gov.in
OFF00282,Eta Ramachandran,Head Constable,ST0086,4945847158,officer282@ksp.gov.in
OFF00283,Orinder Dhar,Sub Inspector,ST0035,1808831780,officer283@ksp.gov.in
OFF00284,Yashica Barad,Constable,ST0012,2853414438,officer284@ksp.gov.in
OFF00285,Onkar Sood,ACP,ST0060,8065575188,officer285@ksp.gov.in
OFF00286,Upkaar Choudhry,ACP,ST0043,6039051221,officer286@ksp.gov.in
OFF00287,Ucchal Tella,Sub Inspector,ST0021,9592425363,officer287@ksp.gov.in
OFF00288,Dominic Kuruvilla,Inspector,ST0002,7379435247,officer288@ksp.gov.in
OFF00289,Ansh Menon,ACP,ST0087,9179239879,officer289@ksp.gov.in
OFF00290,Nimrat Narula,Head Constable,ST0022,3561257461,officer290@ksp.gov.in
OFF00291,Zashil Shenoy,Head Constable,ST0018,8418889534,officer291@ksp.gov.in
OFF00292,Arin Dey,Constable,ST0027,8049153815,officer292@ksp.gov.in
OFF00293,Bahadurjit Chawla,Inspector,ST0098,2938502193,officer293@ksp.gov.in
OFF00294,Vaishnavi Palan,ACP,ST0008,5453079387,officer294@ksp.gov.in
OFF00295,Darsh Pathak,Inspector,ST0082,8034578680,officer295@ksp.gov.in
OFF00296,Karan Sundaram,Inspector,ST0003,0219154602,officer296@ksp.gov.in
OFF00297,Hredhaan Goda,Head Constable,ST0036,3868768124,officer297@ksp.gov.in
OFF00298,Neelima Seth,Constable,ST0034,2553559646,officer298@ksp.gov.in
OFF00299,Raagini Bal,Sub Inspector,ST0062,4921471336,officer299@ksp.gov.in
OFF00300,Chatresh Sarna,Sub Inspector,ST0062,3549085205,officer300@ksp.gov.in
OFF00301,Wazir Dey,Head Constable,ST0058,1708480394,officer301@ksp.gov.in
OFF00302,Udarsh Samra,Sub Inspector,ST0046,9003659376,officer302@ksp.gov.in
OFF00303,Madhav Loke,Inspector,ST0077,5667213170,officer303@ksp.gov.in
OFF00304,Adweta Kant,Head Constable,ST0049,7284721380,officer304@ksp.gov.in
OFF00305,Nitara Comar,ACP,ST0099,6493888183,officer305@ksp.gov.in
OFF00306,Tarak Karan,Head Constable,ST0027,0606385856,officer306@ksp.gov.in
OFF00307,Mitali Tata,Head Constable,ST0001,6492533642,officer307@ksp.gov.in
OFF00308,Hema Mutti,Head Constable,ST0081,6728977173,officer308@ksp.gov.in
OFF00309,Rayaan Palla,Constable,ST0025,8734840539,officer309@ksp.gov.in
OFF00310,Anjali Ganguly,Inspector,ST0019,0748888641,officer310@ksp.gov.in
OFF00311,Udyati Bala,Constable,ST0014,6699907653,officer311@ksp.gov.in
OFF00312,Theodore Dhingra,Constable,ST0052,6761004104,officer312@ksp.gov.in
OFF00313,Vedika Bakshi,ACP,ST0076,8580323731,officer313@ksp.gov.in
OFF00314,Qushi Wason,Inspector,ST0002,1762188165,officer314@ksp.gov.in
OFF00315,Chakradhar Walla,Sub Inspector,ST0039,1761469770,officer315@ksp.gov.in
OFF00316,Ridhi Tandon,Inspector,ST0027,1608689426,officer316@ksp.gov.in
OFF00317,Ekaja Kothari,Inspector,ST0098,0269153895,officer317@ksp.gov.in
OFF00318,Kashvi Chand,Sub Inspector,ST0073,2026125316,officer318@ksp.gov.in
OFF00319,Raghav Krishnamurthy,Head Constable,ST0093,5126996675,officer319@ksp.gov.in
OFF00320,Abeer Dara,ACP,ST0098,5162039531,officer320@ksp.gov.in
OFF00321,Omkaar Agarwal,ACP,ST0033,8582156159,officer321@ksp.gov.in
OFF00322,Chameli Pandey,Head Constable,ST0071,5966225058,officer322@ksp.gov.in
OFF00323,Jagrati Walla,Inspector,ST0030,9009386779,officer323@ksp.gov.in
OFF00324,Thomas Chanda,Head Constable,ST0098,8593447568,officer324@ksp.gov.in
OFF00325,Neha Anand,ACP,ST0051,8324586639,officer325@ksp.gov.in
OFF00326,Samaksh Srinivasan,Constable,ST0003,4172307864,officer326@ksp.gov.in
OFF00327,Chatresh Nair,Sub Inspector,ST0021,9466105003,officer327@ksp.gov.in
OFF00328,Yashoda Agate,Head Constable,ST0038,8822705107,officer328@ksp.gov.in
OFF00329,Anya Shere,ACP,ST0017,9464079316,officer329@ksp.gov.in
OFF00330,Rajeshri Karan,Inspector,ST0036,7579643010,officer330@ksp.gov.in
OFF00331,Ria Bhargava,Head Constable,ST0064,9051441302,officer331@ksp.gov.in
OFF00332,Megha Walla,Inspector,ST0037,4358156103,officer332@ksp.gov.in
OFF00333,Upadhriti Ravel,Inspector,ST0053,7361900028,officer333@ksp.gov.in
OFF00334,Jairaj Patla,Constable,ST0059,5444465981,officer334@ksp.gov.in
OFF00335,Arunima Karpe,Sub Inspector,ST0032,7484155124,officer335@ksp.gov.in
OFF00336,Ishani Bhasin,Head Constable,ST0064,2814918765,officer336@ksp.gov.in
OFF00337,Adya Batra,Constable,ST0031,8160681334,officer337@ksp.gov.in
OFF00338,Upasna Handa,Sub Inspector,ST0080,3473289157,officer338@ksp.gov.in
OFF00339,Ekalinga Srivastava,Constable,ST0026,2133601375,officer339@ksp.gov.in
OFF00340,Saumya Shankar,Sub Inspector,ST0098,5011657191,officer340@ksp.gov.in
OFF00341,Kamala Banik,Constable,ST0003,6987206122,officer341@ksp.gov.in
OFF00342,Theodore Palla,Head Constable,ST0046,2054834461,officer342@ksp.gov.in
OFF00343,Kashish Mukherjee,ACP,ST0015,2068429129,officer343@ksp.gov.in
OFF00344,Ikbal Vasa,Inspector,ST0024,2225731270,officer344@ksp.gov.in
OFF00345,Faqid Tella,Inspector,ST0078,4528894562,officer345@ksp.gov.in
OFF00346,Dev Bath,ACP,ST0036,6460188536,officer346@ksp.gov.in
OFF00347,Vivaan Kadakia,Constable,ST0076,6787900914,officer347@ksp.gov.in
OFF00348,Krish Chandra,Head Constable,ST0078,5074680283,officer348@ksp.gov.in
OFF00349,Oliver Panchal,Sub Inspector,ST0073,1950873440,officer349@ksp.gov.in
OFF00350,Hemal Varkey,Sub Inspector,ST0030,1955863612,officer350@ksp.gov.in
OFF00351,Leela Sarkar,Head Constable,ST0083,0434363773,officer351@ksp.gov.in
OFF00352,Anamika Chandran,ACP,ST0094,8126282458,officer352@ksp.gov.in
OFF00353,Frado Chana,Constable,ST0018,6483114369,officer353@ksp.gov.in
OFF00354,Mohini Prabhu,Constable,ST0074,9650517193,officer354@ksp.gov.in
OFF00355,Mohini Sachdeva,Constable,ST0037,5613374087,officer355@ksp.gov.in
OFF00356,Madhavi Mallick,Sub Inspector,ST0098,9407610797,officer356@ksp.gov.in
OFF00357,Aayush Brar,ACP,ST0096,1810292235,officer357@ksp.gov.in
OFF00358,Omisha Kala,ACP,ST0038,2316363459,officer358@ksp.gov.in
OFF00359,Yoshita Kothari,Inspector,ST0043,2009481195,officer359@ksp.gov.in
OFF00360,Sachi Bail,Constable,ST0068,3131524246,officer360@ksp.gov.in
OFF00361,Waida Wable,Head Constable,ST0037,0121358053,officer361@ksp.gov.in
OFF00362,Aayush Kannan,ACP,ST0022,9914690276,officer362@ksp.gov.in
OFF00363,Yashawini Mohan,Inspector,ST0032,0006931150,officer363@ksp.gov.in
OFF00364,Balendra Ramachandran,Constable,ST0003,3468344460,officer364@ksp.gov.in
OFF00365,Elijah Sahni,Inspector,ST0076,0883664673,officer365@ksp.gov.in
OFF00366,Laksh Kunda,Inspector,ST0074,6971164295,officer366@ksp.gov.in
OFF00367,Jagdish Basak,Sub Inspector,ST0071,7597419227,officer367@ksp.gov.in
OFF00368,Januja Samra,ACP,ST0074,6959327734,officer368@ksp.gov.in
OFF00369,Oliver Pal,Sub Inspector,ST0013,8301034836,officer369@ksp.gov.in
OFF00370,Kritika Bobal,Head Constable,ST0070,0060995722,officer370@ksp.gov.in
OFF00371,Oscar Srinivas,Sub Inspector,ST0042,1670909443,officer371@ksp.gov.in
OFF00372,Ati Kala,Constable,ST0100,9536446602,officer372@ksp.gov.in
OFF00373,Siya Babu,Constable,ST0032,1080015329,officer373@ksp.gov.in
OFF00374,Leena Bhargava,Head Constable,ST0092,3899506484,officer374@ksp.gov.in
OFF00375,Girindra Rama,Constable,ST0034,6267874003,officer375@ksp.gov.in
OFF00376,Michael Prabhu,Constable,ST0014,8521420674,officer376@ksp.gov.in
OFF00377,Azaan Swamy,Sub Inspector,ST0062,3309113599,officer377@ksp.gov.in
OFF00378,Ekalinga Pillay,ACP,ST0059,6898017511,officer378@ksp.gov.in
OFF00379,Wishi Oak,Constable,ST0056,6327309302,officer379@ksp.gov.in
OFF00380,Vanya Sule,Head Constable,ST0016,5392553474,officer380@ksp.gov.in
OFF00381,Gagan Prabhu,ACP,ST0017,7188268181,officer381@ksp.gov.in
OFF00382,Unnati Chauhan,Head Constable,ST0014,2221255808,officer382@ksp.gov.in
OFF00383,Fariq Wagle,Sub Inspector,ST0067,4489598563,officer383@ksp.gov.in
OFF00384,Chaaya Mistry,Inspector,ST0070,5060514216,officer384@ksp.gov.in
OFF00385,Nathan Bera,ACP,ST0031,0516291459,officer385@ksp.gov.in
OFF00386,Zansi Sheth,Sub Inspector,ST0074,4468813671,officer386@ksp.gov.in
OFF00387,Sara Malhotra,Inspector,ST0082,2283149382,officer387@ksp.gov.in
OFF00388,Rushil Kaul,Constable,ST0071,2488934047,officer388@ksp.gov.in
OFF00389,Aarav Zachariah,Inspector,ST0043,0515785882,officer389@ksp.gov.in
OFF00390,Pallavi Karnik,Inspector,ST0089,2349559595,officer390@ksp.gov.in
OFF00391,Maanav Kale,Inspector,ST0007,4786855592,officer391@ksp.gov.in
OFF00392,Nimrat Handa,Constable,ST0033,1758798727,officer392@ksp.gov.in
OFF00393,Yagnesh Sood,Constable,ST0003,6650921642,officer393@ksp.gov.in
OFF00394,Ansh Ganesan,Sub Inspector,ST0043,4481288606,officer394@ksp.gov.in
OFF00395,Ekantika Bhat,Head Constable,ST0033,9974752485,officer395@ksp.gov.in
OFF00396,Bahadurjit Bhattacharyya,Sub Inspector,ST0039,4599071100,officer396@ksp.gov.in
OFF00397,Nandini Kibe,Constable,ST0040,3494859372,officer397@ksp.gov.in
OFF00398,Bhavika Dhar,Constable,ST0075,8073657652,officer398@ksp.gov.in
OFF00399,Onveer Sood,ACP,ST0034,6461485262,officer399@ksp.gov.in
OFF00400,Lakshit Upadhyay,Inspector,ST0068,8511193595,officer400@ksp.gov.in
OFF00401,Jason Thaman,Sub Inspector,ST0038,1552289162,officer401@ksp.gov.in
OFF00402,Tanvi Sathe,Head Constable,ST0067,8036708969,officer402@ksp.gov.in
OFF00403,Xalak Singh,Inspector,ST0013,5900323049,officer403@ksp.gov.in
OFF00404,Aryan Patla,Head Constable,ST0099,8915803431,officer404@ksp.gov.in
OFF00405,Shaurya Ghose,ACP,ST0064,9502579279,officer405@ksp.gov.in
OFF00406,Lohit Deshpande,Sub Inspector,ST0060,9943376130,officer406@ksp.gov.in
OFF00407,Januja Saini,Head Constable,ST0020,2661104227,officer407@ksp.gov.in
OFF00408,Aishani Bobal,Sub Inspector,ST0076,4088156417,officer408@ksp.gov.in
OFF00409,Ekalinga Chauhan,Head Constable,ST0094,8826078630,officer409@ksp.gov.in
OFF00410,Siya Khatri,ACP,ST0092,7208310373,officer410@ksp.gov.in
OFF00411,Nachiket Doshi,Head Constable,ST0015,1799291127,officer411@ksp.gov.in
OFF00412,Sathvik Samra,Inspector,ST0064,4024053926,officer412@ksp.gov.in
OFF00413,Ranbir Gara,Sub Inspector,ST0076,8117872949,officer413@ksp.gov.in
OFF00414,Shravya Pradhan,ACP,ST0060,6112243360,officer414@ksp.gov.in
OFF00415,Nathan Divan,Inspector,ST0015,1601431683,officer415@ksp.gov.in
OFF00416,Anika Ray,Head Constable,ST0084,3251350398,officer416@ksp.gov.in
OFF00417,Jackson Andra,Constable,ST0086,4329385610,officer417@ksp.gov.in
OFF00418,Zayyan Mitter,Sub Inspector,ST0026,6339657126,officer418@ksp.gov.in
OFF00419,Kalpit Jha,Constable,ST0018,8248423862,officer419@ksp.gov.in
OFF00420,Wridesh Comar,Head Constable,ST0062,8750627922,officer420@ksp.gov.in
OFF00421,Kashish Prabhakar,Head Constable,ST0092,6738837020,officer421@ksp.gov.in
OFF00422,Aradhana Mitra,Constable,ST0063,7155143698,officer422@ksp.gov.in
OFF00423,Robert Dugar,Sub Inspector,ST0031,5691511957,officer423@ksp.gov.in
OFF00424,Ayush Chowdhury,ACP,ST0043,4675146365,officer424@ksp.gov.in
OFF00425,Bhavika Natt,Inspector,ST0013,7558896547,officer425@ksp.gov.in
OFF00426,Ishaan Ram,Inspector,ST0069,7050518180,officer426@ksp.gov.in
OFF00427,Wyatt Char,Head Constable,ST0015,7992796150,officer427@ksp.gov.in
OFF00428,Lopa Soni,Constable,ST0048,1814731150,officer428@ksp.gov.in
OFF00429,Krish Baral,Inspector,ST0034,9366624583,officer429@ksp.gov.in
OFF00430,Oliver Batta,Inspector,ST0007,0355644625,officer430@ksp.gov.in
OFF00431,Dayita D’Alia,Head Constable,ST0079,4986797263,officer431@ksp.gov.in
OFF00432,Robert Menon,Inspector,ST0012,3855746108,officer432@ksp.gov.in
OFF00433,Zaitra Jha,Inspector,ST0054,6121304141,officer433@ksp.gov.in
OFF00434,Hemani Khare,Inspector,ST0062,4442422903,officer434@ksp.gov.in
OFF00435,Anay Sachar,Head Constable,ST0088,8157662380,officer435@ksp.gov.in
OFF00436,Nisha Kara,Constable,ST0037,1462610944,officer436@ksp.gov.in
OFF00437,Falguni Saran,Constable,ST0052,2068441391,officer437@ksp.gov.in
OFF00438,Urvi Thaman,Constable,ST0059,5759339133,officer438@ksp.gov.in
OFF00439,Faris Kumar,Constable,ST0062,7437020854,officer439@ksp.gov.in
OFF00440,Lucky Badami,Sub Inspector,ST0008,3492510312,officer440@ksp.gov.in
OFF00441,Triveni Brar,Sub Inspector,ST0078,5458858863,officer441@ksp.gov.in
OFF00442,Zayan Sami,ACP,ST0037,9089109406,officer442@ksp.gov.in
OFF00443,Harshil Keer,ACP,ST0003,9007531845,officer443@ksp.gov.in
OFF00444,Indali Sehgal,Constable,ST0050,5551431228,officer444@ksp.gov.in
OFF00445,Charles Arora,Sub Inspector,ST0011,1684235197,officer445@ksp.gov.in
OFF00446,Ikbal Ganesh,Sub Inspector,ST0015,0056015291,officer446@ksp.gov.in
OFF00447,Tanveer Buch,Head Constable,ST0032,6972196914,officer447@ksp.gov.in
OFF00448,Tanvi Natarajan,Inspector,ST0028,0344691311,officer448@ksp.gov.in
OFF00449,Yashodhara Bhagat,Head Constable,ST0005,3015215999,officer449@ksp.gov.in
OFF00450,Daksha Vyas,Inspector,ST0004,2323155535,officer450@ksp.gov.in
OFF00451,Atharv Mishra,Constable,ST0016,3919038707,officer451@ksp.gov.in
OFF00452,Mitali Nagi,ACP,ST0038,3900350924,officer452@ksp.gov.in
OFF00453,Farhan Acharya,Sub Inspector,ST0007,3791829668,officer453@ksp.gov.in
OFF00454,Joshua Hegde,Head Constable,ST0063,0624762253,officer454@ksp.gov.in
OFF00455,Bahadurjit Karnik,ACP,ST0057,3469228088,officer455@ksp.gov.in
OFF00456,Aashi Vala,Inspector,ST0090,6091132072,officer456@ksp.gov.in
OFF00457,Urishilla Bandi,ACP,ST0077,0211567116,officer457@ksp.gov.in
OFF00458,Timothy Sha,Constable,ST0055,8366334832,officer458@ksp.gov.in
OFF00459,Jagvi Chandra,Inspector,ST0067,0744238036,officer459@ksp.gov.in
OFF00460,Lila Thaman,Inspector,ST0027,1220011750,officer460@ksp.gov.in
OFF00461,Falan Goyal,Sub Inspector,ST0086,4397565274,officer461@ksp.gov.in
OFF00462,Harish Virk,Inspector,ST0084,6054663771,officer462@ksp.gov.in
OFF00463,Daniel Kaul,Sub Inspector,ST0015,7487199094,officer463@ksp.gov.in
OFF00464,Anita Ramachandran,ACP,ST0083,5740591742,officer464@ksp.gov.in
OFF00465,Manbir Sama,Inspector,ST0099,6749227751,officer465@ksp.gov.in
OFF00466,Anay Chaudry,ACP,ST0005,3390780924,officer466@ksp.gov.in
OFF00467,Bishakha Malhotra,Head Constable,ST0062,3215385746,officer467@ksp.gov.in
OFF00468,Dhruv Natarajan,Constable,ST0043,9590476605,officer468@ksp.gov.in
OFF00469,Amaira Gill,ACP,ST0045,3946767323,officer469@ksp.gov.in
OFF00470,Yagnesh Lala,Sub Inspector,ST0020,4512752177,officer470@ksp.gov.in
OFF00471,Urishilla Nath,ACP,ST0030,4245743348,officer471@ksp.gov.in
OFF00472,Nicholas Banerjee,Head Constable,ST0086,4898481401,officer472@ksp.gov.in
OFF00473,Baghyawati Virk,Inspector,ST0053,1710928215,officer473@ksp.gov.in
OFF00474,Ati Deshpande,ACP,ST0007,3735164931,officer474@ksp.gov.in
OFF00475,Ganga Korpal,Sub Inspector,ST0076,6038220189,officer475@ksp.gov.in
OFF00476,Maanav Krishnamurthy,ACP,ST0040,9246760391,officer476@ksp.gov.in
OFF00477,Rushil Dixit,Head Constable,ST0061,6645393412,officer477@ksp.gov.in
OFF00478,Sanya Ahuja,ACP,ST0062,7752523909,officer478@ksp.gov.in
OFF00479,Liam Sarin,Constable,ST0057,1935394736,officer479@ksp.gov.in
OFF00480,Dev Vohra,ACP,ST0008,0235684405,officer480@ksp.gov.in
OFF00481,Mugdha Joshi,Inspector,ST0071,1270573831,officer481@ksp.gov.in
OFF00482,Ekantika Master,Inspector,ST0070,9935831100,officer482@ksp.gov.in
OFF00483,Eta Murthy,Inspector,ST0016,0067047306,officer483@ksp.gov.in
OFF00484,Samesh Khatri,ACP,ST0097,7727291149,officer484@ksp.gov.in
OFF00485,Faraj Bhalla,Constable,ST0084,9251879143,officer485@ksp.gov.in
OFF00486,Atharv Seshadri,ACP,ST0084,3411796235,officer486@ksp.gov.in
OFF00487,Michael Sen,Head Constable,ST0045,5519499400,officer487@ksp.gov.in
OFF00488,Vaishnavi Cherian,ACP,ST0007,2237232147,officer488@ksp.gov.in
OFF00489,Nakul Borra,ACP,ST0048,4144547374,officer489@ksp.gov.in
OFF00490,Christopher Bora,ACP,ST0099,4048966411,officer490@ksp.gov.in
OFF00491,Darpan Chowdhury,Inspector,ST0100,1796465327,officer491@ksp.gov.in
OFF00492,Unnati Halder,Inspector,ST0007,6610750565,officer492@ksp.gov.in
OFF00493,Pavani Sahni,Constable,ST0047,4108871595,officer493@ksp.gov.in
OFF00494,Mekhala Nagar,Inspector,ST0013,3195030955,officer494@ksp.gov.in
OFF00495,Girindra Nagi,Sub Inspector,ST0095,0823477368,officer495@ksp.gov.in
OFF00496,Bachittar Mistry,Inspector,ST0046,1541201751,officer496@ksp.gov.in
OFF00497,Arya Lata,Constable,ST0084,8264831435,officer497@ksp.gov.in
OFF00498,Zansi Kari,Inspector,ST0032,3373310124,officer498@ksp.gov.in
OFF00499,Balveer Hari,Sub Inspector,ST0080,9345371687,officer499@ksp.gov.in
OFF00500,Aashi Bahl,ACP,ST0071,6977297306,officer500@ksp.gov.in
