accused_master_id,case_master_id,accused_name,age_year,gender_id,person_id
1,1,Dhriti Sanghvi,39,M,A1
2,1,Omisha Mann,31,M,A2
3,2,Rajata Rattan,32,M,A1
4,3,Warinder Chauhan,21,M,A1
5,4,Diya Dora,27,M,A1
6,4,Ekansh Singh,43,M,A2
7,5,Dakshesh Pillay,40,M,A1
8,6,Yachana Dora,65,M,A1
9,6,Shravya Chauhan,51,M,A2
10,7,Hamsini Ben,34,M,A1
11,7,Dominic Narayan,33,F,A2
12,7,Libni Mander,48,F,A3
13,7,Mason Nath,59,M,A4
14,8,Girik Sampath,70,M,A1
15,10,Noah Sarma,23,M,A1
16,11,Triya Manda,48,M,A1
17,11,Yadavi Wable,43,M,A2
18,12,Anjali Sengupta,52,M,A1
19,12,Rajeshri Chand,47,M,A2
20,13,Kavya Kapur,63,M,A1
21,13,Eiravati Chaudhary,45,M,A2
22,14,Anirudh Kunda,43,M,A1
23,14,Mason Wable,24,M,A2
24,15,Bishakha Sanghvi,30,M,A1
25,15,Ira Khosla,68,M,A2
26,15,Rachit Chada,59,M,A3
27,16,Lila Prakash,42,M,A1
28,17,Varenya Gopal,27,M,A1
29,17,Dev Shankar,53,M,A2
30,17,Chaaya Jaggi,63,M,A3
31,17,Ryan Barman,53,M,A4
32,18,Garima Mahajan,43,M,A1
33,18,Jhalak Sarkar,47,M,A2
34,19,Panini Brar,19,M,A1
35,19,Pranit Memon,62,M,A2
36,20,Radhika Maharaj,62,M,A1
37,20,Falan Ravi,58,M,A2
38,21,Ekalinga Keer,50,M,A1
39,22,Jeevika Rao,62,F,A1
40,24,Idika Bhattacharyya,33,M,A1
41,24,Charita Dugar,45,M,A2
42,25,Jyoti Sibal,43,F,A1
43,25,Gabriel Bhatti,70,M,A2
44,26,Unnati Varughese,28,M,A1
45,26,Kabir Gopal,61,M,A2
46,27,Umang Pal,52,F,A1
47,28,Mitesh Garg,49,M,A1
48,28,Benjamin Balakrishnan,59,M,A2
49,29,Sudiksha Bora,17,M,A1
50,29,Nakul Sarraf,23,M,A2
51,31,Amara Sengupta,55,M,A1
52,32,Yutika Sibal,49,M,A1
53,32,Darika Tank,52,M,A2
54,32,Gautam Ramaswamy,30,F,A3
55,34,Charan Hayer,23,F,A1
56,35,Harinakshi Pau,42,M,A1
57,36,Balvan Devan,58,M,A1
58,37,Chandani Soman,63,M,A1
59,37,Jyoti Narula,40,M,A2
60,37,Omaja Morar,33,M,A3
61,37,Urvi Lanka,24,M,A4
62,38,Omya Doshi,66,F,A1
63,39,Dipta Ghose,32,M,A1
64,40,Chameli Mani,70,M,A1
65,40,Vrinda Nadig,56,M,A2
66,41,Hemani Dhingra,32,M,A1
67,41,Brijesh Mani,62,M,A2
68,42,Wriddhish Kibe,50,M,A1
69,43,Nakul Ray,25,M,A1
70,43,Vansha Iyengar,46,F,A2
71,44,Balhaar Ranganathan,25,M,A1
72,45,Anjali Hans,26,M,A1
73,46,Nidra Sane,65,M,A1
74,47,Advika Rajagopal,38,M,A1
75,48,Jacob Merchant,26,M,A1
76,49,David Tiwari,40,M,A1
77,50,Christopher Setty,23,F,A1
78,50,Yochana Sagar,59,F,A2
79,51,Chakradev Sampath,46,F,A1
80,52,Saumya Purohit,67,M,A1
81,52,Faris Zacharia,17,M,A2
82,54,Ekalinga Chaudhuri,50,M,A1
83,54,Sanya Bava,54,M,A2
84,54,Chaitanya Ratti,63,M,A3
85,54,Vivaan Zacharia,52,M,A4
86,55,Timothy Sachdev,33,M,A1
87,55,Anvi Bhat,47,M,A2
88,56,Charita Puri,40,M,A1
89,57,Lipika Kibe,60,M,A1
90,57,Samar Narayanan,22,M,A2
91,58,Teerth Srinivas,59,M,A1
92,60,Yochana Tank,54,M,A1
93,61,Chakrika Dua,29,M,A1
94,62,Om Pandey,41,F,A1
95,62,Logan Suresh,64,M,A2
96,64,Vinaya Babu,34,M,A1
97,65,Manthan Khosla,26,M,A1
98,66,Girik Ravi,67,M,A1
99,67,Girish Wable,30,M,A1
100,67,Victor Kakar,30,M,A2
101,68,Mitali Bose,63,M,A1
102,69,Chatresh Chaudhari,39,M,A1
103,70,Ishani Prashad,45,M,A1
104,70,Quincy Rai,21,M,A2
105,71,Jalsa Chhabra,42,M,A1
106,72,Saumya Vala,34,M,A1
107,73,Advik Manne,69,M,A1
108,74,Waida Dhingra,36,M,A1
109,75,Warhi Hayre,50,M,A1
110,76,Ekani Iyer,30,M,A1
111,77,Maya Patla,20,M,A1
112,78,Wyatt Krishnan,55,M,A1
113,79,Ikbal Kothari,39,M,A1
114,80,Advaith Chaudhari,60,M,A1
115,81,Hemani Bakshi,63,M,A1
116,82,Raksha Sethi,64,F,A1
117,82,Ekalinga Mital,30,M,A2
118,83,Qarin Grewal,34,M,A1
119,84,Dev Chaudry,47,M,A1
120,85,Tanvi Gera,21,M,A1
121,85,Frado Desai,70,F,A2
122,85,Jacob Khare,21,M,A3
123,85,Jackson Goswami,64,M,A4
124,86,Ojas Suri,57,M,A1
125,87,Nilima Swamy,42,M,A1
126,88,Bhavya Ganguly,42,M,A1
127,89,Chameli Bali,30,M,A1
128,89,Adya Pall,36,M,A2
129,89,Reva Dalal,31,M,A3
130,90,Samuel Bhargava,31,M,A1
131,91,Krishna Sabharwal,53,M,A1
132,91,Aradhana Date,45,M,A2
133,92,Jyoti Sha,30,M,A1
134,92,Falak Agate,33,M,A2
135,93,Bhanumati Nazareth,69,F,A1
136,93,Vedhika Oza,57,M,A2
137,93,Chakradhar Chaudhary,53,M,A3
138,94,Nathan Mahal,41,F,A1
139,94,Jalsa Krishna,65,M,A2
140,94,Kamya Gandhi,45,F,A3
141,94,Meghana Mody,25,M,A4
142,95,Aditya Anand,58,M,A1
143,95,Jai Sami,25,M,A2
144,95,Vanya Bobal,43,M,A3
145,95,Leela Chakraborty,39,M,A4
146,97,Indali Sanghvi,24,M,A1
147,97,Logan Kota,19,M,A2
148,97,Frado Kothari,42,M,A3
149,98,Ekavir Wable,54,M,A1
150,98,Jalsa Nadig,37,M,A2
151,98,Lila Salvi,35,M,A3
152,99,Mitali Toor,49,M,A1
153,99,Yachana Sagar,28,F,A2
154,100,Nachiket Yadav,70,M,A1
155,101,Jack Setty,47,M,A1
156,102,Gautami Sanghvi,35,F,A1
157,102,Devansh Lall,26,M,A2
158,102,Watika Shah,24,M,A3
159,103,Yashodhara Agate,43,M,A1
160,103,Advik Konda,42,M,A2
161,105,Ekapad Shroff,59,M,A1
162,106,Ucchal Pillay,18,F,A1
163,106,Rohan Korpal,47,M,A2
164,107,Hemang Jha,39,M,A1
165,107,Oni Swamy,39,M,A2
166,107,Lucky Mammen,17,M,A3
167,107,Caleb Kata,54,M,A4
168,108,Radhika De,68,M,A1
169,108,Bishakha Lal,36,M,A2
170,109,Shivani Shukla,32,M,A1
171,110,Banjeet Kale,21,M,A1
172,110,Manbir Chand,24,F,A2
173,111,Azaan Ravel,18,F,A1
174,112,Rudra Rattan,34,M,A1
175,113,Garima Das,67,M,A1
176,113,Triya Bedi,29,F,A2
177,113,Rachita Rana,67,M,A3
178,113,Ayushman Raja,36,M,A4
179,114,Manthan Banerjee,45,M,A1
180,115,Leela Devan,27,M,A1
181,115,Ryan Vora,69,M,A2
182,116,Atharv Nagar,66,M,A1
183,116,Ayushman Mand,21,M,A2
184,117,Theodore Rama,30,M,A1
185,118,Baljiwan Chana,51,M,A1
186,119,Peter Naik,42,M,A1
187,120,Nakul Sarkar,67,M,A1
188,120,Edhitha Ghosh,49,F,A2
189,120,Udant Gill,42,M,A3
190,120,Damyanti Menon,59,M,A4
191,121,Idika Nagarajan,63,F,A1
192,122,Libni Sarma,42,M,A1
193,123,Chaitaly Bahri,52,M,A1
194,124,Nitesh Saraf,29,M,A1
195,125,Gopal Bawa,36,M,A1
196,126,Onkar Manne,51,M,A1
197,127,Kamala Raj,24,M,A1
198,127,Rachit Sehgal,16,M,A2
199,127,Adya Sarraf,16,F,A3
200,128,Chandani Brar,48,M,A1
201,129,Jonathan Basak,33,F,A1
202,131,Harrison Mangal,22,M,A1
203,131,Nirja Lalla,54,M,A2
204,132,Meghana Narula,20,M,A1
205,133,Guneet Kari,34,M,A1
206,134,Daksh Varma,39,M,A1
207,135,Dalbir Krish,28,M,A1
208,137,Bhavani Bala,51,M,A1
209,137,Chandran Gaba,62,M,A2
210,138,Zayyan Mody,17,M,A1
211,138,Pallavi Puri,20,F,A2
212,139,Barkha Misra,45,M,A1
213,139,Vasatika Bhatt,69,M,A2
214,140,Netra Nagarajan,59,M,A1
215,140,Atharv Tank,40,M,A2
216,142,Damyanti Salvi,40,M,A1
217,143,Xiti Dar,64,M,A1
218,143,Chanchal Sachdev,21,M,A2
219,144,Dhriti Bhardwaj,51,M,A1
220,145,Netra Sanghvi,62,M,A1
221,147,Bina Shah,67,M,A1
222,147,Radha Desai,25,M,A2
223,149,Aadhya Warrior,16,M,A1
224,149,Chanakya Chokshi,60,M,A2
225,149,Chanakya D’Alia,69,F,A3
226,150,Yasti Dalal,31,M,A1
227,151,Sarthak Srivastava,28,M,A1
228,151,Wahab Agate,23,M,A2
229,152,Owen Baral,68,M,A1
230,153,Girik Pradhan,44,M,A1
231,153,Qadim Comar,34,F,A2
232,154,Nathaniel Chawla,23,M,A1
233,155,Dipta Arora,57,M,A1
234,155,Hamsini Venkataraman,51,M,A2
235,156,Advay Dugar,40,M,A1
236,157,Yashica Kapoor,22,M,A1
237,158,Harshil Raval,27,M,A1
238,158,Balendra Acharya,38,M,A2
239,159,Urvashi Patla,63,M,A1
240,161,Hredhaan Kumar,16,M,A1
241,161,Raghav Dara,61,M,A2
242,162,Jatin Seshadri,55,M,A1
243,163,Kabir Chawla,33,F,A1
244,165,Shaurya Mannan,48,M,A1
245,167,Amara Dyal,65,M,A1
246,167,Zashil Dhingra,62,M,A2
247,167,Chakrika Jani,40,F,A3
248,168,Agastya Krishnamurthy,16,M,A1
249,168,Saanvi Kar,16,F,A2
250,169,Oscar Varkey,38,M,A1
251,169,Krishna Baria,37,M,A2
252,169,Arya Lalla,21,F,A3
253,169,Naveen Kumer,54,M,A4
254,170,Elijah Nadkarni,21,M,A1
255,171,Tanay Narula,54,F,A1
256,172,Barkha Bakshi,63,F,A1
257,173,Gopal Ganesh,46,M,A1
258,173,Dominic Kade,36,M,A2
259,173,Panini Chawla,35,M,A3
260,173,Radhika Bora,38,M,A4
261,174,Pranav Krishnamurthy,51,F,A1
262,174,Vedant Kuruvilla,67,M,A2
263,174,Lipika Seshadri,21,M,A3
264,175,Bimala Mitra,58,M,A1
265,175,Baghyawati Sarma,45,M,A2
266,175,Megha Balasubramanian,50,F,A3
267,177,Zayyan Hari,16,F,A1
268,178,Vidhi Narayanan,39,M,A1
269,179,Damini Dua,38,F,A1
270,179,Diya Sangha,45,M,A2
271,179,Aayush Munshi,68,M,A3
272,179,Timothy Sarin,66,M,A4
273,180,Parth Bumb,53,M,A1
274,180,Logan Yohannan,55,M,A2
275,181,Simon Bansal,42,M,A1
276,181,Urmi Dixit,56,M,A2
277,182,William Gandhi,45,M,A1
278,182,Sanaya Dutta,47,M,A2
279,183,Dev Lalla,36,M,A1
280,184,Harshil Verma,54,M,A1
281,186,Abeer Thaker,58,M,A1
282,186,Ria Gandhi,33,M,A2
283,187,Vasatika Srinivas,57,M,A1
284,187,Shivansh Edwin,45,F,A2
285,187,Anthony Kohli,63,M,A3
286,188,Pranit Varughese,38,M,A1
287,188,Anirudh Mander,61,M,A2
288,190,Lekha Deo,60,F,A1
289,190,Amol Jain,39,M,A2
290,191,Girik Subramaniam,43,M,A1
291,192,Inaya Chaudhari,32,M,A1
292,192,Krish Kumar,51,M,A2
293,194,Hredhaan Dubey,23,M,A1
294,195,Zehaan Mohanty,40,M,A1
295,196,Hamsini Ben,58,M,A1
296,197,Kamala Buch,51,M,A1
297,197,Leena Rattan,32,M,A2
298,198,Omkaar Banik,30,M,A1
299,199,Zarna Aurora,64,M,A1
300,199,Gautam Mane,38,F,A2
301,200,Advika Gill,51,M,A1
302,200,Yashawini Chhabra,44,M,A2
303,201,Saanvi Purohit,58,M,A1
304,203,Girik Rastogi,63,M,A1
305,203,Faqid Gokhale,67,M,A2
306,205,Waida Ahuja,30,M,A1
307,205,Vasatika Prabhu,61,T,A2
308,206,Chatura Vora,61,M,A1
309,207,Diya Anand,20,F,A1
310,207,Shivansh Raghavan,57,M,A2
311,208,Qarin Tara,23,M,A1
312,208,Shivansh Saini,68,F,A2
313,209,Harish Madan,49,M,A1
314,210,Krish Varughese,50,M,A1
315,210,Vidhi Mital,28,M,A2
316,210,Champak Rao,69,M,A3
317,211,Jagvi Kurian,47,M,A1
318,212,Yashvi Sura,64,M,A1
319,212,Farhan Raj,42,F,A2
320,212,Ubika Dhillon,36,M,A3
321,212,Geetika Sama,43,M,A4
322,213,Shravya Sachdev,50,M,A1
323,214,Ojas Ranganathan,64,M,A1
324,214,Girish Bhatt,17,M,A2
325,215,Saanvi Date,46,M,A1
326,216,Peter Shan,31,M,A1
327,216,Dayita Palan,61,M,A2
328,216,Utkarsh Chakraborty,51,F,A3
329,216,Darika Pau,62,M,A4
330,217,Chandani Andra,46,M,A1
331,218,Nihal Ramakrishnan,49,M,A1
332,219,Nitara Guha,69,M,A1
333,220,Anirudh Doshi,48,F,A1
334,220,Anthony Grewal,54,M,A2
335,220,Baghyawati Luthra,57,M,A3
336,221,Devika Tara,62,F,A1
337,221,Ubika Balay,49,M,A2
338,221,Faris Dhingra,58,M,A3
339,221,Amaira Ramanathan,69,M,A4
340,222,Yuvraj Rajan,27,M,A1
341,222,Yug Bandi,52,M,A2
342,223,Jason Kulkarni,18,M,A1
343,223,Chanchal Issac,22,M,A2
344,224,Kamya Chakraborty,26,M,A1
345,225,Reyansh Bail,53,M,A1
346,225,Ishita Desai,54,M,A2
347,226,Ijaya Naik,59,M,A1
348,227,Adya Peri,39,M,A1
349,230,Timothy Bobal,47,M,A1
350,230,Sathvik Swamy,60,M,A2
351,230,Upadhriti Bhat,40,M,A3
352,231,Harrison Kashyap,56,M,A1
353,231,Ranveer Hans,36,M,A2
354,231,Praneel Sagar,50,M,A3
355,233,Keya Kumar,62,M,A1
356,233,Sneha Sem,39,M,A2
357,233,Aadi Banerjee,48,M,A3
358,234,Girindra Barad,46,M,A1
359,234,Ishani Dugal,59,M,A2
360,237,Lavanya Bhagat,44,M,A1
361,238,Sanaya Thaman,20,M,A1
362,239,Mohini Thaker,62,M,A1
363,240,Yatin Kibe,36,M,A1
364,241,Ekani Padmanabhan,20,F,A1
365,241,Dalaja Gara,60,M,A2
366,242,Isaiah Bhagat,20,M,A1
367,243,Shaurya Yogi,70,M,A1
368,243,Samar Virk,24,M,A2
369,244,Ekalinga Rama,23,F,A1
370,245,Vedhika Wali,67,M,A1
371,245,Quincy Issac,39,F,A2
372,246,Naksh Badami,22,M,A1
373,246,Indira Pant,63,M,A2
374,247,Harita Ramaswamy,28,M,A1
375,247,Gagan Raja,68,F,A2
376,247,Omisha Khosla,41,M,A3
377,248,Krishna Sani,49,M,A1
378,249,Anusha Doshi,55,M,A1
379,249,Hredhaan Deep,20,M,A2
380,249,Atharv Loke,42,M,A3
381,249,Vincent Kashyap,46,M,A4
382,250,Urvi Devan,26,F,A1
383,251,Yatin Sane,66,M,A1
384,251,Benjamin Rai,22,M,A2
385,252,Mitali Modi,51,M,A1
386,253,Krishna Ramaswamy,58,M,A1
387,253,Ekiya Seshadri,32,M,A2
388,254,Ishaan Sengupta,40,M,A1
389,254,Frederick Viswanathan,61,M,A2
390,257,Wazir Kalla,51,M,A1
391,257,Sudiksha Rout,39,M,A2
392,259,Pranav Edwin,56,M,A1
393,260,Jyoti Raghavan,30,M,A1
394,260,Prisha Bhattacharyya,20,M,A2
395,260,Urishilla Desai,47,M,A3
396,260,Anvi Narayan,56,M,A4
397,261,Irya Dayal,64,M,A1
398,262,Oeshi Sachdev,34,M,A1
399,263,Ishaan Nath,63,M,A1
400,264,Turvi Sachdev,28,F,A1
401,265,Azaan Nori,63,M,A1
402,266,Gabriel Taneja,42,M,A1
403,266,Kamya Seth,51,M,A2
404,266,Tarak Vohra,60,F,A3
405,267,Harini Sule,66,M,A1
406,267,Falak Dhar,54,F,A2
407,268,Gagan Nath,47,M,A1
408,268,Chakradhar Chauhan,21,F,A2
409,269,Ridhi Dalal,29,M,A1
410,269,Manthan Dugar,21,M,A2
411,270,Deepa Nigam,43,M,A1
412,270,Chandresh De,64,F,A2
413,272,Januja Ramanathan,59,M,A1
414,272,Ganga Nair,55,M,A2
415,273,Ekavir Mittal,62,M,A1
416,273,Nandini Sachdev,44,M,A2
417,273,Yagnesh Dutt,28,M,A3
418,274,Vidhi Contractor,22,F,A1
419,274,Eshana Chatterjee,45,M,A2
420,275,Teerth Dewan,37,M,A1
421,275,Manan Dixit,37,M,A2
422,275,Bishakha Ramakrishnan,47,M,A3
423,275,Rohan Jha,19,M,A4
424,276,Chatresh Acharya,55,M,A1
425,276,Imaran Manda,51,M,A2
426,277,Vaishnavi Dewan,40,M,A1
427,277,Leena Parsa,45,F,A2
428,277,Mitesh Mani,54,M,A3
429,277,Krish Apte,47,M,A4
430,279,Jeevika Bandi,66,M,A1
431,279,Vasudha Pillay,70,M,A2
432,280,Gaurang Korpal,23,T,A1
433,282,Balendra Modi,53,M,A1
434,282,Darsh Solanki,47,F,A2
435,283,Zayyan Deo,44,M,A1
436,283,Anvi Kurian,27,M,A2
437,283,Isaac Ghosh,60,M,A3
438,283,Sanya Pingle,67,F,A4
439,284,Nitara Rajagopal,20,M,A1
440,285,Charles Ganesh,23,M,A1
441,285,Mohini Soni,33,M,A2
442,286,Maanav Wali,41,M,A1
443,287,Anamika Loke,54,M,A1
444,287,Aadhya Raman,52,M,A2
445,288,Nisha Chaudhari,47,M,A1
446,288,Sanaya Panchal,41,M,A2
447,289,Qasim Choudhry,55,M,A1
448,290,Ethan Malhotra,54,M,A1
449,291,Sai Ramaswamy,57,M,A1
450,291,Vyanjana Chopra,44,M,A2
451,292,Sanaya Bahl,66,F,A1
452,292,Manthan Acharya,63,M,A2
453,293,Ekaraj Zachariah,64,M,A1
454,293,Aarush Rajagopalan,40,M,A2
455,294,Bimala Jain,44,M,A1
456,294,Balveer Rajagopalan,41,M,A2
457,294,Chandani Ramakrishnan,45,M,A3
458,295,Vrinda Ramachandran,47,M,A1
459,296,Nidra Dani,30,M,A1
460,296,Tara Yadav,26,F,A2
461,297,Akshay Gera,42,M,A1
462,298,Widisha Kannan,25,M,A1
463,298,Samaksh Sandhu,47,F,A2
464,299,Ojasvi Ganguly,48,M,A1
465,299,Nitesh Sarna,54,M,A2
466,301,Baljiwan Gole,55,M,A1
467,302,Ucchal Joshi,68,M,A1
468,303,Januja Mane,43,M,A1
469,304,Eshana Saini,28,M,A1
470,304,Eshana Karpe,64,M,A2
471,305,Maanav Kalita,55,M,A1
472,306,Anamika Jain,65,M,A1
473,306,Joshua Balay,23,M,A2
474,306,Avni Deshpande,29,M,A3
475,306,Udyati Shanker,21,M,A4
476,307,Tarak Solanki,34,M,A1
477,307,Arya Atwal,41,F,A2
478,307,Yatin Kota,42,F,A3
479,308,Banjeet Singhal,66,M,A1
480,308,Pavani Wali,39,M,A2
481,309,Jagrati Merchant,65,M,A1
482,310,Ucchal Agarwal,28,M,A1
483,311,Christopher Varma,29,M,A1
484,312,William Zacharia,28,M,A1
485,312,Vanya Kadakia,26,M,A2
486,313,Siya Pillai,69,M,A1
487,313,Raghav Shankar,41,M,A2
488,314,Watika Dora,43,M,A1
489,315,Vincent Venkatesh,25,M,A1
490,316,Damini Garg,33,M,A1
491,317,Naveen Wason,47,F,A1
492,317,Qabil Gill,31,M,A2
493,317,Neel Khanna,40,M,A3
494,317,Benjamin Nadig,28,M,A4
495,318,Saumya Zacharia,42,M,A1
496,319,Yashica Narula,67,M,A1
497,319,Urvi Mann,22,M,A2
498,319,Riya Nigam,45,M,A3
499,320,Robert Vyas,49,F,A1
500,320,Arunima Hayre,31,M,A2
501,320,Fiyaz Yohannan,37,M,A3
502,322,Gagan Kale,40,M,A1
503,322,Ojasvi Savant,45,M,A2
504,324,Lakshmi Mann,34,M,A1
505,324,Brijesh Mittal,48,F,A2
506,325,Jeet Mani,39,M,A1
507,325,Praneel Swamy,49,M,A2
508,326,Rajata Kuruvilla,43,M,A1
509,327,Madhav Nagarajan,40,M,A1
510,327,Krishna Parikh,20,M,A2
511,327,Chatresh Mahajan,28,M,A3
512,327,Oni Parekh,37,M,A4
513,328,Janani Char,52,M,A1
514,328,Maanas Arya,54,M,A2
515,328,Zarna Manda,65,M,A3
516,328,Vedhika Sabharwal,41,F,A4
517,329,Ishaan Sahni,43,M,A1
518,329,Faraj Dada,19,M,A2
519,329,Anay Srinivasan,29,M,A3
520,330,Damyanti Dass,45,M,A1
521,330,Kalpit Brar,19,M,A2
522,330,Isaac Brahmbhatt,47,M,A3
523,330,Veda Sankar,41,M,A4
524,331,Advaith Char,70,M,A1
525,331,Samesh Iyengar,18,F,A2
526,331,Indali Balakrishnan,60,M,A3
527,332,Akshay Wadhwa,61,M,A1
528,333,Ladli Samra,41,M,A1
529,333,Yoshita Kari,41,M,A2
530,333,Isaiah Murthy,38,M,A3
531,333,Unnati Choudhary,55,M,A4
532,334,Wakeeta D’Alia,47,M,A1
533,335,Vamakshi Pillai,42,M,A1
534,336,Dhruv Patla,38,M,A1
535,336,Hamsini Iyer,24,F,A2
536,336,Jason Kaul,51,M,A3
537,337,Jason Krishna,30,M,A1
538,337,Widisha Kashyap,31,M,A2
539,338,Chavvi Char,48,F,A1
540,339,Jagat Rajagopal,46,M,A1
541,339,Divya Puri,32,M,A2
542,339,Tripti Banik,39,M,A3
543,340,Vamakshi Dugar,26,M,A1
544,341,Chakradev Dave,64,M,A1
545,341,Ikshita Bala,47,M,A2
546,342,Wahab Muni,66,T,A1
547,342,Dominic Mody,65,M,A2
548,342,Geetika Gara,17,M,A3
549,342,Eshana Barad,35,M,A4
550,343,Vrinda Chaudhry,19,M,A1
551,343,Gayathri Taneja,65,M,A2
552,345,Ekalinga Wali,38,M,A1
553,346,Zayan Varma,26,M,A1
554,346,Pranit Bahl,59,M,A2
555,346,Xalak Kala,16,M,A3
556,346,Amrita Walia,61,F,A4
557,348,Nidra Khare,38,M,A1
558,349,Rajata Sami,56,M,A1
559,349,Saksham Dutta,64,M,A2
560,349,Laban Balakrishnan,23,M,A3
561,349,Arunima Goda,53,M,A4
562,350,Isaac Tella,53,M,A1
563,351,Tejas Dhawan,65,M,A1
564,352,Maanav Patil,69,M,A1
565,352,Jhalak Morar,69,M,A2
566,353,Maya Kumer,53,M,A1
567,353,Gautam Keer,67,M,A2
568,353,Shivansh Dyal,57,M,A3
569,353,Edhitha Ray,34,M,A4
570,354,Osha Narain,43,M,A1
571,354,Ayaan Ben,69,M,A2
572,355,Zaid Varty,70,M,A1
573,356,Frado Sachdeva,52,M,A1
574,357,Adweta Ganguly,22,M,A1
575,357,Nandini Sanghvi,32,M,A2
576,360,Advaith Singh,67,M,A1
577,360,Ekiya Rao,24,T,A2
578,360,Leela Sampath,42,M,A3
579,361,Zehaan Thaman,57,M,A1
580,362,Gaurav Nadig,16,M,A1
581,363,Barkha Lall,32,M,A1
582,364,Abha Gade,46,M,A1
583,365,Manbir Dasgupta,61,M,A1
584,365,Girik Jani,29,M,A2
585,365,Pranit Ganguly,23,M,A3
586,365,Simon Agrawal,23,M,A4
587,366,Mitesh Balakrishnan,27,M,A1
588,367,Siddharth Bava,49,M,A1
589,369,Mitesh Dara,69,M,A1
590,369,Vritti Sankaran,25,M,A2
591,370,Pahal Pillay,17,F,A1
592,370,Radha Sandhu,19,M,A2
593,371,Fiyaz Mannan,16,M,A1
594,372,Chakrika Batta,42,M,A1
595,373,Finn Thakur,27,M,A1
596,374,Harita Grover,44,M,A1
597,375,Agastya Garg,17,M,A1
598,375,Triveni Ravel,67,M,A2
599,375,Chavvi Patel,44,M,A3
600,375,Chasmum Chahal,19,M,A4
601,377,Anthony Dada,37,F,A1
602,377,Michael Saxena,55,F,A2
603,377,Urishilla Bahri,50,M,A3
604,377,Xavier Jaggi,64,M,A4
605,378,Vinaya Ratta,40,M,A1
606,379,Jackson Talwar,16,M,A1
607,379,Saumya Sarin,59,M,A2
608,380,Yashica Kanda,69,M,A1
609,380,Upadhriti Deep,61,M,A2
610,380,Madhavi Saha,16,M,A3
611,381,Vyanjana Chaudhuri,53,M,A1
612,383,Matthew Varma,53,M,A1
613,384,Jacob Jha,45,F,A1
614,384,Naksh Master,18,M,A2
615,384,Yashawini Tara,60,M,A3
616,385,Amaira Pradhan,25,M,A1
617,386,Saanvi Dhingra,39,F,A1
618,387,Balhaar Dora,55,F,A1
619,387,Zinal Merchant,35,M,A2
620,387,Neelima Modi,68,M,A3
621,388,Rudra Mitra,23,M,A1
622,388,Balhaar Yogi,49,M,A2
623,389,Harini Dutta,59,M,A1
624,390,Yashica Pandya,29,M,A1
625,390,Champak Dash,49,M,A2
626,391,Logan Purohit,43,M,A1
627,392,Finn Chanda,29,F,A1
628,393,Aishani Tara,47,M,A1
629,395,Kala Mann,46,M,A1
630,395,Michael Dalal,26,M,A2
631,395,Dalaja Prasad,46,M,A3
632,395,Chaitaly Sunder,67,M,A4
633,396,Jason Palla,34,M,A1
634,396,Chaitanya Sahni,61,M,A2
635,399,Chatresh Vig,44,M,A1
636,399,Vamakshi Thakkar,60,M,A2
637,400,Arin Oak,70,M,A1
638,401,Aadhya Chakraborty,57,M,A1
639,402,Keya Dara,64,F,A1
640,404,Daksha Ray,69,F,A1
641,404,Fiyaz Tella,57,M,A2
642,404,Lucky Prakash,47,M,A3
643,404,Yatan Yogi,32,M,A4
644,406,Neel Walla,47,F,A1
645,407,Anjali Korpal,37,M,A1
646,407,Harita Kade,45,M,A2
647,408,Maya Yohannan,65,M,A1
648,408,Faras Yohannan,18,M,A2
649,408,Sai Dasgupta,36,M,A3
650,409,Turvi Prabhakar,66,M,A1
651,409,Sai Andra,63,M,A2
652,409,Anmol Mand,58,F,A3
653,410,Balhaar Mand,35,M,A1
654,413,Osha Walia,40,M,A1
655,414,Zaid Hegde,22,M,A1
656,414,Forum Mukhopadhyay,44,M,A2
657,416,Dhruv Datta,54,F,A1
658,417,Charles Menon,65,M,A1
659,417,Neelima Char,57,M,A2
660,417,Viraj Anne,38,M,A3
661,418,Yashodhara Kunda,23,M,A1
662,418,Oviya Srivastava,38,M,A2
663,419,Rajata Varghese,54,M,A1
664,419,Deepa Dhingra,63,M,A2
665,420,Pahal Padmanabhan,49,F,A1
666,420,Sai Jaggi,19,M,A2
667,420,Harita Gulati,54,M,A3
668,421,Brijesh Tandon,46,M,A1
669,421,Aarush Kapoor,28,M,A2
670,422,Ethan Parmar,37,M,A1
671,423,Bhanumati Ghosh,68,M,A1
672,423,Adweta Ghosh,47,M,A2
673,423,Yatan Gokhale,61,M,A3
674,424,Dalaja Shan,70,M,A1
675,424,Kala Pradhan,65,M,A2
676,425,Chatresh Mammen,18,M,A1
677,425,Yashoda Suresh,60,M,A2
678,426,Praneel Nagy,64,M,A1
679,426,Vasudha Talwar,43,M,A2
680,426,Amrita Rattan,56,F,A3
681,426,Sarthak Kanda,44,M,A4
682,427,Victor Barman,39,F,A1
683,428,Edhitha Mahajan,64,M,A1
684,430,Lakshit Lal,47,M,A1
685,430,Chandani Manda,69,M,A2
686,431,Triya Oak,19,M,A1
687,431,Dhriti Guha,35,M,A2
688,431,Omisha Kadakia,43,M,A3
689,432,Aditya Tata,40,M,A1
690,433,Eshana Bajaj,68,M,A1
691,433,Liam Dube,35,M,A2
692,433,Mahika Raj,66,F,A3
693,433,Mahika Bhatt,24,M,A4
694,434,Onveer Chawla,52,M,A1
695,435,Suhani Bhandari,64,M,A1
696,435,Zarna Apte,68,M,A2
697,436,Dayita Sankaran,63,M,A1
698,436,Nathan Mukherjee,41,M,A2
699,437,Falguni Swaminathan,40,M,A1
700,437,Turvi Baral,19,M,A2
701,437,Bhavna Shan,54,M,A3
702,437,Chameli Raman,53,M,A4
703,438,Girish Ramaswamy,33,F,A1
704,438,Wriddhish Dugar,62,M,A2
705,439,Nimrat Seshadri,36,M,A1
706,439,Zayyan Johal,17,M,A2
707,441,Logan Sinha,45,M,A1
708,442,Tarak Banerjee,40,M,A1
709,442,Riya Batta,23,M,A2
710,443,Amol Sama,33,M,A1
711,443,Akshay Nazareth,62,M,A2
712,444,Megha Sangha,64,T,A1
713,444,Vincent Kala,62,M,A2
714,445,Thomas Bhatti,47,M,A1
715,446,Zayan Chandran,59,M,A1
716,446,Lipika Deol,20,M,A2
717,446,Parth Nadkarni,60,M,A3
718,448,Fariq Bhasin,65,T,A1
719,449,Falguni Desai,39,M,A1
720,449,Eesha Baral,43,M,A2
721,449,Bhavya Bajwa,45,M,A3
722,450,Dhruv Swamy,24,M,A1
723,451,Pooja Sibal,17,M,A1
724,452,Anita Srivastava,29,M,A1
725,454,Ubika Mohan,27,M,A1
726,454,Bhanumati Prashad,33,M,A2
727,454,Ekbal Nath,30,F,A3
728,455,Megha Prakash,57,M,A1
729,456,Jyoti Bhardwaj,38,F,A1
730,456,Panini Koshy,31,M,A2
731,456,Vanya Banerjee,16,F,A3
732,457,Faris Vasa,54,M,A1
733,457,Pallavi Gandhi,19,M,A2
734,457,Zayyan Mittal,31,F,A3
735,458,Luke Luthra,30,M,A1
736,458,Mitali Morar,52,M,A2
737,458,Om Swamy,58,M,A3
738,459,Krish Hora,40,M,A1
739,460,Daniel Goswami,26,M,A1
740,460,Aashi Rege,29,F,A2
741,462,Keya Venkatesh,40,F,A1
742,462,Vedika Solanki,60,M,A2
743,463,Aarush Shan,66,M,A1
744,463,Liam Bal,16,M,A2
745,463,Ati Kothari,66,M,A3
746,464,Eshana Sawhney,33,M,A1
747,465,Joshua Tank,31,M,A1
748,465,Charvi Sibal,53,M,A2
749,466,Ayush Dyal,21,M,A1
750,466,Leela Mand,68,M,A2
751,466,Aarini Soni,54,M,A3
752,467,Aashi D’Alia,57,M,A1
753,468,Aarav Mukhopadhyay,41,M,A1
754,468,Ranveer Rama,52,F,A2
755,469,Chaman Kanda,50,M,A1
756,469,Tamanna Din,58,M,A2
757,470,Vanya Kale,59,M,A1
758,470,Bishakha Puri,20,M,A2
759,470,Gauri Dua,50,M,A3
760,471,Pahal Solanki,51,M,A1
761,471,Mahika Raman,65,M,A2
762,471,Barkha Mandal,35,M,A3
763,471,Meera Chatterjee,36,M,A4
764,472,Rohan Andra,68,F,A1
765,473,Radha Dixit,30,M,A1
766,474,Sai Pillai,58,F,A1
767,474,Jagdish Dada,24,M,A2
768,474,Jairaj Suresh,32,M,A3
769,476,Dipta Das,25,M,A1
770,476,Kabir Jhaveri,27,M,A2
771,477,Aadi Kothari,20,M,A1
772,479,Kabir Sami,54,M,A1
773,480,Aachal Sandal,17,T,A1
774,481,Radha Raghavan,54,F,A1
775,481,Yug Brahmbhatt,35,M,A2
776,481,Jeet Wali,17,M,A3
777,481,Niharika Bhatti,48,F,A4
778,482,Tristan Radhakrishnan,33,M,A1
779,483,Baghyawati Madan,63,M,A1
780,484,Jonathan Dhar,26,M,A1
781,485,Priya Verma,51,M,A1
782,486,Faraj Khatri,20,M,A1
783,487,Panini Trivedi,23,M,A1
784,487,Varsha Tank,63,M,A2
785,488,Parth Borde,68,M,A1
786,489,Onkar Prakash,17,M,A1
787,489,Hamsini Krish,32,M,A2
788,490,Yutika Banik,25,M,A1
789,491,Irya Chhabra,56,M,A1
790,491,Inaya Grewal,61,M,A2
791,491,Isha Andra,19,M,A3
792,492,Upma Rana,43,M,A1
793,493,Irya Saraf,65,M,A1
794,493,Jagrati Issac,25,F,A2
795,493,Ranveer Mane,24,M,A3
796,494,Varenya Lata,38,F,A1
797,495,Ansh Date,32,F,A1
798,496,Fitan Sanghvi,20,M,A1
799,497,Ranbir Dixit,33,M,A1
800,497,Jai Deo,67,F,A2
801,498,Nikita Vohra,41,M,A1
802,498,Vihaan Kapadia,67,F,A2
803,499,Ekaja Batta,42,F,A1
804,499,Banjeet Acharya,31,M,A2
805,499,Ekanta Kala,62,M,A3
806,500,Isaac Chatterjee,35,M,A1
807,500,Kalpit Narula,54,M,A2
808,502,Urvi Jaggi,31,M,A1
809,503,Anusha Dayal,68,F,A1
810,503,Chakradev Bhat,50,M,A2
811,504,Samuel Gour,29,F,A1
812,505,Udarsh Bath,61,M,A1
813,505,Bishakha Baral,27,M,A2
814,505,Arunima Deol,38,M,A3
815,506,Kiaan Rege,50,M,A1
816,506,Ekta Bhandari,58,M,A2
817,506,Ishani Kanda,31,F,A3
818,507,Radha Pillay,38,M,A1
819,508,Baghyawati Bail,55,M,A1
820,509,Pooja Korpal,33,M,A1
821,509,Neha Chaudhry,63,M,A2
822,509,Advik Chaudhry,39,M,A3
823,509,Leena Bail,34,M,A4
824,510,Liam Srinivasan,53,M,A1
825,512,Arjun Karan,27,M,A1
826,513,Udarsh Chaudry,55,M,A1
827,514,Mason Mitra,60,M,A1
828,514,Ijaya Chawla,42,M,A2
829,515,Sanya Sridhar,50,M,A1
830,516,Panini Srivastava,23,M,A1
831,516,Gauri Devi,23,F,A2
832,517,Gagan Keer,23,M,A1
833,519,Jacob Dhar,32,M,A1
834,519,Atharv Samra,63,F,A2
835,520,Upma Sabharwal,28,M,A1
836,520,Sachi Arya,31,M,A2
837,520,Indrajit Dugal,21,M,A3
838,521,Utkarsh Sampath,61,M,A1
839,523,Dhriti Ravel,28,M,A1
840,524,Baghyawati Gaba,53,M,A1
841,524,Dhruv Kakar,68,M,A2
842,525,Chanakya Murty,38,M,A1
843,526,Kai Chatterjee,49,M,A1
844,526,Nikita Thakur,50,M,A2
845,526,Yadavi Doctor,40,M,A3
846,527,Yachana Varty,24,M,A1
847,528,Falan Dua,33,M,A1
848,529,Chakrika Edwin,23,M,A1
849,529,Ati Patla,53,M,A2
850,529,Gaurav Bobal,18,M,A3
851,529,Triveni Kuruvilla,65,F,A4
852,530,Yauvani Murthy,66,M,A1
853,531,Henry Mannan,59,M,A1
854,532,Hritik Ranganathan,70,M,A1
855,532,Ryan Ratti,55,M,A2
856,533,Arya Sha,27,T,A1
857,534,Siddharth Bajaj,30,M,A1
858,534,Anamika Krishnan,60,M,A2
859,535,Aashi Gour,52,M,A1
860,535,George Sangha,33,M,A2
861,537,Ishaan Ray,57,M,A1
862,537,Aarush Seshadri,19,M,A2
863,537,Shivani Chatterjee,49,M,A3
864,538,Kamala Patla,69,M,A1
865,539,Ishaan Goda,57,M,A1
866,540,Rajeshri Mander,37,M,A1
867,540,Gagan Chawla,68,M,A2
868,541,Yahvi Bali,57,M,A1
869,541,Osha Kakar,40,M,A2
870,542,Udarsh Tripathi,31,M,A1
871,543,Mitesh Prasad,37,M,A1
872,543,Gautami Garde,60,M,A2
873,543,Wyatt Raman,20,M,A3
874,544,Jonathan Thaman,49,M,A1
875,546,Yatan Radhakrishnan,26,M,A1
876,547,Lucky Mandal,51,M,A1
877,548,Faraj Kade,60,M,A1
878,549,Abdul Dutt,34,M,A1
879,549,Jairaj Hans,44,M,A2
880,549,Arin Vasa,65,M,A3
881,550,Vasatika Iyengar,52,M,A1
882,551,Samesh Sura,39,F,A1
883,551,Sanaya Sampath,59,M,A2
884,551,Eiravati Chokshi,47,M,A3
885,551,Pushti Iyengar,62,M,A4
886,552,Quincy Parmar,29,M,A1
887,552,Elijah Kale,57,M,A2
888,553,Ekanta Kaul,18,M,A1
889,554,Ekaja Hora,41,M,A1
890,554,Chandran Tak,45,M,A2
891,554,Chakradhar Maharaj,25,M,A3
892,556,Charvi Maharaj,35,M,A1
893,556,Hiral Ratta,61,M,A2
894,556,Dhriti Tak,55,M,A3
895,556,Maya Misra,50,M,A4
896,557,Ekantika Sarin,17,M,A1
897,558,Daksha Borde,59,M,A1
898,559,Manbir Sachdev,24,M,A1
899,560,Ekanta Subramanian,69,M,A1
900,560,George Lalla,24,M,A2
901,560,Fitan Pandit,20,M,A3
902,561,Raghav Sura,21,M,A1
903,562,Theodore Patla,47,M,A1
904,563,Damyanti Chaudry,62,M,A1
905,564,Sneha Pandey,47,M,A1
906,565,Mekhala Thakkar,21,M,A1
907,567,Zilmil Sant,68,M,A1
908,568,Harrison Majumdar,64,M,A1
909,568,Nidhi Ramanathan,25,M,A2
910,572,Imaran Bath,22,M,A1
911,572,Bina Kari,38,M,A2
912,573,Vidhi Kulkarni,69,M,A1
913,574,Manbir Roy,65,M,A1
914,575,Krishna Chokshi,41,M,A1
915,575,Shivani Vyas,32,M,A2
916,575,Alka Palla,67,M,A3
917,576,Bhavya Choudhary,16,M,A1
918,576,Wishi Din,20,M,A2
919,577,Dhruv Menon,50,M,A1
920,577,Sudiksha Baria,37,M,A2
921,577,Barkha Dasgupta,23,M,A3
922,578,Bhanumati Thakkar,55,M,A1
923,578,Gabriel Madan,16,M,A2
924,578,Ronith Sankaran,57,F,A3
925,578,Bina Kanda,39,M,A4
926,580,Triya Goswami,42,M,A1
927,580,Rajeshri Char,21,M,A2
928,580,Riya Munshi,44,M,A3
929,581,Chasmum Kibe,64,M,A1
930,581,Joshua Memon,52,M,A2
931,582,Anamika Chhabra,30,M,A1
932,584,Jai Venkatesh,65,M,A1
933,584,Yug Jayaraman,68,M,A2
934,584,Urvi Bakshi,29,F,A3
935,584,Mahika Bhakta,49,M,A4
936,585,Anthony Goyal,35,F,A1
937,585,Wridesh Garde,22,M,A2
938,585,Vamakshi Srinivasan,39,M,A3
939,586,Bhanumati Shankar,27,M,A1
940,586,Lopa Apte,22,M,A2
941,587,Nathan Parmar,26,M,A1
942,587,Ikshita Vohra,40,M,A2
943,588,Meera Bir,18,M,A1
944,588,Krisha Sodhi,48,F,A2
945,589,Ekansh Bath,37,M,A1
946,589,Nathan Kata,38,M,A2
947,589,Hitesh Tata,24,M,A3
948,590,Ishwar Barad,49,M,A1
949,590,Riya Prasad,64,M,A2
950,590,Owen Nagi,31,M,A3
951,591,Saksham Edwin,26,M,A1
952,592,Ekbal Oak,38,M,A1
953,593,Farhan Datta,31,F,A1
954,593,Harrison Dalal,16,F,A2
955,594,Ekansh Dugar,37,F,A1
956,594,Falan Warrior,44,M,A2
957,594,Zarna Tella,39,M,A3
958,595,Daniel Dewan,54,M,A1
959,596,Varenya Dayal,53,F,A1
960,596,Benjamin Chawla,46,M,A2
961,597,Andrew Subramaniam,45,F,A1
962,597,Lila Purohit,37,M,A2
963,597,Qushi Sane,22,M,A3
964,597,Jack Sarma,33,M,A4
965,598,Utkarsh Sachar,36,M,A1
966,599,Dipta Palla,63,M,A1
967,600,Ishanvi Kannan,70,M,A1
968,600,Chasmum Peri,47,M,A2
969,601,Laksh Verma,49,M,A1
970,601,Dalaja Kade,53,M,A2
971,601,Kashish Dhar,67,M,A3
972,603,Chaitanya Kapur,34,M,A1
973,604,Tarak Bala,22,M,A1
974,605,Panini Venkataraman,31,M,A1
975,606,Balvan Mahal,61,M,A1
976,606,Amruta Krishna,17,F,A2
977,607,Varsha Kamdar,23,M,A1
978,607,Dalbir Buch,45,M,A2
979,608,Warda Datta,17,F,A1
980,609,Benjamin Kari,16,M,A1
981,610,Ikbal Brahmbhatt,19,F,A1
982,610,Isaiah Vaidya,64,M,A2
983,611,Eta Parsa,37,M,A1
984,612,Atharv Cherian,50,M,A1
985,612,Dhriti Vaidya,59,M,A2
986,612,Tanveer Radhakrishnan,30,M,A3
987,612,Mason Raj,24,M,A4
988,613,Edhitha Luthra,59,M,A1
989,614,Sai Rout,19,M,A1
990,615,Jeremiah Yogi,61,M,A1
991,616,Oviya Tiwari,56,F,A1
992,616,Warda Hora,36,M,A2
993,616,Sudiksha Aurora,20,M,A3
994,616,Jai Sahota,29,M,A4
995,617,Pahal Pandya,55,F,A1
996,617,Neelima Khurana,49,M,A2
997,617,Jagat Nayar,54,F,A3
998,618,Krish Goswami,61,F,A1
999,618,Max Amble,69,M,A2
1000,619,Wakeeta Om,21,F,A1
1001,620,Benjamin Kade,25,M,A1
1002,621,Hitesh Kata,27,M,A1
1003,622,Abeer Suresh,57,M,A1
1004,623,Wakeeta Lall,48,M,A1
1005,626,Aarush Saraf,50,M,A1
1006,626,Vritti Joshi,65,M,A2
1007,627,Brinda Sundaram,44,M,A1
1008,627,Manya Parikh,25,M,A2
1009,628,Mitali Dave,52,M,A1
1010,628,Vrinda Sabharwal,41,M,A2
1011,628,Ayush Mannan,31,M,A3
1012,629,Chatura Loyal,34,M,A1
1013,630,Imaran Narayan,69,M,A1
1014,630,Anmol Bail,67,F,A2
1015,631,Veer Mannan,35,M,A1
1016,632,Brijesh Dugar,17,M,A1
1017,634,Samaksh Chaudhry,20,M,A1
1018,635,Yashawini Konda,34,M,A1
1019,636,Sanya Pingle,63,M,A1
1020,636,Ikbal Mukhopadhyay,57,M,A2
1021,637,Daniel Tak,17,M,A1
1022,639,Henry Sandal,55,M,A1
1023,639,Keya Datta,59,M,A2
1024,639,Neel Venkatesh,61,M,A3
1025,640,Logan Sahota,36,F,A1
1026,641,Bina Virk,26,F,A1
1027,641,Kamya Venkataraman,36,M,A2
1028,641,Urmi Shere,55,M,A3
1029,642,Ekalinga Ahluwalia,23,M,A1
1030,643,Inaya Kara,41,F,A1
1031,643,Akshay Hans,45,M,A2
1032,644,Tarak Mammen,64,F,A1
1033,644,Adya Chaudry,50,M,A2
1034,644,Leela Narayanan,27,M,A3
1035,644,Urvashi Kadakia,24,M,A4
1036,645,Yasti Sarraf,24,M,A1
1037,647,Vrishti Krishna,23,M,A1
1038,647,Radhika Pall,26,M,A2
1039,649,Falguni Chandra,70,M,A1
1040,649,Zehaan Thakkar,59,M,A2
1041,650,Balvan Pingle,70,M,A1
1042,651,Gunbir Mall,33,M,A1
1043,651,Anay Natarajan,18,M,A2
1044,652,Amara Chacko,67,M,A1
1045,653,Unnati Chadha,65,M,A1
1046,654,Rayaan Deo,66,M,A1
1047,655,Anjali Iyengar,37,M,A1
1048,655,Chakrika Lad,19,M,A2
1049,655,Aishani Chanda,42,M,A3
1050,656,Radha Palan,18,M,A1
1051,656,Sarthak Oommen,45,M,A2
1052,657,Advika Balay,17,M,A1
1053,658,Henry Parmer,63,F,A1
1054,659,Unni Grewal,24,M,A1
1055,659,Reva Shan,25,F,A2
1056,661,Charita Viswanathan,40,M,A1
1057,662,Noah Sharma,30,F,A1
1058,663,Gautam Konda,47,M,A1
1059,664,Krisha Sheth,44,M,A1
1060,665,Ekbal Palan,47,M,A1
1061,665,Avi Kapadia,24,M,A2
1062,666,Xalak Guha,67,M,A1
1063,667,Zansi Cherian,49,M,A1
1064,667,Fitan Pal,34,M,A2
1065,667,Nidhi Arora,31,M,A3
1066,669,Isaac Gola,49,M,A1
1067,669,Leela Buch,24,M,A2
1068,670,Kala Krishnan,27,M,A1
1069,670,Geetika Minhas,49,M,A2
1070,671,Isaac Parikh,68,M,A1
1071,671,Meghana Kothari,51,M,A2
1072,672,Yagnesh Viswanathan,32,M,A1
1073,672,Banjeet Bose,43,M,A2
1074,672,Kashish Barad,30,M,A3
1075,672,Harrison Raja,61,M,A4
1076,673,Jackson Handa,51,M,A1
1077,674,Anjali Ahluwalia,44,M,A1
1078,674,Sarthak Bahl,48,M,A2
1079,675,Umang Badami,18,M,A1
1080,675,Timothy Bhatt,58,M,A2
1081,675,Triveni Salvi,56,M,A3
1082,676,Wishi Kade,34,F,A1
1083,676,Madhavi Kumer,46,M,A2
1084,677,Divya Seth,54,M,A1
1085,677,Ayushman Dugal,50,M,A2
1086,678,Meghana Kamdar,26,M,A1
1087,679,Indira Kalla,47,F,A1
1088,680,Ucchal Mangat,53,M,A1
1089,680,Naksh Goel,20,M,A2
1090,681,Nirja Gulati,29,M,A1
1091,682,Lopa Vaidya,16,M,A1
1092,683,Dhruv Balasubramanian,70,F,A1
1093,683,Triya Sharaf,70,T,A2
1094,684,Ekaraj Amble,39,M,A1
1095,685,Jai Walla,67,M,A1
1096,686,Priya Dash,36,M,A1
1097,686,Madhav Lala,30,M,A2
1098,687,Forum Borah,61,M,A1
1099,687,Vyanjana Konda,41,M,A2
1100,687,Hema Merchant,52,T,A3
1101,688,Damyanti Dutt,65,M,A1
1102,689,Manbir Arora,42,M,A1
1103,689,Januja Trivedi,25,M,A2
1104,690,Omkaar Vohra,19,F,A1
1105,691,Mason Mall,40,M,A1
1106,691,Ronith Parikh,32,M,A2
1107,691,Tripti Arora,39,F,A3
1108,692,Yash Kunda,30,M,A1
1109,693,Kevin Virk,57,M,A1
1110,693,Darsh Johal,64,F,A2
1111,693,Yagnesh Sood,59,M,A3
1112,694,Tanveer Sur,49,F,A1
1113,694,Aditya Sani,59,M,A2
1114,697,Rachana Modi,62,F,A1
1115,698,Ekaja Wali,29,M,A1
1116,699,Naksh Nanda,48,M,A1
1117,699,Omaja Luthra,26,M,A2
1118,700,Omisha Ahluwalia,63,F,A1
1119,701,Samaksh Joshi,36,M,A1
1120,702,Anusha Chhabra,50,M,A1
1121,702,Xavier Dyal,48,M,A2
1122,703,Harrison Bhalla,44,M,A1
1123,704,Odika Doshi,62,F,A1
1124,705,Dipta Patel,69,M,A1
1125,705,Tanish Gour,43,M,A2
1126,706,Jagdish Roy,45,M,A1
1127,707,Vyanjana Mandal,66,M,A1
1128,707,Ekalinga Borra,46,M,A2
1129,708,Siya Doshi,69,M,A1
1130,708,Elijah Gopal,34,M,A2
1131,709,Madhavi Bahl,49,M,A1
1132,710,Michael Gulati,23,M,A1
1133,711,Ekapad Narang,54,M,A1
1134,711,Victor Joshi,39,M,A2
1135,712,Sachi Joshi,17,M,A1
1136,712,Chandran Sekhon,64,M,A2
1137,713,Nicholas Kadakia,44,M,A1
1138,713,Vrinda Parmar,44,M,A2
1139,714,Tanmayi Babu,66,M,A1
1140,715,Dhruv Saraf,31,M,A1
1141,716,Peter Andra,49,M,A1
1142,717,Nakul Saini,42,F,A1
1143,717,Owen Venkataraman,47,M,A2
1144,719,George Saini,57,M,A1
1145,720,Aarini Dave,63,M,A1
1146,720,Jasmit Char,38,M,A2
1147,720,Waida Hayre,67,M,A3
1148,720,Theodore Varma,33,F,A4
1149,721,Qasim Mitra,41,M,A1
1150,722,Lekha Bava,33,M,A1
1151,722,Qabil Atwal,66,F,A2
1152,723,Sudiksha Lall,57,M,A1
1153,724,Dev Pau,57,M,A1
1154,725,Idika Mohanty,48,F,A1
1155,725,Rajata Butala,67,M,A2
1156,726,Kavya Dutt,19,M,A1
1157,726,Noah Kara,39,M,A2
1158,727,Ekanta Deshpande,17,M,A1
1159,728,Vasana Dyal,47,M,A1
1160,729,Ekavir Kara,16,M,A1
1161,729,Logan Ratti,64,M,A2
1162,730,Harshil Sinha,39,M,A1
1163,732,Warda Sankaran,69,M,A1
1164,732,Dakshesh Cheema,43,M,A2
1165,732,Anya Krishnamurthy,23,M,A3
1166,732,Oni Krishnamurthy,51,F,A4
1167,733,Vinaya Prashad,64,M,A1
1168,734,Balveer Palan,44,M,A1
1169,735,Nitara Balakrishnan,36,M,A1
1170,735,Zehaan Parmer,59,M,A2
1171,736,Ekanta Rattan,66,M,A1
1172,736,Orinder Tata,58,M,A2
1173,737,Samaksh Lanka,70,M,A1
1174,738,Amol Choudhury,21,M,A1
1175,739,Adya Dhingra,67,M,A1
1176,739,Irya Ranganathan,20,M,A2
1177,739,Lekha Chawla,47,M,A3
1178,739,Fitan Naik,39,M,A4
1179,740,Upkaar Sarraf,31,F,A1
1180,740,Maanav Arora,25,M,A2
1181,740,Yagnesh Bail,31,M,A3
1182,740,Reva Sachdeva,24,M,A4
1183,741,Ekanta Koshy,34,M,A1
1184,742,Chatresh Sharma,22,M,A1
1185,742,Widisha Sarin,30,M,A2
1186,743,Anya Krishnan,40,M,A1
1187,744,Yashoda Ray,68,M,A1
1188,744,Divya Ahuja,63,M,A2
1189,744,Ishita Dar,28,F,A3
1190,745,Girindra Raval,67,M,A1
1191,745,Nikita Raj,60,M,A2
1192,745,Lakshit Oza,45,M,A3
1193,745,Gopal Mukhopadhyay,70,M,A4
1194,746,Indali Bumb,62,M,A1
1195,747,Aarav Wadhwa,29,M,A1
1196,748,Qabil Wason,44,M,A1
1197,749,Azaan Barad,53,M,A1
1198,750,Mohammed Nazareth,22,F,A1
1199,750,Lopa Sem,67,M,A2
1200,750,Dominic Nigam,50,F,A3
1201,750,Jasmit Dhaliwal,55,M,A4
1202,752,Krishna Butala,26,M,A1
1203,752,Arjun Swamy,22,M,A2
1204,752,Ekanta Sule,41,M,A3
1205,753,Chanakya Warrior,23,M,A1
1206,754,Yashoda Prabhakar,23,M,A1
1207,754,Tanish Chaudhary,40,M,A2
1208,755,Peter Ramakrishnan,65,M,A1
1209,755,Kamya Ratti,24,M,A2
1210,756,Arunima Gupta,19,M,A1
1211,756,Zehaan Anne,69,M,A2
1212,756,Benjamin Sen,18,F,A3
1213,758,Widisha Iyer,16,M,A1
1214,759,Baljiwan Rama,22,M,A1
1215,759,Fiyaz Bir,42,M,A2
1216,760,Eesha Bassi,68,M,A1
1217,760,Michael Om,62,M,A2
1218,760,Parth Palla,30,M,A3
1219,761,Ridhi Boase,39,M,A1
1220,762,Omkaar Nagy,29,M,A1
1221,763,Anmol Soni,61,M,A1
1222,763,Barkha Ram,70,M,A2
1223,764,Naveen Pillai,47,M,A1
1224,765,Sathvik Ravi,37,M,A1
1225,766,Kiaan Wagle,33,M,A1
1226,766,Yatan Kalla,17,F,A2
1227,767,Upma Chopra,66,M,A1
1228,768,Samuel Raju,68,M,A1
1229,769,Kalpit Sur,17,M,A1
1230,769,Balendra Chatterjee,17,M,A2
1231,769,Frederick Bail,47,M,A3
1232,770,Janani Mutti,36,M,A1
1233,770,Vaishnavi Nigam,25,M,A2
1234,771,Zaid Comar,65,F,A1
1235,774,Ronith Nagi,34,M,A1
1236,774,Fiyaz Pant,58,M,A2
1237,775,Charles Khare,49,F,A1
1238,775,Adya Sen,24,M,A2
1239,775,Geetika Baria,42,M,A3
1240,775,Tara Buch,66,M,A4
1241,777,Hiral Lal,17,M,A1
1242,778,Dhruv Dube,43,M,A1
1243,778,Gagan Borra,38,M,A2
1244,779,Ryan Bumb,40,M,A1
1245,780,Reyansh Soni,52,M,A1
1246,781,Jatin Borra,17,M,A1
1247,782,Zayan Manda,40,M,A1
1248,783,Gaurang Nagar,20,M,A1
1249,784,Ira Rout,60,M,A1
1250,785,Aryan Dewan,47,M,A1
1251,786,Girish Babu,50,M,A1
1252,787,Arunima Kari,52,F,A1
1253,787,Vidhi Tata,28,M,A2
1254,787,Radhika Dutta,45,M,A3
1255,787,Darpan Pandit,21,M,A4
1256,789,Kala Solanki,62,M,A1
1257,790,Veer Khalsa,60,M,A1
1258,792,Ekaja Sundaram,41,F,A1
1259,792,Ryan Guha,62,M,A2
1260,792,Chakrika Bhat,54,M,A3
1261,792,Yamini Mandal,16,M,A4
1262,793,Udyati Divan,19,M,A1
1263,793,Lavanya Dugar,29,M,A2
1264,794,Ekantika Badal,36,F,A1
1265,795,Atharv Saraf,38,M,A1
1266,797,Omaja Randhawa,29,M,A1
1267,797,Gaurav Johal,48,M,A2
1268,798,Brijesh Basak,38,M,A1
1269,799,Ekansh Baria,57,M,A1
1270,801,Rohan Narain,63,M,A1
1271,801,Maya Dar,45,M,A2
1272,801,Siya Balakrishnan,37,M,A3
1273,801,Yauvani Ravi,29,M,A4
1274,802,Jalsa Sheth,61,M,A1
1275,802,Victor Krishnan,32,M,A2
1276,803,Bhavika Kothari,35,M,A1
1277,803,Hredhaan Acharya,59,M,A2
1278,806,Anjali Madan,59,M,A1
1279,807,Rachana Shroff,35,M,A1
1280,807,Parth Arya,26,M,A2
1281,807,Dev Mand,58,M,A3
1282,807,Varenya Jain,28,M,A4
1283,808,Champak Mangat,54,M,A1
1284,808,Gaurang Pillai,62,M,A2
1285,809,Owen Ratti,61,M,A1
1286,810,Unnati Seshadri,55,M,A1
1287,811,Aayush Kumar,24,M,A1
1288,812,Nikita Cherian,21,M,A1
1289,813,Wyatt Ravi,44,M,A1
1290,813,Shaurya Char,32,M,A2
1291,814,Sneha Dani,37,M,A1
1292,815,Azad Tata,17,F,A1
1293,815,Indali Balasubramanian,36,M,A2
1294,815,Urvashi Rajagopal,67,M,A3
1295,816,Zayyan Chanda,37,F,A1
1296,818,Yadavi Golla,17,M,A1
1297,819,Nicholas Baral,17,M,A1
1298,820,Lila Goda,60,M,A1
1299,820,Caleb Mittal,38,M,A2
1300,820,Udant Oak,62,M,A3
1301,821,Jeevika Sani,45,M,A1
1302,821,Jyoti Cherian,27,M,A2
1303,821,Urvi Bandi,19,M,A3
1304,822,Yashica Kohli,17,M,A1
1305,822,Jai Bajwa,39,M,A2
1306,824,Aditya Mitter,59,M,A1
1307,824,Ekaja Kohli,41,M,A2
1308,824,Tanay Gulati,48,M,A3
1309,824,Vanya Srinivas,38,M,A4
1310,825,Nitesh Koshy,56,M,A1
1311,825,Janaki Kar,42,M,A2
1312,825,Niharika Bhasin,21,M,A3
1313,826,Shivani Kar,27,M,A1
1314,826,Varenya Upadhyay,42,M,A2
1315,827,Azaan Sahni,64,M,A1
1316,828,Eta Morar,57,M,A1
1317,829,Zayan Loyal,24,M,A1
1318,829,Bhavya Varghese,65,M,A2
1319,830,Raghav Dewan,69,M,A1
1320,831,Samesh Nazareth,61,M,A1
1321,832,Krisha Ramaswamy,44,M,A1
1322,834,Pratyush Das,22,M,A1
1323,835,Advaith Choudhury,70,M,A1
1324,836,Arin Nadig,46,M,A1
1325,836,Onveer Rajagopal,35,M,A2
1326,836,Anay Dyal,51,M,A3
1327,837,Oscar Kannan,52,M,A1
1328,838,Finn Rege,19,M,A1
1329,838,Saanvi Doctor,64,F,A2
1330,839,Yashica Rama,56,M,A1
1331,839,Samesh Pradhan,28,M,A2
1332,839,Faras Purohit,16,M,A3
1333,840,Anthony Ramachandran,22,F,A1
1334,840,Jagvi Raj,39,M,A2
1335,840,Vritti Sarin,39,M,A3
1336,841,Zansi Wali,40,M,A1
1337,842,Lucky Sarin,67,M,A1
1338,843,Patrick Mani,20,M,A1
1339,843,Pallavi Ganesh,22,M,A2
1340,844,Yatan Anand,65,M,A1
1341,844,Onveer Magar,28,M,A2
1342,844,Xiti Thaman,63,M,A3
1343,845,Parth Choudhary,20,M,A1
1344,845,Neel Basak,57,M,A2
1345,845,Krishna Deshpande,48,M,A3
1346,846,Ojas Thakur,59,M,A1
1347,846,Jonathan Bansal,46,M,A2
1348,846,Ethan Pillai,38,M,A3
1349,847,Arjun Murty,46,M,A1
1350,847,Rushil Babu,32,M,A2
1351,848,Reva Krishnan,32,M,A1
1352,848,Mohini Shukla,16,M,A2
1353,849,Udyati Raju,55,M,A1
1354,852,Zansi Dasgupta,65,M,A1
1355,853,Ronith Chander,33,M,A1
1356,853,Anya Ramesh,16,M,A2
1357,853,Benjamin Basu,63,M,A3
1358,854,Aadi Bhatti,51,M,A1
1359,855,Eta Vyas,16,M,A1
1360,856,Manbir Kapoor,46,M,A1
1361,857,Chandani Bumb,33,M,A1
1362,857,Nicholas Srivastava,57,M,A2
1363,858,Urvashi Balasubramanian,63,M,A1
1364,859,Tanish Ravi,53,F,A1
1365,859,Wahab Mangat,44,M,A2
1366,859,Nitesh Nayar,39,M,A3
1367,860,Waida Chanda,55,M,A1
1368,861,Ganga Chaudhry,68,M,A1
1369,862,Dhruv Shere,69,M,A1
1370,862,Nakul Varma,60,M,A2
1371,863,Jagrati Upadhyay,25,F,A1
1372,864,Mohammed Bansal,52,M,A1
1373,865,Gaurangi Nagarajan,37,M,A1
1374,866,Mahika Handa,17,M,A1
1375,866,Dominic Bawa,27,F,A2
1376,867,Pahal Murty,63,F,A1
1377,868,Wriddhish Varghese,35,M,A1
1378,869,Aarnav Cheema,63,F,A1
1379,870,Radhika Baral,59,M,A1
1380,871,Nikita Bhatnagar,53,M,A1
1381,872,Charita Barad,63,M,A1
1382,874,Sai Atwal,46,F,A1
1383,874,Fariq Narasimhan,64,M,A2
1384,876,Praneel Comar,53,M,A1
1385,877,Arunima Chacko,54,T,A1
1386,878,Madhav Oommen,38,M,A1
1387,878,Rishi Srinivas,54,M,A2
1388,878,Ayushman Oak,35,M,A3
1389,879,Warda Shankar,31,F,A1
1390,879,Ekanta Pillay,30,M,A2
1391,880,Abhimanyu Murty,33,M,A1
1392,880,Frederick Desai,53,M,A2
1393,881,Chaaya Barad,33,M,A1
1394,882,Januja Borde,39,M,A1
1395,884,Farhan Kata,44,M,A1
1396,884,Aradhana Mukhopadhyay,54,M,A2
1397,885,Amruta Ben,53,M,A1
1398,885,Ekapad Chandra,70,M,A2
1399,886,Finn Natt,31,M,A1
1400,887,Nikita Ahluwalia,43,M,A1
1401,888,Reyansh Wable,68,M,A1
1402,889,Widisha Agarwal,21,M,A1
1403,889,Nidra Halder,39,M,A2
1404,889,Kabir Gour,43,M,A3
1405,891,Jatin Pillay,52,M,A1
1406,892,Raghav Kibe,41,M,A1
1407,893,Samar Sachdev,58,M,A1
1408,895,Naveen Srinivasan,24,F,A1
1409,896,Amrita Prabhakar,62,M,A1
1410,897,Zayyan Konda,18,M,A1
1411,897,Watika Wadhwa,41,M,A2
1412,898,Rishi Grover,65,F,A1
1413,899,Urishilla Khosla,31,M,A1
1414,899,Waida Kari,42,M,A2
1415,900,Tejas Prabhakar,54,F,A1
1416,900,Balhaar Kunda,25,M,A2
1417,901,Zashil Yadav,54,M,A1
1418,902,Arunima Acharya,16,M,A1
1419,902,Ikshita Parikh,29,M,A2
1420,903,Praneel Hayre,23,M,A1
1421,903,Rudra Deo,53,M,A2
1422,904,Samarth Peri,63,M,A1
1423,905,Parth Salvi,20,M,A1
1424,908,Nidra Merchant,34,M,A1
1425,908,Udyati Chand,20,M,A2
1426,908,Jonathan Bhagat,43,F,A3
1427,908,Isaiah Srinivas,32,M,A4
1428,909,Wyatt Yohannan,44,M,A1
1429,909,Harinakshi Vohra,19,M,A2
1430,910,Thomas Chakraborty,63,M,A1
1431,910,Riya Bora,26,M,A2
1432,911,Arjun Balasubramanian,58,M,A1
1433,912,Dakshesh Bal,47,M,A1
1434,913,Manbir Zacharia,27,M,A1
1435,913,Bhavna Swaminathan,45,M,A2
1436,914,Chandran Agate,49,M,A1
1437,914,Yatan Purohit,61,F,A2
1438,915,Jason Keer,50,M,A1
1439,916,Keya Barman,32,M,A1
1440,916,Upma Bera,22,M,A2
1441,916,Sarthak Khosla,65,M,A3
1442,917,Jason Ramanathan,41,M,A1
1443,917,Jeet Wadhwa,30,M,A2
1444,918,Mohammed Bhatti,67,M,A1
1445,919,Raagini Kala,50,M,A1
1446,920,Rachit Rau,17,M,A1
1447,920,Jyoti Oak,32,F,A2
1448,920,Chaaya Handa,21,M,A3
1449,920,Frado Singhal,18,M,A4
1450,921,Upkaar Chopra,26,M,A1
1451,922,Baljiwan Mann,19,M,A1
1452,923,Harsh Chana,70,M,A1
1453,924,Tarak Desai,41,M,A1
1454,924,Ekantika Kara,60,M,A2
1455,925,Advaith Goyal,70,M,A1
1456,925,Avi Balan,19,M,A2
1457,925,Gaurika Sachdeva,39,T,A3
1458,926,Bhanumati Dar,49,M,A1
1459,927,Ikbal Zacharia,69,M,A1
1460,928,Nakul Kale,18,M,A1
1461,929,Aadhya Bansal,32,M,A1
1462,929,Kalpit Venkatesh,38,M,A2
1463,929,Brijesh Peri,22,F,A3
1464,930,Kabir Sandhu,21,T,A1
1465,930,Brijesh Hans,52,M,A2
1466,931,Libni Dube,30,M,A1
1467,932,Qushi Upadhyay,30,F,A1
1468,933,Wyatt Modi,16,M,A1
1469,934,Chatresh Chaudry,64,M,A1
1470,934,Siya Badami,47,M,A2
1471,936,Leena Kothari,42,F,A1
1472,937,Hritik Goyal,41,M,A1
1473,937,Chaitaly Dhaliwal,22,M,A2
1474,938,Omisha Balasubramanian,51,M,A1
1475,938,Owen Kalita,35,M,A2
1476,938,Vedant Venkatesh,23,M,A3
1477,939,Nikita Dalal,22,M,A1
1478,940,Lavanya Radhakrishnan,67,F,A1
1479,941,Gayathri Dara,56,M,A1
1480,941,Rehaan Loke,40,M,A2
1481,941,Manthan Khosla,34,M,A3
1482,941,Yashodhara Magar,31,F,A4
1483,942,Yahvi Jaggi,36,F,A1
1484,942,Finn Hans,66,M,A2
1485,943,Chaaya Bora,32,M,A1
1486,944,Anay Tandon,52,F,A1
1487,945,Kalpit Devan,53,M,A1
1488,946,Ekalinga Hayer,55,M,A1
1489,947,Nandini Chopra,25,M,A1
1490,947,Fariq Shetty,70,M,A2
1491,947,Samarth Gala,45,M,A3
1492,947,Farhan Gade,54,M,A4
1493,949,Meghana Menon,56,M,A1
1494,949,Girindra Sankar,30,M,A2
1495,950,Lucky Sheth,30,M,A1
1496,952,Vincent Zacharia,27,M,A1
1497,952,Ishwar Varma,43,F,A2
1498,953,Jagat Setty,41,M,A1
1499,954,Udarsh Palla,52,F,A1
1500,954,Nathaniel Chadha,18,M,A2
1501,954,Jasmit Aurora,19,M,A3
1502,955,Mitali Shan,54,M,A1
1503,956,Yashica Manne,47,M,A1
1504,957,Siya Tripathi,24,M,A1
1505,957,Balendra Sastry,48,M,A2
1506,958,Atharv Seth,20,F,A1
1507,958,Lajita Brahmbhatt,31,M,A2
1508,959,Wakeeta Barad,61,M,A1
1509,959,Aadi Rastogi,64,F,A2
1510,959,Wazir Pillay,28,M,A3
1511,959,Amruta Balan,37,M,A4
1512,960,Hema Prasad,44,F,A1
1513,960,Zayan Gopal,50,M,A2
1514,960,Triveni Ramesh,47,F,A3
1515,960,Logan Pandit,39,M,A4
1516,961,Nitesh Lad,69,F,A1
1517,961,Falak Grover,54,M,A2
1518,961,Vasudha Gokhale,62,M,A3
1519,962,Yamini Cherian,64,M,A1
1520,962,Kala Pau,27,M,A2
1521,962,Vrishti Venkataraman,58,M,A3
1522,962,Libni Nair,33,M,A4
1523,963,Isaiah Srivastava,55,M,A1
1524,963,Nitesh Batta,41,M,A2
1525,963,Gauri Keer,59,M,A3
1526,964,Eshana Memon,62,M,A1
1527,964,Hritik Narain,31,M,A2
1528,965,Vamakshi Vohra,57,M,A1
1529,965,Wazir Sandhu,38,F,A2
1530,966,Peter Shan,48,M,A1
1531,968,Ati Misra,40,M,A1
1532,968,Lakshit Tailor,67,M,A2
1533,969,Bhavna Gokhale,45,M,A1
1534,970,Laban Ahuja,51,M,A1
1535,971,Sathvik Ahluwalia,33,M,A1
1536,972,Zinal Vohra,30,M,A1
1537,972,Libni Swaminathan,31,M,A2
1538,972,Xalak Kapadia,25,M,A3
1539,972,Saumya Sastry,29,M,A4
1540,973,Ekaraj Vora,45,M,A1
1541,973,Oscar Cherian,17,M,A2
1542,973,Ranveer Bhatnagar,39,M,A3
1543,973,Ryan Dhar,24,M,A4
1544,974,Samar Sheth,40,M,A1
1545,974,Arjun Walia,26,M,A2
1546,975,Ekani Lad,57,M,A1
1547,976,Manya Bera,27,M,A1
1548,976,Ria Dara,66,M,A2
1549,976,Parth Bhatnagar,47,T,A3
1550,977,Tanish Sabharwal,24,M,A1
1551,978,Omisha Das,57,M,A1
1552,979,Zehaan Tara,36,F,A1
1553,980,Garima Koshy,54,M,A1
1554,981,Guneet Desai,16,M,A1
1555,982,Ikshita Kade,66,F,A1
1556,982,Yoshita Parikh,16,M,A2
1557,983,Lipika Bumb,24,M,A1
1558,984,Ijaya Bajwa,35,F,A1
1559,984,Chavvi Issac,47,M,A2
1560,985,Xalak Chander,38,M,A1
1561,985,Maanav Rao,37,F,A2
1562,986,Jack Chowdhury,54,M,A1
1563,987,Tanish Bansal,35,M,A1
1564,987,Reyansh Sankar,61,M,A2
1565,987,Geetika Joshi,70,M,A3
1566,988,Krish Doctor,36,M,A1
1567,988,Keya Dave,64,M,A2
1568,988,Rishi Peri,67,F,A3
1569,988,Lajita Bhatti,32,M,A4
1570,989,Veer Setty,45,M,A1
1571,989,Lucky Majumdar,26,M,A2
1572,989,Panini Parmer,29,M,A3
1573,989,Jeevika Ram,50,M,A4
1574,990,Neel Srinivas,34,M,A1
1575,990,Warda Mall,41,M,A2
1576,991,Kalpit Date,46,M,A1
1577,992,Bhavika Bali,48,M,A1
1578,993,Ijaya Prabhu,31,M,A1
1579,993,Pavani Gera,31,M,A2
1580,994,Daniel Dani,43,M,A1
1581,994,Balvan Johal,46,F,A2
1582,994,Nitara Karpe,67,M,A3
1583,994,Shivani Rastogi,67,M,A4
1584,995,Sara Chhabra,60,M,A1
1585,997,Vyanjana Mital,34,M,A1
1586,999,Rajeshri Ramesh,54,M,A1
1587,999,Manthan Brar,43,M,A2
1588,1000,Oeshi Sandal,36,M,A1
1589,1000,Deepa Narayanan,44,M,A2
1590,1000,Ekansh Dada,54,M,A3
1591,1001,Ekansh Madan,17,M,A1
1592,1001,Divya Krish,35,M,A2
1593,1001,Edhitha Gera,58,M,A3
1594,1002,Rushil Sheth,33,M,A1
1595,1004,Yutika Mann,63,M,A1
1596,1005,Charan Varma,38,M,A1
1597,1005,Onveer Cherian,40,M,A2
1598,1005,Nirja Bhakta,34,M,A3
1599,1007,Lakshit Dyal,30,M,A1
1600,1007,Siya Parekh,50,M,A2
1601,1007,Ria Tripathi,42,M,A3
1602,1008,Ekaja Solanki,50,F,A1
1603,1008,Pranit Gulati,24,M,A2
1604,1009,Yamini Dora,28,M,A1
1605,1010,Gaurang Sampath,17,M,A1
1606,1011,Triveni Rao,68,M,A1
1607,1012,Alka Sanghvi,50,M,A1
1608,1013,Nathaniel Parekh,50,M,A1
1609,1013,Niharika Maharaj,59,F,A2
1610,1015,Dev Chakraborty,45,M,A1
1611,1015,Ethan Kala,44,M,A2
1612,1016,Yuvraj Bassi,17,M,A1
1613,1017,Chasmum Tandon,40,F,A1
1614,1018,Zaitra Date,42,M,A1
1615,1019,Anika Sachdev,60,M,A1
1616,1019,Upkaar Narain,46,M,A2
1617,1020,Harini Lal,57,M,A1
1618,1021,Chaitanya Panchal,49,M,A1
1619,1021,Ekavir Som,55,M,A2
1620,1022,Harish Varma,18,M,A1
1621,1022,Falak Pradhan,38,M,A2
1622,1023,Praneel Batta,58,M,A1
1623,1024,Adweta Edwin,66,M,A1
1624,1024,Deepa Murty,32,M,A2
1625,1024,Januja Suri,34,M,A3
1626,1025,Pavani De,20,M,A1
1627,1026,Ikbal Ranganathan,24,M,A1
1628,1027,Chaitaly Golla,56,M,A1
1629,1027,Priya Sridhar,62,M,A2
1630,1028,Avni Chaudhry,40,M,A1
1631,1029,Hritik Som,38,M,A1
1632,1029,Vasana Talwar,51,M,A2
1633,1030,Faqid Din,49,F,A1
1634,1030,Nitesh Bera,38,M,A2
1635,1030,Zayan Karnik,69,M,A3
1636,1031,Jyoti Lanka,40,F,A1
1637,1031,Dayita Datta,33,M,A2
1638,1032,Dalaja Pillai,56,M,A1
1639,1033,Bhavika Yogi,46,M,A1
1640,1033,Frado Seshadri,58,M,A2
1641,1033,Mitali Jhaveri,48,M,A3
1642,1033,Chaaya Ganesan,30,M,A4
1643,1034,Ekalinga Ram,52,M,A1
1644,1035,Victor Mody,49,M,A1
1645,1036,Arya Kumar,37,M,A1
1646,1037,Alexander Nagi,37,M,A1
1647,1037,Jatin Din,66,M,A2
1648,1038,Henry Mahal,30,F,A1
1649,1038,Laksh Kulkarni,70,F,A2
1650,1038,Viraj Bansal,46,M,A3
1651,1038,Lakshmi Krishnan,28,M,A4
1652,1039,Manya Dugar,51,M,A1
1653,1040,Alexander Goyal,16,M,A1
1654,1040,Parth Agate,59,M,A2
1655,1040,Dev Vig,38,M,A3
1656,1041,Fiyaz Merchant,54,M,A1
1657,1042,Anya Sama,39,M,A1
1658,1043,Tanvi Raval,26,M,A1
1659,1044,Rajata Sant,60,M,A1
1660,1044,Pahal Luthra,18,M,A2
1661,1045,Sanya Naik,30,M,A1
1662,1046,Oni Jain,58,M,A1
1663,1046,Lohit Purohit,27,M,A2
1664,1046,Nathaniel Rama,24,M,A3
1665,1048,Warjas Date,56,M,A1
1666,1049,Farhan Ahluwalia,52,M,A1
1667,1051,Neha Devi,23,M,A1
1668,1052,Henry Pal,61,M,A1
1669,1054,Mohini Kanda,51,M,A1
1670,1055,Ati Ahluwalia,38,M,A1
1671,1055,Gaurav Sunder,41,M,A2
1672,1057,Dominic Bhargava,58,M,A1
1673,1057,Daniel Chand,33,M,A2
1674,1059,Caleb Bali,54,M,A1
1675,1060,Falak Memon,29,M,A1
1676,1060,Lohit Vig,58,M,A2
1677,1061,Odika Chakrabarti,17,M,A1
1678,1061,Urvi Jain,34,F,A2
1679,1062,Tristan Goswami,60,M,A1
1680,1063,Geetika Doshi,67,T,A1
1681,1063,Darpan Ravi,55,M,A2
1682,1063,Radhika Barad,34,M,A3
1683,1064,Vedant Raja,28,F,A1
1684,1064,Nidra Devi,36,M,A2
1685,1065,Maya Parsa,60,M,A1
1686,1066,Gauri Nair,46,M,A1
1687,1067,Chakrika Saxena,48,F,A1
1688,1068,Dipta Parikh,16,M,A1
1689,1070,Irya Pau,52,M,A1
1690,1072,Owen Parmer,70,M,A1
1691,1073,Nikita Sur,58,M,A1
1692,1073,Anirudh Rao,35,F,A2
1693,1073,Daniel Borah,48,F,A3
1694,1074,Bhavya Mohanty,22,M,A1
1695,1074,Umang Bail,17,M,A2
1696,1074,Maya Swaminathan,25,M,A3
1697,1075,Wakeeta Kala,63,F,A1
1698,1076,Mason Kanda,54,M,A1
1699,1077,Akshay Doshi,59,M,A1
1700,1077,Gaurang Rajagopalan,62,M,A2
1701,1077,Sachi Kannan,61,M,A3
1702,1077,Abeer Manda,69,M,A4
1703,1078,Megha Batra,18,T,A1
1704,1078,Wridesh Saini,48,M,A2
1705,1079,Faras Kumer,36,M,A1
1706,1080,Abeer Golla,65,M,A1
1707,1080,Raagini Ganguly,52,M,A2
1708,1081,Gaurangi Bumb,34,M,A1
1709,1082,Varenya Warrior,21,M,A1
1710,1082,Ekalinga Prashad,37,M,A2
1711,1083,Yoshita Devi,29,M,A1
1712,1084,Nachiket Bhargava,49,F,A1
1713,1084,Gaurang Mall,60,M,A2
1714,1086,Jagrati Datta,49,M,A1
1715,1086,Yagnesh Pradhan,27,M,A2
1716,1087,Ronith Agate,40,M,A1
1717,1088,Neel Chakraborty,37,M,A1
1718,1088,Ethan Singh,54,M,A2
1719,1089,Ekalinga Ram,22,M,A1
1720,1089,Nicholas Dora,34,M,A2
1721,1089,Samaksh Dani,38,M,A3
1722,1090,Meera Dua,56,M,A1
1723,1091,Ronith Mohan,53,M,A1
1724,1092,Kai Ganguly,21,M,A1
1725,1093,Hemal Nagi,42,M,A1
1726,1094,Wriddhish Desai,32,M,A1
1727,1094,Triveni Grover,45,F,A2
1728,1095,Faras Brar,53,M,A1
1729,1095,Xalak Ravi,54,M,A2
1730,1096,Amrita Nayak,27,F,A1
1731,1096,Jalsa Khatri,42,M,A2
1732,1097,Avni Date,31,M,A1
1733,1098,Harita Goyal,35,M,A1
1734,1099,Jagat Lata,37,M,A1
1735,1099,Lekha Das,36,M,A2
1736,1100,Tanay Bhalla,40,T,A1
1737,1100,Nitara Kannan,42,M,A2
1738,1100,Upkaar Chawla,41,M,A3
1739,1100,Ayushman Walla,27,M,A4
1740,1101,Avni Nadkarni,26,M,A1
1741,1102,Nirja Om,60,M,A1
1742,1102,Tristan Saxena,48,F,A2
1743,1103,Chakradhar Parikh,66,M,A1
1744,1103,Reva Yadav,31,M,A2
1745,1104,Dominic More,32,M,A1
1746,1105,Mitali Wadhwa,64,M,A1
1747,1105,Warda Gala,38,M,A2
1748,1105,Rushil Dara,42,M,A3
1749,1105,Kritika Pal,19,M,A4
1750,1106,Wahab Divan,28,M,A1
1751,1107,Utkarsh Sampath,25,M,A1
1752,1107,Gagan Tripathi,25,M,A2
1753,1107,Bakhshi Singh,39,M,A3
1754,1108,Ryan Raj,21,M,A1
1755,1108,Hardik Atwal,29,M,A2
1756,1108,Jeet Dugal,16,M,A3
1757,1109,Neha Sridhar,28,M,A1
1758,1110,Michael Dhar,25,M,A1
1759,1110,Yashoda Badal,22,M,A2
1760,1111,Krishna Goswami,60,M,A1
1761,1111,Siddharth Prabhu,41,M,A2
1762,1112,Anita Ranganathan,46,M,A1
1763,1112,Anya Cheema,29,F,A2
1764,1112,Abeer Sunder,27,M,A3
1765,1113,Owen Rattan,51,F,A1
1766,1113,Yashoda Mangat,45,M,A2
1767,1113,Veer Solanki,28,M,A3
1768,1115,Faras Oommen,70,M,A1
1769,1115,Priya Magar,53,F,A2
1770,1116,Vansha Acharya,65,M,A1
1771,1116,Andrew Kulkarni,33,F,A2
1772,1117,Sudiksha Ravi,23,M,A1
1773,1118,Kevin Sarma,34,M,A1
1774,1118,Ayaan Sharma,56,M,A2
1775,1118,Vaishnavi Salvi,59,M,A3
1776,1119,Azaan Vala,22,M,A1
1777,1119,Qabil Kaul,44,F,A2
1778,1120,Anita Mandal,45,M,A1
1779,1120,Bhanumati Srinivasan,44,M,A2
1780,1121,Nandini Mishra,23,M,A1
1781,1121,Shivani More,40,M,A2
1782,1121,Oni Jaggi,58,F,A3
1783,1122,Rushil Barad,21,M,A1
1784,1122,Anita Sandhu,30,M,A2
1785,1123,Chandran Prabhakar,38,M,A1
1786,1124,Farhan Murthy,38,M,A1
1787,1125,Adweta Master,62,M,A1
1788,1125,Damyanti Kurian,56,F,A2
1789,1126,Madhav Kapur,36,M,A1
1790,1126,Falguni Tella,34,M,A2
1791,1126,Kabir Sood,35,M,A3
1792,1127,Zilmil Pall,29,M,A1
1793,1128,Brijesh Mittal,26,F,A1
1794,1128,Rachita Modi,49,M,A2
1795,1128,Devansh Divan,67,F,A3
1796,1128,Chatura Bala,65,M,A4
1797,1129,Maya Parekh,68,M,A1
1798,1129,Ranveer Narayanan,65,M,A2
1799,1130,Aashi Narang,56,M,A1
1800,1130,Lipika Kant,38,M,A2
1801,1131,Krishna Bandi,31,M,A1
1802,1131,Robert Mukherjee,46,T,A2
1803,1131,Brinda Goswami,31,M,A3
1804,1132,Ayaan Bali,45,M,A1
1805,1133,Devansh Shroff,42,F,A1
1806,1134,Champak Gade,70,M,A1
1807,1135,Amol Desai,52,M,A1
1808,1136,Ridhi Bir,65,F,A1
1809,1137,Zaid Bhandari,52,M,A1
1810,1138,Aarna Sura,18,M,A1
1811,1140,Reva Sachdev,20,M,A1
1812,1140,Turvi Chaudry,50,F,A2
1813,1140,Warhi Nagi,62,M,A3
1814,1140,Odika Cherian,28,M,A4
1815,1141,Pranit Dugal,36,M,A1
1816,1142,Raghav Seth,27,M,A1
1817,1142,Quincy Chaudhry,47,M,A2
1818,1142,Frado Chadha,47,F,A3
1819,1143,Chandran Sundaram,23,M,A1
1820,1143,Balendra Kar,68,F,A2
1821,1144,Parth Dhar,51,T,A1
1822,1144,Lipika Kumar,27,F,A2
1823,1144,Thomas Sha,29,M,A3
1824,1145,Ekani Lad,33,M,A1
1825,1146,Dalaja Thakkar,52,M,A1
1826,1147,Krishna Tripathi,28,M,A1
1827,1148,Shaurya Dutta,23,M,A1
1828,1149,Ikshita Chacko,63,M,A1
1829,1150,Tejas Basak,48,M,A1
1830,1150,Eesha Mutti,21,F,A2
1831,1151,Raagini Purohit,60,M,A1
1832,1152,Banjeet Bassi,60,M,A1
1833,1153,Oscar Bose,66,M,A1
1834,1153,Chaman Vaidya,59,M,A2
1835,1154,Hemang Choudhary,17,M,A1
1836,1154,Adweta Yogi,40,M,A2
1837,1154,Lopa More,18,F,A3
1838,1155,Lipika Ratti,29,M,A1
1839,1156,Pranit Choudhury,54,M,A1
1840,1157,Bhavani Gade,24,M,A1
1841,1158,Niharika Mall,57,M,A1
1842,1159,Ansh Ganguly,30,M,A1
1843,1160,Chakradhar Narain,49,M,A1
1844,1160,Anamika Konda,61,M,A2
1845,1161,Nihal Shankar,54,M,A1
1846,1162,Fiyaz Tiwari,19,F,A1
1847,1163,Ikbal Acharya,52,M,A1
1848,1163,Ranveer Dubey,47,M,A2
1849,1165,Amaira Kota,33,M,A1
1850,1166,Indira Saini,28,F,A1
1851,1166,Chandani Palla,57,F,A2
1852,1167,Girindra Devi,33,M,A1
1853,1168,Sai Misra,24,M,A1
1854,1169,Meghana Sundaram,46,M,A1
1855,1170,Faqid Upadhyay,49,M,A1
1856,1170,Yamini Mittal,49,M,A2
1857,1171,Lajita Master,58,M,A1
1858,1172,Mohini Dewan,18,M,A1
1859,1173,Benjamin Narayan,52,M,A1
1860,1174,Agastya Batta,20,M,A1
1861,1176,Jagat Wali,28,F,A1
1862,1177,Vihaan Madan,62,M,A1
1863,1178,Hemal Sami,62,M,A1
1864,1178,Kavya Gala,39,M,A2
1865,1179,Divya Sandal,25,M,A1
1866,1180,Varsha Ramachandran,26,M,A1
1867,1181,Dhriti Ahuja,33,M,A1
1868,1181,Finn Devan,50,F,A2
1869,1181,Gauri Pall,63,M,A3
1870,1182,Hiral Nagi,33,M,A1
1871,1182,Ekta Garg,65,M,A2
1872,1183,Vrinda Pillay,30,M,A1
1873,1183,Saumya Bhavsar,67,M,A2
1874,1184,Damyanti Luthra,31,M,A1
1875,1185,Tripti Iyengar,20,M,A1
1876,1186,Tristan Hayer,20,M,A1
1877,1187,Yashawini Warrior,40,M,A1
1878,1187,Ekansh Pandit,24,M,A2
1879,1188,Dhriti Golla,61,M,A1
1880,1188,Sai Mohan,51,M,A2
1881,1188,Eta Kala,45,M,A3
1882,1189,Raghav Master,27,M,A1
1883,1190,Udarsh Kadakia,48,M,A1
1884,1191,Charles Balakrishnan,34,M,A1
1885,1192,Yoshita Varughese,46,M,A1
1886,1194,Ridhi Shere,43,M,A1
1887,1194,Laksh Mistry,52,T,A2
1888,1195,Watika Dutta,48,M,A1
1889,1195,Henry Butala,50,M,A2
1890,1195,Teerth Balan,50,M,A3
1891,1195,Yadavi Om,33,M,A4
1892,1196,Advay Bajaj,65,M,A1
1893,1196,Henry Saxena,63,M,A2
1894,1197,Dhriti Thaman,33,M,A1
1895,1198,Fariq Anne,40,M,A1
1896,1198,Jeremiah Som,32,F,A2
1897,1198,Krish Murty,65,M,A3
1898,1198,Jairaj Kohli,18,M,A4
1899,1200,Ekaraj Oza,55,M,A1
1900,1200,Samesh Raghavan,29,M,A2
1901,1200,Logan Sarraf,57,F,A3
1902,1201,Gauri Nagy,51,M,A1
1903,1202,Vinaya Grewal,22,F,A1
1904,1203,Tanmayi Bala,21,M,A1
1905,1203,Oviya Radhakrishnan,29,M,A2
1906,1203,Aayush Oza,47,M,A3
1907,1204,Ekiya Jayaraman,20,M,A1
1908,1204,Chandani Rout,21,M,A2
1909,1205,Aishani Dhar,25,F,A1
1910,1205,Oni Joshi,18,M,A2
1911,1206,Edhitha Kakar,68,M,A1
1912,1207,Aarush Ghose,16,T,A1
1913,1208,Ronith Bail,63,M,A1
1914,1208,Jagdish Cherian,61,M,A2
1915,1208,Anika Banerjee,20,M,A3
1916,1208,Dalaja Joshi,46,M,A4
1917,1209,Tanish Ravel,37,M,A1
1918,1210,Reyansh Vala,35,M,A1
1919,1211,Ekansh Garde,36,M,A1
1920,1212,Dominic Bahri,17,F,A1
1921,1212,Warda Magar,49,M,A2
1922,1213,Maanas Dhawan,43,F,A1
1923,1213,Udyati Bala,49,F,A2
1924,1213,Matthew Ramakrishnan,31,M,A3
1925,1214,Bimala Atwal,65,M,A1
1926,1214,Tanish Gera,64,M,A2
1927,1215,Hardik Raj,53,M,A1
1928,1216,Azad Nayak,63,M,A1
1929,1216,Mahika Sachdeva,16,M,A2
1930,1216,Ekaraj Patel,28,M,A3
1931,1217,Laban Nath,69,M,A1
1932,1218,Girik Chopra,69,M,A1
1933,1219,Aryan Kulkarni,64,M,A1
1934,1219,Ati Reddy,20,F,A2
1935,1219,Warhi Choudhry,18,F,A3
1936,1220,Umang Mitra,46,M,A1
1937,1222,Dalaja Sehgal,48,M,A1
1938,1222,Pranit Prashad,42,M,A2
1939,1223,Kalpit Singhal,46,M,A1
1940,1223,Farhan Shroff,31,M,A2
1941,1224,Onkar Sani,70,M,A1
1942,1224,Bhavika Wason,23,M,A2
1943,1225,Arjun Vaidya,28,F,A1
1944,1225,Raksha Chakrabarti,23,M,A2
1945,1226,Saksham Ramaswamy,54,M,A1
1946,1227,Yamini Dugar,70,M,A1
1947,1228,Om Bhatti,33,M,A1
1948,1229,Zilmil Puri,67,M,A1
1949,1229,Bishakha Rau,44,M,A2
1950,1229,Wriddhish Choudhry,46,M,A3
1951,1230,George Rajagopalan,59,M,A1
1952,1230,Wahab Dewan,62,M,A2
1953,1232,Sanaya Butala,62,M,A1
1954,1232,Frederick Nadkarni,56,M,A2
1955,1234,Ekanta Prashad,23,M,A1
1956,1234,Bhanumati Mahajan,31,M,A2
1957,1234,Rachana Sathe,38,M,A3
1958,1236,Nathaniel Kapadia,49,F,A1
1959,1236,Suhani Badal,26,M,A2
1960,1236,Chaitaly Chahal,33,M,A3
1961,1236,Girindra Dewan,64,M,A4
1962,1237,Mitali Contractor,67,F,A1
1963,1238,Frederick Datta,40,M,A1
1964,1238,Luke Shanker,39,M,A2
1965,1239,Ayushman Lalla,32,F,A1
1966,1242,Dayamai Swamy,31,M,A1
1967,1242,Aashi Keer,65,M,A2
1968,1242,Oviya Chacko,26,M,A3
1969,1243,Sneha Aggarwal,48,M,A1
1970,1244,Nilima Sathe,34,F,A1
1971,1244,Chaaya Solanki,62,M,A2
1972,1244,Faris Dutta,69,M,A3
1973,1245,Madhav Dass,63,M,A1
1974,1246,Matthew Chadha,54,M,A1
1975,1246,Rachita Krishnan,16,M,A2
1976,1249,Nidhi Ravel,35,M,A1
1977,1251,Dalbir Jain,51,M,A1
1978,1251,David Jaggi,67,M,A2
1979,1252,Unnati Sachdeva,47,M,A1
1980,1252,Henry Rama,23,M,A2
1981,1253,Jai Bose,34,M,A1
1982,1253,Raksha Oak,51,M,A2
1983,1254,Urishilla Devan,29,M,A1
1984,1255,Upma Dubey,43,M,A1
1985,1256,Utkarsh Baria,48,F,A1
1986,1256,Oni Cherian,26,T,A2
1987,1257,Chaaya Hari,19,M,A1
1988,1258,Rajeshri Dani,53,F,A1
1989,1259,Elijah Agrawal,21,M,A1
1990,1260,Naksh Manda,25,F,A1
1991,1261,Hredhaan Sandal,26,M,A1
1992,1262,Janya Rama,36,M,A1
1993,1263,Wishi Salvi,38,M,A1
1994,1264,Indrajit Devan,37,F,A1
1995,1265,Harita Pathak,44,M,A1
1996,1265,Mohammed Puri,67,M,A2
1997,1266,Ati Sami,69,F,A1
1998,1267,Avi Sharma,56,F,A1
1999,1268,Guneet Sur,30,M,A1
2000,1268,Damyanti Kari,42,M,A2
2001,1270,Zashil Deshpande,42,M,A1
2002,1271,Vamakshi Sahni,55,M,A1
2003,1272,Adya Varughese,21,M,A1
2004,1272,Vivaan Goda,51,M,A2
2005,1273,Shivani Sanghvi,20,F,A1
2006,1273,Aditya Murthy,41,M,A2
2007,1273,Ekanta Sabharwal,48,M,A3
2008,1274,Faraj Bala,24,M,A1
2009,1274,Aashi Din,54,M,A2
2010,1274,Vansha Kade,32,M,A3
2011,1274,Kalpit Shah,56,F,A4
2012,1275,Kamala Suri,21,M,A1
2013,1275,Jai Swamy,62,M,A2
2014,1276,Parth Chawla,57,M,A1
2015,1277,Qarin Rao,68,M,A1
2016,1277,Warhi Brahmbhatt,49,M,A2
2017,1278,Rishi Sehgal,43,M,A1
2018,1279,Odika Shanker,51,M,A1
2019,1280,Bachittar Rao,61,M,A1
2020,1280,Abha Bhat,17,M,A2
2021,1280,Inaya Nair,58,F,A3
2022,1281,Nathaniel Dalal,55,M,A1
2023,1281,Tristan Pall,26,M,A2
2024,1281,Chanchal Sanghvi,23,F,A3
2025,1281,Jeremiah Sani,28,M,A4
2026,1282,Alka Prakash,57,F,A1
2027,1283,Anthony Gara,67,M,A1
2028,1284,Bachittar Mammen,59,M,A1
2029,1284,Bakhshi Kar,27,M,A2
2030,1285,Daniel Comar,70,M,A1
2031,1287,Idika Yohannan,65,F,A1
2032,1288,Dhriti Desai,64,M,A1
2033,1289,Kamya Mall,44,M,A1
2034,1290,Kevin Golla,53,F,A1
2035,1290,Sanya Borra,27,M,A2
2036,1291,Matthew Trivedi,44,M,A1
2037,1291,Zayan Rajagopal,21,M,A2
2038,1291,Lucky Bal,62,M,A3
2039,1292,Victor Narula,67,F,A1
2040,1293,Chandran Varughese,46,M,A1
2041,1293,Vedhika Shenoy,55,M,A2
2042,1293,Advika Shukla,49,M,A3
2043,1294,Pranit Amble,68,M,A1
2044,1294,Vasudha Tailor,68,M,A2
2045,1294,Raagini Tailor,20,M,A3
2046,1295,Harini Sibal,30,M,A1
2047,1295,Rachita Maharaj,42,M,A2
2048,1295,Zinal Nath,64,M,A3
2049,1295,Rehaan Garg,53,M,A4
2050,1296,Om Patil,63,M,A1
2051,1297,Abhiram Cherian,65,M,A1
2052,1298,Nicholas Korpal,24,M,A1
2053,1299,Aadi Lala,54,M,A1
2054,1300,Vansha Mane,50,M,A1
2055,1300,Anirudh Kata,59,M,A2
2056,1300,Chandresh Chad,67,F,A3
2057,1300,Yatan Prabhakar,70,M,A4
2058,1301,Baljiwan Nagi,21,M,A1
2059,1302,Kai Raman,63,M,A1
2060,1302,Tejas Vora,51,M,A2
2061,1302,Advaith Aurora,56,M,A3
2062,1303,Sai Sandal,37,M,A1
2063,1304,Radhika Mistry,45,M,A1
2064,1304,Ryan Chaudhary,18,M,A2
2065,1304,Ikshita Majumdar,56,M,A3
2066,1304,Jackson Hegde,63,M,A4
2067,1305,Azad Sami,41,M,A1
2068,1306,Ranbir Gera,16,M,A1
2069,1306,Qadim Barman,29,F,A2
2070,1306,Bhavini Kanda,63,M,A3
2071,1306,Darika Loke,42,M,A4
2072,1307,Aadhya Sen,19,M,A1
2073,1307,Noah Parmer,46,F,A2
2074,1307,Kala Kar,18,M,A3
2075,1308,Dev Arora,57,M,A1
2076,1309,Arya Keer,25,M,A1
2077,1310,Anya Kala,22,M,A1
2078,1311,Karan Rama,41,M,A1
2079,1311,Netra Bhavsar,31,F,A2
2080,1311,Chameli Chahal,39,M,A3
2081,1311,Zansi Bandi,50,M,A4
2082,1313,Vedant Kota,17,M,A1
2083,1314,Anthony Ravel,20,F,A1
2084,1315,Yashoda Tripathi,42,M,A1
2085,1315,Falguni Kamdar,42,M,A2
2086,1316,Yutika Thakur,20,M,A1
2087,1316,Mugdha Bajwa,41,M,A2
2088,1316,Ekantika Bains,46,M,A3
2089,1317,Ekaraj Ratti,65,M,A1
2090,1319,Nidhi Manne,62,M,A1
2091,1320,Barkha Parmer,62,T,A1
2092,1321,Aarna Wali,59,M,A1
2093,1321,Anita Kata,62,M,A2
2094,1321,Yatan Bhagat,26,M,A3
2095,1322,Tristan Comar,36,F,A1
2096,1322,Charles Chauhan,23,M,A2
2097,1323,Nitara Misra,16,M,A1
2098,1324,Chaman Mistry,37,M,A1
2099,1325,Gaurang Borra,30,F,A1
2100,1325,Aarnav Sampath,29,M,A2
2101,1326,Anay Khatri,58,M,A1
2102,1327,Lakshmi Gour,69,M,A1
2103,1328,Nicholas Prakash,43,M,A1
2104,1328,Nikita Bahl,19,M,A2
2105,1329,Daniel Krish,57,M,A1
2106,1329,Saumya Acharya,47,M,A2
2107,1330,Pavani Kumer,51,F,A1
2108,1331,Mugdha Magar,50,F,A1
2109,1332,Max Hora,35,M,A1
2110,1332,Vihaan Sangha,44,M,A2
2111,1332,Lakshmi Rau,61,M,A3
2112,1333,Aahana Grewal,53,M,A1
2113,1333,Qarin Gandhi,35,M,A2
2114,1333,Kabir Apte,50,M,A3
2115,1333,Omaja Rao,65,M,A4
2116,1334,Mohammed Kota,63,M,A1
2117,1334,Ekani Sood,61,F,A2
2118,1338,Ekavir Kalla,46,M,A1
2119,1338,Jagat Badal,16,F,A2
2120,1338,Zaitra Tandon,24,M,A3
2121,1338,Max Singhal,64,M,A4
2122,1339,Nathaniel Deshmukh,69,M,A1
2123,1340,Vedhika Sandhu,69,M,A1
2124,1341,Aayush Chada,50,M,A1
2125,1342,Michael Mannan,36,M,A1
2126,1342,Dayita Kota,47,F,A2
2127,1343,Nidhi Chatterjee,35,M,A1
2128,1343,Charles Taneja,62,M,A2
2129,1344,Praneel Bath,29,M,A1
2130,1344,Gauri Bobal,32,M,A2
2131,1345,Bhavini Acharya,30,F,A1
2132,1346,Divya Bhatti,31,F,A1
2133,1346,Upma Sachdev,24,M,A2
2134,1347,Indira Rajagopal,20,M,A1
2135,1348,Ekani Seth,57,F,A1
2136,1348,Anika Ramanathan,28,M,A2
2137,1349,Advay Korpal,29,M,A1
2138,1350,Meera Dyal,46,M,A1
2139,1351,Ekanta Dugar,57,M,A1
2140,1351,Gautam Raja,44,F,A2
2141,1352,Ranveer Sidhu,68,M,A1
2142,1352,Adya Bail,53,F,A2
2143,1353,Tristan Brar,55,F,A1
2144,1353,Ryan Dhillon,50,M,A2
2145,1355,Andrew Murthy,41,M,A1
2146,1355,Upma Amble,27,M,A2
2147,1356,Madhavi Borah,42,M,A1
2148,1357,Kevin Reddy,27,M,A1
2149,1358,Charvi Babu,61,M,A1
2150,1359,Maya Khalsa,19,M,A1
2151,1360,Pushti Lata,57,F,A1
2152,1360,Jai Apte,30,M,A2
2153,1361,Arin Lala,20,M,A1
2154,1362,Benjamin Bawa,61,M,A1
2155,1362,Caleb Deol,65,M,A2
2156,1363,Baghyawati Mangal,65,M,A1
2157,1364,Mitali Ravi,23,M,A1
2158,1365,Lajita Arora,56,M,A1
2159,1365,Nilima Chauhan,70,M,A2
2160,1365,Liam Mukherjee,52,M,A3
2161,1366,Ronith Pandit,67,F,A1
2162,1366,Jasmit Thaman,44,M,A2
2163,1366,Avi Bobal,25,M,A3
2164,1366,Rushil Agrawal,53,M,A4
2165,1367,Ria Bhatia,27,M,A1
2166,1367,Kai Gola,18,M,A2
2167,1367,Chasmum Borde,27,F,A3
2168,1368,Unni Bhagat,38,M,A1
2169,1369,Robert Naidu,52,M,A1
2170,1370,Alka Konda,43,M,A1
2171,1370,Harish Grewal,22,M,A2
2172,1370,Atharv Parsa,30,M,A3
2173,1371,Quincy Deol,66,M,A1
2174,1371,Wriddhish Gade,65,M,A2
2175,1372,Laban Khare,46,M,A1
2176,1372,Anthony Chandra,28,M,A2
2177,1373,Manthan Andra,63,M,A1
2178,1373,Garima Nagi,31,M,A2
2179,1373,Falguni Luthra,24,M,A3
2180,1374,Ayushman Aggarwal,57,M,A1
2181,1374,Bhavani Korpal,37,T,A2
2182,1375,Samar Borra,64,M,A1
2183,1376,Kritika Banerjee,55,M,A1
2184,1378,Qushi Dutta,34,M,A1
2185,1378,Balveer Konda,47,M,A2
2186,1379,Barkha Sem,53,M,A1
2187,1380,Akshay Manda,53,M,A1
2188,1380,Luke Saha,32,M,A2
2189,1381,Naksh Walla,16,M,A1
2190,1381,Hemang Narayan,34,F,A2
2191,1382,Laksh Hans,25,F,A1
2192,1382,Widisha Mital,69,M,A2
2193,1383,Kabir Jayaraman,21,M,A1
2194,1383,Vasudha Bhardwaj,54,M,A2
2195,1383,Bina Bir,21,M,A3
2196,1384,Damini Sibal,21,F,A1
2197,1384,Mahika Bakshi,39,M,A2
2198,1384,Yutika Sangha,65,M,A3
2199,1384,Amruta Ram,46,M,A4
2200,1385,Omisha Chacko,63,F,A1
2201,1385,Nandini Deo,26,M,A2
2202,1386,Mohini Naidu,25,F,A1
2203,1386,Jagrati Tak,25,F,A2
2204,1386,Harish Gera,60,T,A3
2205,1387,Ishanvi Bora,27,M,A1
2206,1388,Ekapad Vala,46,M,A1
2207,1389,Devansh Sethi,18,M,A1
2208,1390,Azaan Mall,33,M,A1
2209,1391,Imaran Kadakia,16,M,A1
2210,1391,Lopa Madan,57,M,A2
2211,1391,Chanchal Nadkarni,49,F,A3
2212,1391,Ucchal Jayaraman,34,M,A4
2213,1392,Chakradev Dey,51,M,A1
2214,1393,Utkarsh Char,62,M,A1
2215,1393,Tripti Sinha,26,M,A2
2216,1394,Nathan Jaggi,66,M,A1
2217,1395,Yash Kannan,55,M,A1
2218,1396,Zaitra Kadakia,29,M,A1
2219,1396,Sachi Hans,16,M,A2
2220,1396,Leena Rau,62,M,A3
2221,1397,Janaki Oak,61,M,A1
2222,1397,Oeshi Bajaj,32,M,A2
2223,1397,Michael Keer,31,F,A3
2224,1397,Triveni Dhawan,38,M,A4
2225,1398,Priya Mutti,52,M,A1
2226,1398,Sara Bhakta,45,M,A2
2227,1399,Turvi Varkey,61,M,A1
2228,1400,Oliver Ravel,34,M,A1
2229,1401,Mohini Buch,16,M,A1
2230,1402,Gauri Chakrabarti,43,M,A1
2231,1402,Mohammed Zacharia,40,M,A2
2232,1403,Champak Sha,67,M,A1
2233,1403,Theodore Srivastava,21,M,A2
2234,1403,Maanas Ram,56,F,A3
2235,1403,Udarsh Maharaj,29,M,A4
2236,1404,Triveni Vaidya,49,M,A1
2237,1404,Zilmil Kar,32,M,A2
2238,1404,Hamsini Pandya,31,M,A3
2239,1404,Agastya Sur,34,M,A4
2240,1406,Deepa Pillai,54,M,A1
2241,1407,Ishaan Nair,34,F,A1
2242,1407,Falan Barad,46,M,A2
2243,1408,Yauvani Manne,47,M,A1
2244,1408,Nisha Solanki,55,M,A2
2245,1409,Eiravati Srinivasan,37,M,A1
2246,1409,Wishi Toor,27,M,A2
2247,1410,Baljiwan Deshpande,52,M,A1
2248,1411,Idika Kumar,49,M,A1
2249,1411,Rachita Ramachandran,67,M,A2
2250,1412,Fitan Sur,67,M,A1
2251,1413,Yochana Chandra,32,M,A1
2252,1414,Bhavna Bal,18,M,A1
2253,1414,Jeremiah Wason,23,F,A2
2254,1414,Bhavya Khurana,62,M,A3
2255,1414,Ayush Doshi,68,M,A4
2256,1415,Jatin Purohit,44,F,A1
2257,1416,Azad Desai,33,M,A1
2258,1418,Nitesh Kakar,63,M,A1
2259,1418,Inaya Bhatnagar,47,M,A2
2260,1418,Daksha Rana,40,M,A3
2261,1418,Radha Mohanty,68,M,A4
2262,1419,Ishanvi Raj,70,M,A1
2263,1419,Ishani Dugar,40,M,A2
2264,1420,Aarnav Gola,21,M,A1
2265,1421,Upasna Khosla,33,M,A1
2266,1422,Manthan Parmar,30,M,A1
2267,1422,Ishwar Lad,48,M,A2
2268,1423,Bhavika Kohli,28,M,A1
2269,1423,Warhi Saran,20,M,A2
2270,1423,Girish Varkey,41,M,A3
2271,1423,Charles Wadhwa,36,M,A4
2272,1424,Ekta Chanda,67,M,A1
2273,1425,Nidra Vohra,46,M,A1
2274,1426,Rohan Arora,16,M,A1
2275,1426,Bahadurjit Bera,51,M,A2
2276,1427,Netra Rege,59,M,A1
2277,1427,Balhaar Chauhan,49,M,A2
2278,1427,Faqid Kunda,16,F,A3
2279,1428,Vincent De,67,M,A1
2280,1428,Patrick Batta,34,M,A2
2281,1429,Shaurya Kapoor,34,M,A1
2282,1430,Yagnesh Kumar,62,M,A1
2283,1430,Nisha Mander,21,F,A2
2284,1431,Abdul Ghose,54,M,A1
2285,1431,Yauvani Sani,23,M,A2
2286,1431,Reyansh Loyal,56,M,A3
2287,1431,Chatura Parikh,46,F,A4
2288,1432,Urmi Kata,52,M,A1
2289,1433,Vinaya Ramakrishnan,31,M,A1
2290,1433,Kala Koshy,70,M,A2
2291,1433,Omaja Saha,63,M,A3
2292,1434,Riya Madan,50,M,A1
2293,1435,Bimala Jain,32,M,A1
2294,1435,Wakeeta Dora,60,M,A2
2295,1436,Nirja Narasimhan,64,F,A1
2296,1437,Faras Sagar,64,M,A1
2297,1437,Irya Kapur,36,M,A2
2298,1437,Harrison Ramesh,45,M,A3
2299,1437,Triya Chakrabarti,25,F,A4
2300,1438,Aayush Chandran,56,M,A1
2301,1439,Qarin Naik,60,M,A1
2302,1440,Triveni Dewan,59,F,A1
2303,1441,Brinda Sharma,18,M,A1
2304,1441,Nimrat Seth,46,M,A2
2305,1442,Ayaan Comar,42,M,A1
2306,1442,Yatin Magar,42,M,A2
2307,1442,Finn Hayer,31,M,A3
2308,1445,Barkha Chacko,19,M,A1
2309,1447,Sai Kuruvilla,32,M,A1
2310,1448,Ekiya Srivastava,19,F,A1
2311,1449,Amol Deshmukh,66,M,A1
2312,1450,Rajata Soni,36,M,A1
2313,1450,Vritti Rai,55,M,A2
2314,1450,Priya Guha,67,M,A3
2315,1451,Jagat Pall,18,M,A1
2316,1452,Geetika Ganesh,27,M,A1
2317,1452,Parth Taneja,42,M,A2
2318,1453,Yashawini Kant,22,M,A1
2319,1453,Azaan Pingle,65,M,A2
2320,1454,Januja Thaman,16,F,A1
2321,1456,Arin Basak,68,M,A1
2322,1456,Chaitaly Maharaj,28,M,A2
2323,1456,Tristan Ahluwalia,65,M,A3
2324,1456,Yashodhara Sama,30,M,A4
2325,1458,Yachana Choudhry,62,M,A1
2326,1459,Agastya Wason,37,M,A1
2327,1459,Urishilla Narain,67,M,A2
2328,1460,Harsh D’Alia,42,F,A1
2329,1461,Abhimanyu Sarkar,21,M,A1
2330,1461,Jacob Parsa,66,M,A2
2331,1462,Elijah Bajwa,52,M,A1
2332,1464,Hemangini Tank,16,M,A1
2333,1464,Utkarsh Shetty,61,M,A2
2334,1464,Madhav Chatterjee,24,M,A3
2335,1466,Alexander Purohit,54,M,A1
2336,1467,Sachi Bassi,47,M,A1
2337,1468,Dalbir Dey,65,M,A1
2338,1469,Wishi Gole,57,M,A1
2339,1472,Arunima Gala,28,M,A1
2340,1472,Sneha Bhat,69,M,A2
2341,1472,Tanay Kant,58,F,A3
2342,1473,Lila Kara,61,M,A1
2343,1473,Ati Bahri,34,M,A2
2344,1475,Peter Dar,60,M,A1
2345,1476,Jonathan Pant,58,F,A1
2346,1476,Tanveer Dara,70,M,A2
2347,1476,Naksh Tella,41,M,A3
2348,1476,Chasmum Wali,67,M,A4
2349,1477,Siddharth Prakash,26,M,A1
2350,1478,Qushi Chaudhary,31,M,A1
2351,1482,Osha Sangha,62,M,A1
2352,1483,Ekani Sood,19,M,A1
2353,1483,Niharika Borah,16,M,A2
2354,1484,Riya Bajwa,47,M,A1
2355,1484,Vanya Sane,48,M,A2
2356,1484,Gautami Korpal,30,T,A3
2357,1486,Fiyaz Mangal,70,M,A1
2358,1487,Yagnesh Bora,49,F,A1
2359,1487,Luke Lad,53,F,A2
2360,1487,Hemangini Thakkar,35,M,A3
2361,1488,Watika Sachar,28,M,A1
2362,1490,Qadim Mammen,22,M,A1
2363,1490,Hemani Kannan,38,M,A2
2364,1491,Yasti Memon,20,M,A1
2365,1492,Divya Ahluwalia,50,M,A1
2366,1492,Kai Sahota,45,M,A2
2367,1492,Leela Walla,56,M,A3
2368,1493,Ekaja Bains,49,M,A1
2369,1493,Tanveer Kurian,56,M,A2
2370,1493,Lakshit Bora,34,M,A3
2371,1497,Sai Agrawal,24,F,A1
2372,1497,Ekalinga Devi,23,M,A2
2373,1498,Samarth Kala,27,M,A1
2374,1498,Siya Raj,31,M,A2
2375,1498,Yashodhara Ganesan,62,M,A3
2376,1498,Wishi Chada,49,F,A4
2377,1499,Kala Chander,29,M,A1
2378,1500,Chanakya Kalita,18,M,A1
