id,case_master_id,act_id,section_id,act_order_id,section_order_id
1,1,IT_ACT,66C,1,1
2,1,IT_ACT,66,1,2
3,2,IT_ACT,66,1,1
4,2,IT_ACT,66C,1,2
5,2,IT_ACT,66D,1,3
6,3,EXCISE_ACT,34,1,1
7,3,EXCISE_ACT,32,1,2
8,4,DOWRY_ACT,4,1,1
9,5,BNS,115,1,1
10,5,BNS,303,1,2
11,5,BNS,103,1,3
12,6,IT_ACT,66D,1,1
13,7,NDPS,20,1,1
14,8,POCSO,4,1,1
15,8,POCSO,8,1,2
16,9,POCSO,4,1,1
17,9,POCSO,12,1,2
18,10,MV_ACT,184,1,1
19,10,MV_ACT,185,1,2
20,11,IPC,323,1,1
21,11,IPC,302,1,2
22,11,IPC,354,1,3
23,12,NDPS,21,1,1
24,12,NDPS,22,1,2
25,12,NDPS,15,1,3
26,13,IT_ACT,66,1,1
27,13,IT_ACT,66D,1,2
28,14,MV_ACT,184,1,1
29,14,MV_ACT,185,1,2
30,15,IT_ACT,66C,1,1
31,15,IT_ACT,66,1,2
32,16,EXCISE_ACT,34,1,1
33,16,EXCISE_ACT,32,1,2
34,17,POCSO,4,1,1
35,17,POCSO,8,1,2
36,17,POCSO,12,1,3
37,18,BNS,309,1,1
38,18,BNS,103,1,2
39,19,IPC,376,1,1
40,19,IPC,324,1,2
41,20,IPC,395,1,1
42,21,IT_ACT,66,1,1
43,21,IT_ACT,67,1,2
44,21,IT_ACT,66D,1,3
45,22,IPC,323,1,1
46,22,IPC,395,1,2
47,23,IPC,395,1,1
48,23,IPC,406,1,2
49,24,NDPS,15,1,1
50,24,NDPS,22,1,2
51,24,NDPS,21,1,3
52,25,NDPS,15,1,1
53,25,NDPS,22,1,2
54,25,NDPS,20,1,3
55,26,IT_ACT,67,1,1
56,26,IT_ACT,66C,1,2
57,27,POCSO,4,1,1
58,27,POCSO,8,1,2
59,27,POCSO,12,1,3
60,28,ARMS_ACT,25,1,1
61,29,BNS,103,1,1
62,29,BNS,309,1,2
63,30,MV_ACT,184,1,1
64,31,IPC,354,1,1
65,32,NDPS,22,1,1
66,32,NDPS,15,1,2
67,33,EXCISE_ACT,32,1,1
68,33,EXCISE_ACT,34,1,2
69,34,BNS,115,1,1
70,35,ARMS_ACT,25,1,1
71,35,ARMS_ACT,27,1,2
72,36,ARMS_ACT,25,1,1
73,37,DOWRY_ACT,3,1,1
74,37,DOWRY_ACT,4,1,2
75,38,BNS,303,1,1
76,38,BNS,309,1,2
77,38,BNS,103,1,3
78,39,NDPS,22,1,1
79,40,ARMS_ACT,25,1,1
80,40,ARMS_ACT,27,1,2
81,41,IPC,498A,1,1
82,41,IPC,395,1,2
83,41,IPC,380,1,3
84,42,IT_ACT,66,1,1
85,42,IT_ACT,67,1,2
86,43,POCSO,12,1,1
87,43,POCSO,4,1,2
88,43,POCSO,8,1,3
89,44,EXCISE_ACT,32,1,1
90,44,EXCISE_ACT,34,1,2
91,45,NDPS,22,1,1
92,46,POCSO,8,1,1
93,46,POCSO,12,1,2
94,47,ARMS_ACT,27,1,1
95,47,ARMS_ACT,25,1,2
96,48,EXCISE_ACT,32,1,1
97,49,DOWRY_ACT,4,1,1
98,49,DOWRY_ACT,3,1,2
99,50,POCSO,4,1,1
100,50,POCSO,8,1,2
101,50,POCSO,12,1,3
102,51,ARMS_ACT,25,1,1
103,51,ARMS_ACT,27,1,2
104,52,NDPS,20,1,1
105,53,ARMS_ACT,25,1,1
106,54,IPC,406,1,1
107,54,IPC,447,1,2
108,54,IPC,363,1,3
109,55,ARMS_ACT,25,1,1
110,56,EXCISE_ACT,32,1,1
111,57,NDPS,15,1,1
112,57,NDPS,21,1,2
113,58,MV_ACT,184,1,1
114,58,MV_ACT,185,1,2
115,59,EXCISE_ACT,32,1,1
116,59,EXCISE_ACT,34,1,2
117,60,BNS,115,1,1
118,61,NDPS,21,1,1
119,61,NDPS,22,1,2
120,62,IT_ACT,66,1,1
121,62,IT_ACT,66C,1,2
122,62,IT_ACT,67,1,3
123,63,NDPS,22,1,1
124,63,NDPS,21,1,2
125,64,DOWRY_ACT,3,1,1
126,64,DOWRY_ACT,4,1,2
127,65,DOWRY_ACT,3,1,1
128,65,DOWRY_ACT,4,1,2
129,66,POCSO,4,1,1
130,66,POCSO,8,1,2
131,66,POCSO,12,1,3
132,67,POCSO,4,1,1
133,68,ARMS_ACT,25,1,1
134,68,ARMS_ACT,27,1,2
135,69,BNS,303,1,1
136,69,BNS,115,1,2
137,70,EXCISE_ACT,34,1,1
138,70,EXCISE_ACT,32,1,2
139,71,DOWRY_ACT,4,1,1
140,72,ARMS_ACT,25,1,1
141,72,ARMS_ACT,27,1,2
142,73,POCSO,12,1,1
143,73,POCSO,8,1,2
144,73,POCSO,4,1,3
145,74,EXCISE_ACT,32,1,1
146,74,EXCISE_ACT,34,1,2
147,75,IT_ACT,66C,1,1
148,76,EXCISE_ACT,32,1,1
149,76,EXCISE_ACT,34,1,2
150,77,DOWRY_ACT,4,1,1
151,77,DOWRY_ACT,3,1,2
152,78,POCSO,12,1,1
153,79,ARMS_ACT,27,1,1
154,79,ARMS_ACT,25,1,2
155,80,IPC,506,1,1
156,80,IPC,406,1,2
157,80,IPC,363,1,3
158,81,IT_ACT,66D,1,1
159,81,IT_ACT,66,1,2
160,81,IT_ACT,66C,1,3
161,82,MV_ACT,185,1,1
162,83,DOWRY_ACT,3,1,1
163,84,IPC,380,1,1
164,84,IPC,323,1,2
165,85,BNS,318,1,1
166,85,BNS,303,1,2
167,85,BNS,115,1,3
168,86,POCSO,12,1,1
169,86,POCSO,8,1,2
170,86,POCSO,4,1,3
171,87,DOWRY_ACT,4,1,1
172,88,IPC,363,1,1
173,88,IPC,406,1,2
174,88,IPC,379,1,3
175,89,IPC,324,1,1
176,89,IPC,307,1,2
177,90,POCSO,8,1,1
178,90,POCSO,12,1,2
179,90,POCSO,4,1,3
180,91,BNS,309,1,1
181,92,DOWRY_ACT,3,1,1
182,92,DOWRY_ACT,4,1,2
183,93,IT_ACT,66,1,1
184,94,MV_ACT,185,1,1
185,95,DOWRY_ACT,3,1,1
186,95,DOWRY_ACT,4,1,2
187,96,IT_ACT,67,1,1
188,96,IT_ACT,66,1,2
189,96,IT_ACT,66C,1,3
190,97,DOWRY_ACT,3,1,1
191,97,DOWRY_ACT,4,1,2
192,98,ARMS_ACT,25,1,1
193,98,ARMS_ACT,27,1,2
194,99,MV_ACT,184,1,1
195,99,MV_ACT,185,1,2
196,100,ARMS_ACT,27,1,1
197,100,ARMS_ACT,25,1,2
198,101,MV_ACT,185,1,1
199,101,MV_ACT,184,1,2
200,102,DOWRY_ACT,3,1,1
201,102,DOWRY_ACT,4,1,2
202,103,BNS,103,1,1
203,103,BNS,303,1,2
204,104,IT_ACT,66,1,1
205,104,IT_ACT,66C,1,2
206,105,IPC,376,1,1
207,105,IPC,363,1,2
208,105,IPC,379,1,3
209,106,NDPS,20,1,1
210,106,NDPS,15,1,2
211,107,BNS,318,1,1
212,107,BNS,309,1,2
213,108,ARMS_ACT,25,1,1
214,109,EXCISE_ACT,34,1,1
215,110,IT_ACT,66C,1,1
216,110,IT_ACT,66D,1,2
217,111,BNS,318,1,1
218,111,BNS,309,1,2
219,112,EXCISE_ACT,34,1,1
220,112,EXCISE_ACT,32,1,2
221,113,IT_ACT,66,1,1
222,113,IT_ACT,66C,1,2
223,113,IT_ACT,67,1,3
224,114,ARMS_ACT,27,1,1
225,114,ARMS_ACT,25,1,2
226,115,IT_ACT,66,1,1
227,115,IT_ACT,66D,1,2
228,115,IT_ACT,67,1,3
229,116,IPC,506,1,1
230,117,MV_ACT,185,1,1
231,117,MV_ACT,184,1,2
232,118,MV_ACT,184,1,1
233,118,MV_ACT,185,1,2
234,119,BNS,303,1,1
235,120,NDPS,15,1,1
236,120,NDPS,20,1,2
237,121,IT_ACT,66D,1,1
238,121,IT_ACT,66,1,2
239,121,IT_ACT,67,1,3
240,122,MV_ACT,185,1,1
241,122,MV_ACT,184,1,2
242,123,IT_ACT,66C,1,1
243,123,IT_ACT,66,1,2
244,124,POCSO,12,1,1
245,124,POCSO,4,1,2
246,124,POCSO,8,1,3
247,125,IPC,395,1,1
248,125,IPC,323,1,2
249,125,IPC,302,1,3
250,126,DOWRY_ACT,3,1,1
251,127,EXCISE_ACT,32,1,1
252,127,EXCISE_ACT,34,1,2
253,128,BNS,303,1,1
254,128,BNS,115,1,2
255,128,BNS,103,1,3
256,129,ARMS_ACT,25,1,1
257,129,ARMS_ACT,27,1,2
258,130,DOWRY_ACT,3,1,1
259,131,ARMS_ACT,27,1,1
260,131,ARMS_ACT,25,1,2
261,132,IPC,307,1,1
262,133,POCSO,4,1,1
263,133,POCSO,12,1,2
264,134,MV_ACT,184,1,1
265,134,MV_ACT,185,1,2
266,135,EXCISE_ACT,34,1,1
267,135,EXCISE_ACT,32,1,2
268,136,MV_ACT,185,1,1
269,137,ARMS_ACT,25,1,1
270,138,BNS,103,1,1
271,139,DOWRY_ACT,4,1,1
272,139,DOWRY_ACT,3,1,2
273,140,ARMS_ACT,25,1,1
274,140,ARMS_ACT,27,1,2
275,141,EXCISE_ACT,32,1,1
276,141,EXCISE_ACT,34,1,2
277,142,DOWRY_ACT,3,1,1
278,142,DOWRY_ACT,4,1,2
279,143,DOWRY_ACT,3,1,1
280,143,DOWRY_ACT,4,1,2
281,144,EXCISE_ACT,32,1,1
282,144,EXCISE_ACT,34,1,2
283,145,NDPS,15,1,1
284,145,NDPS,20,1,2
285,146,MV_ACT,184,1,1
286,146,MV_ACT,185,1,2
287,147,IT_ACT,67,1,1
288,147,IT_ACT,66D,1,2
289,147,IT_ACT,66,1,3
290,148,IT_ACT,67,1,1
291,149,POCSO,12,1,1
292,149,POCSO,8,1,2
293,150,NDPS,15,1,1
294,150,NDPS,20,1,2
295,151,ARMS_ACT,27,1,1
296,151,ARMS_ACT,25,1,2
297,152,DOWRY_ACT,3,1,1
298,152,DOWRY_ACT,4,1,2
299,153,BNS,303,1,1
300,154,BNS,309,1,1
301,154,BNS,303,1,2
302,155,BNS,318,1,1
303,155,BNS,103,1,2
304,155,BNS,309,1,3
305,156,MV_ACT,184,1,1
306,156,MV_ACT,185,1,2
307,157,MV_ACT,184,1,1
308,157,MV_ACT,185,1,2
309,158,ARMS_ACT,27,1,1
310,158,ARMS_ACT,25,1,2
311,159,IPC,376,1,1
312,159,IPC,498A,1,2
313,159,IPC,447,1,3
314,160,IT_ACT,66,1,1
315,160,IT_ACT,66C,1,2
316,160,IT_ACT,66D,1,3
317,161,BNS,309,1,1
318,161,BNS,115,1,2
319,162,EXCISE_ACT,34,1,1
320,162,EXCISE_ACT,32,1,2
321,163,MV_ACT,185,1,1
322,163,MV_ACT,184,1,2
323,164,MV_ACT,185,1,1
324,164,MV_ACT,184,1,2
325,165,MV_ACT,184,1,1
326,165,MV_ACT,185,1,2
327,166,IT_ACT,66D,1,1
328,167,MV_ACT,185,1,1
329,168,ARMS_ACT,25,1,1
330,169,NDPS,20,1,1
331,170,POCSO,8,1,1
332,170,POCSO,12,1,2
333,171,ARMS_ACT,25,1,1
334,171,ARMS_ACT,27,1,2
335,172,POCSO,4,1,1
336,172,POCSO,8,1,2
337,173,POCSO,4,1,1
338,173,POCSO,12,1,2
339,173,POCSO,8,1,3
340,174,EXCISE_ACT,32,1,1
341,175,POCSO,12,1,1
342,175,POCSO,4,1,2
343,175,POCSO,8,1,3
344,176,IT_ACT,66,1,1
345,176,IT_ACT,66C,1,2
346,177,MV_ACT,184,1,1
347,178,ARMS_ACT,27,1,1
348,178,ARMS_ACT,25,1,2
349,179,POCSO,8,1,1
350,180,DOWRY_ACT,4,1,1
351,181,EXCISE_ACT,32,1,1
352,181,EXCISE_ACT,34,1,2
353,182,BNS,115,1,1
354,182,BNS,303,1,2
355,182,BNS,318,1,3
356,183,ARMS_ACT,27,1,1
357,183,ARMS_ACT,25,1,2
358,184,POCSO,8,1,1
359,185,BNS,115,1,1
360,186,MV_ACT,185,1,1
361,187,MV_ACT,185,1,1
362,187,MV_ACT,184,1,2
363,188,ARMS_ACT,25,1,1
364,188,ARMS_ACT,27,1,2
365,189,IPC,392,1,1
366,189,IPC,447,1,2
367,189,IPC,324,1,3
368,190,POCSO,4,1,1
369,190,POCSO,8,1,2
370,190,POCSO,12,1,3
371,191,POCSO,12,1,1
372,191,POCSO,4,1,2
373,192,IT_ACT,66D,1,1
374,192,IT_ACT,66,1,2
375,193,IPC,354,1,1
376,193,IPC,376,1,2
377,194,EXCISE_ACT,32,1,1
378,194,EXCISE_ACT,34,1,2
379,195,IT_ACT,67,1,1
380,195,IT_ACT,66D,1,2
381,196,BNS,309,1,1
382,196,BNS,318,1,2
383,196,BNS,115,1,3
384,197,MV_ACT,184,1,1
385,197,MV_ACT,185,1,2
386,198,EXCISE_ACT,34,1,1
387,198,EXCISE_ACT,32,1,2
388,199,POCSO,12,1,1
389,199,POCSO,8,1,2
390,199,POCSO,4,1,3
391,200,IPC,420,1,1
392,200,IPC,406,1,2
393,201,MV_ACT,184,1,1
394,201,MV_ACT,185,1,2
395,202,NDPS,20,1,1
396,203,POCSO,8,1,1
397,204,IT_ACT,66D,1,1
398,204,IT_ACT,66C,1,2
399,204,IT_ACT,66,1,3
400,205,BNS,103,1,1
401,205,BNS,115,1,2
402,205,BNS,303,1,3
403,206,IPC,354,1,1
404,206,IPC,498A,1,2
405,207,EXCISE_ACT,34,1,1
406,207,EXCISE_ACT,32,1,2
407,208,DOWRY_ACT,4,1,1
408,208,DOWRY_ACT,3,1,2
409,209,POCSO,8,1,1
410,209,POCSO,12,1,2
411,210,IT_ACT,66,1,1
412,211,IPC,354,1,1
413,212,EXCISE_ACT,34,1,1
414,212,EXCISE_ACT,32,1,2
415,213,MV_ACT,184,1,1
416,213,MV_ACT,185,1,2
417,214,IT_ACT,66,1,1
418,215,IPC,420,1,1
419,215,IPC,363,1,2
420,216,IPC,376,1,1
421,216,IPC,420,1,2
422,217,EXCISE_ACT,32,1,1
423,217,EXCISE_ACT,34,1,2
424,218,BNS,115,1,1
425,218,BNS,103,1,2
426,218,BNS,303,1,3
427,219,DOWRY_ACT,3,1,1
428,220,DOWRY_ACT,3,1,1
429,221,DOWRY_ACT,3,1,1
430,221,DOWRY_ACT,4,1,2
431,222,POCSO,12,1,1
432,222,POCSO,4,1,2
433,222,POCSO,8,1,3
434,223,BNS,115,1,1
435,223,BNS,309,1,2
436,223,BNS,103,1,3
437,224,NDPS,20,1,1
438,224,NDPS,22,1,2
439,224,NDPS,15,1,3
440,225,NDPS,21,1,1
441,225,NDPS,20,1,2
442,226,IPC,395,1,1
443,227,IPC,392,1,1
444,227,IPC,302,1,2
445,228,IT_ACT,67,1,1
446,228,IT_ACT,66D,1,2
447,229,IPC,506,1,1
448,229,IPC,324,1,2
449,230,MV_ACT,185,1,1
450,230,MV_ACT,184,1,2
451,231,POCSO,12,1,1
452,231,POCSO,8,1,2
453,232,NDPS,20,1,1
454,232,NDPS,22,1,2
455,233,ARMS_ACT,25,1,1
456,233,ARMS_ACT,27,1,2
457,234,DOWRY_ACT,3,1,1
458,234,DOWRY_ACT,4,1,2
459,235,EXCISE_ACT,32,1,1
460,235,EXCISE_ACT,34,1,2
461,236,DOWRY_ACT,4,1,1
462,237,BNS,103,1,1
463,237,BNS,303,1,2
464,237,BNS,309,1,3
465,238,EXCISE_ACT,32,1,1
466,239,MV_ACT,185,1,1
467,239,MV_ACT,184,1,2
468,240,POCSO,12,1,1
469,240,POCSO,8,1,2
470,240,POCSO,4,1,3
471,241,POCSO,12,1,1
472,241,POCSO,8,1,2
473,242,DOWRY_ACT,3,1,1
474,243,NDPS,20,1,1
475,244,NDPS,15,1,1
476,245,MV_ACT,185,1,1
477,245,MV_ACT,184,1,2
478,246,EXCISE_ACT,34,1,1
479,246,EXCISE_ACT,32,1,2
480,247,IPC,363,1,1
481,248,NDPS,20,1,1
482,248,NDPS,15,1,2
483,248,NDPS,21,1,3
484,249,IT_ACT,66,1,1
485,250,BNS,303,1,1
486,250,BNS,318,1,2
487,250,BNS,103,1,3
488,251,ARMS_ACT,27,1,1
489,251,ARMS_ACT,25,1,2
490,252,MV_ACT,185,1,1
491,252,MV_ACT,184,1,2
492,253,DOWRY_ACT,3,1,1
493,253,DOWRY_ACT,4,1,2
494,254,DOWRY_ACT,3,1,1
495,254,DOWRY_ACT,4,1,2
496,255,DOWRY_ACT,3,1,1
497,255,DOWRY_ACT,4,1,2
498,256,BNS,309,1,1
499,256,BNS,115,1,2
500,256,BNS,303,1,3
501,257,EXCISE_ACT,34,1,1
502,258,IT_ACT,66,1,1
503,258,IT_ACT,66C,1,2
504,259,MV_ACT,185,1,1
505,259,MV_ACT,184,1,2
506,260,DOWRY_ACT,3,1,1
507,260,DOWRY_ACT,4,1,2
508,261,NDPS,21,1,1
509,261,NDPS,22,1,2
510,261,NDPS,20,1,3
511,262,IPC,302,1,1
512,262,IPC,323,1,2
513,262,IPC,363,1,3
514,263,IPC,323,1,1
515,263,IPC,302,1,2
516,263,IPC,395,1,3
517,264,EXCISE_ACT,34,1,1
518,264,EXCISE_ACT,32,1,2
519,265,NDPS,20,1,1
520,265,NDPS,21,1,2
521,266,NDPS,22,1,1
522,267,NDPS,21,1,1
523,267,NDPS,22,1,2
524,267,NDPS,20,1,3
525,268,MV_ACT,185,1,1
526,268,MV_ACT,184,1,2
527,269,POCSO,4,1,1
528,269,POCSO,12,1,2
529,269,POCSO,8,1,3
530,270,POCSO,4,1,1
531,270,POCSO,8,1,2
532,270,POCSO,12,1,3
533,271,IPC,395,1,1
534,272,NDPS,22,1,1
535,273,MV_ACT,184,1,1
536,273,MV_ACT,185,1,2
537,274,MV_ACT,184,1,1
538,274,MV_ACT,185,1,2
539,275,NDPS,15,1,1
540,276,IPC,323,1,1
541,276,IPC,392,1,2
542,277,POCSO,4,1,1
543,277,POCSO,8,1,2
544,277,POCSO,12,1,3
545,278,BNS,103,1,1
546,278,BNS,309,1,2
547,278,BNS,318,1,3
548,279,IT_ACT,66D,1,1
549,280,NDPS,22,1,1
550,281,DOWRY_ACT,4,1,1
551,282,MV_ACT,185,1,1
552,282,MV_ACT,184,1,2
553,283,ARMS_ACT,25,1,1
554,284,DOWRY_ACT,4,1,1
555,285,NDPS,22,1,1
556,285,NDPS,15,1,2
557,285,NDPS,20,1,3
558,286,IT_ACT,66,1,1
559,286,IT_ACT,66C,1,2
560,287,DOWRY_ACT,4,1,1
561,287,DOWRY_ACT,3,1,2
562,288,BNS,303,1,1
563,288,BNS,115,1,2
564,288,BNS,103,1,3
565,289,BNS,318,1,1
566,289,BNS,303,1,2
567,289,BNS,103,1,3
568,290,NDPS,20,1,1
569,291,IT_ACT,67,1,1
570,292,ARMS_ACT,25,1,1
571,292,ARMS_ACT,27,1,2
572,293,EXCISE_ACT,34,1,1
573,294,ARMS_ACT,25,1,1
574,294,ARMS_ACT,27,1,2
575,295,EXCISE_ACT,34,1,1
576,295,EXCISE_ACT,32,1,2
577,296,POCSO,4,1,1
578,297,NDPS,20,1,1
579,297,NDPS,15,1,2
580,297,NDPS,21,1,3
581,298,BNS,103,1,1
582,299,IT_ACT,66D,1,1
583,299,IT_ACT,67,1,2
584,299,IT_ACT,66,1,3
585,300,POCSO,12,1,1
586,300,POCSO,4,1,2
587,301,IT_ACT,66C,1,1
588,302,IT_ACT,66,1,1
589,302,IT_ACT,67,1,2
590,302,IT_ACT,66C,1,3
591,303,BNS,303,1,1
592,304,NDPS,20,1,1
593,304,NDPS,21,1,2
594,305,DOWRY_ACT,3,1,1
595,305,DOWRY_ACT,4,1,2
596,306,DOWRY_ACT,3,1,1
597,306,DOWRY_ACT,4,1,2
598,307,DOWRY_ACT,3,1,1
599,308,BNS,115,1,1
600,308,BNS,309,1,2
601,309,POCSO,8,1,1
602,309,POCSO,12,1,2
603,309,POCSO,4,1,3
604,310,NDPS,21,1,1
605,311,EXCISE_ACT,32,1,1
606,311,EXCISE_ACT,34,1,2
607,312,ARMS_ACT,27,1,1
608,312,ARMS_ACT,25,1,2
609,313,EXCISE_ACT,32,1,1
610,314,POCSO,4,1,1
611,315,MV_ACT,185,1,1
612,315,MV_ACT,184,1,2
613,316,MV_ACT,185,1,1
614,316,MV_ACT,184,1,2
615,317,DOWRY_ACT,3,1,1
616,318,DOWRY_ACT,3,1,1
617,318,DOWRY_ACT,4,1,2
618,319,POCSO,4,1,1
619,319,POCSO,8,1,2
620,320,IPC,376,1,1
621,321,DOWRY_ACT,3,1,1
622,322,DOWRY_ACT,4,1,1
623,323,ARMS_ACT,25,1,1
624,324,BNS,303,1,1
625,324,BNS,115,1,2
626,324,BNS,318,1,3
627,325,POCSO,12,1,1
628,325,POCSO,4,1,2
629,326,ARMS_ACT,25,1,1
630,326,ARMS_ACT,27,1,2
631,327,ARMS_ACT,25,1,1
632,327,ARMS_ACT,27,1,2
633,328,NDPS,15,1,1
634,328,NDPS,21,1,2
635,329,NDPS,21,1,1
636,329,NDPS,22,1,2
637,330,POCSO,8,1,1
638,330,POCSO,4,1,2
639,330,POCSO,12,1,3
640,331,DOWRY_ACT,3,1,1
641,332,EXCISE_ACT,34,1,1
642,332,EXCISE_ACT,32,1,2
643,333,BNS,303,1,1
644,334,DOWRY_ACT,4,1,1
645,334,DOWRY_ACT,3,1,2
646,335,MV_ACT,184,1,1
647,336,DOWRY_ACT,3,1,1
648,337,IPC,302,1,1
649,338,ARMS_ACT,27,1,1
650,338,ARMS_ACT,25,1,2
651,339,MV_ACT,184,1,1
652,340,NDPS,22,1,1
653,341,NDPS,20,1,1
654,341,NDPS,22,1,2
655,341,NDPS,15,1,3
656,342,DOWRY_ACT,3,1,1
657,342,DOWRY_ACT,4,1,2
658,343,NDPS,20,1,1
659,343,NDPS,15,1,2
660,343,NDPS,21,1,3
661,344,NDPS,20,1,1
662,344,NDPS,15,1,2
663,345,MV_ACT,185,1,1
664,346,POCSO,4,1,1
665,347,EXCISE_ACT,34,1,1
666,347,EXCISE_ACT,32,1,2
667,348,IT_ACT,67,1,1
668,349,IT_ACT,67,1,1
669,349,IT_ACT,66C,1,2
670,350,POCSO,8,1,1
671,351,DOWRY_ACT,3,1,1
672,352,EXCISE_ACT,34,1,1
673,352,EXCISE_ACT,32,1,2
674,353,NDPS,21,1,1
675,353,NDPS,22,1,2
676,354,ARMS_ACT,27,1,1
677,355,ARMS_ACT,25,1,1
678,355,ARMS_ACT,27,1,2
679,356,DOWRY_ACT,3,1,1
680,356,DOWRY_ACT,4,1,2
681,357,DOWRY_ACT,4,1,1
682,357,DOWRY_ACT,3,1,2
683,358,EXCISE_ACT,32,1,1
684,358,EXCISE_ACT,34,1,2
685,359,ARMS_ACT,27,1,1
686,359,ARMS_ACT,25,1,2
687,360,POCSO,4,1,1
688,361,MV_ACT,184,1,1
689,361,MV_ACT,185,1,2
690,362,NDPS,20,1,1
691,363,ARMS_ACT,27,1,1
692,363,ARMS_ACT,25,1,2
693,364,DOWRY_ACT,4,1,1
694,364,DOWRY_ACT,3,1,2
695,365,IPC,363,1,1
696,365,IPC,498A,1,2
697,366,MV_ACT,185,1,1
698,366,MV_ACT,184,1,2
699,367,IPC,395,1,1
700,367,IPC,307,1,2
701,368,BNS,309,1,1
702,368,BNS,318,1,2
703,368,BNS,103,1,3
704,369,IT_ACT,66C,1,1
705,369,IT_ACT,66,1,2
706,370,ARMS_ACT,25,1,1
707,370,ARMS_ACT,27,1,2
708,371,IPC,307,1,1
709,371,IPC,506,1,2
710,372,DOWRY_ACT,4,1,1
711,372,DOWRY_ACT,3,1,2
712,373,IT_ACT,66,1,1
713,373,IT_ACT,67,1,2
714,374,NDPS,20,1,1
715,374,NDPS,22,1,2
716,375,BNS,103,1,1
717,376,EXCISE_ACT,34,1,1
718,377,BNS,318,1,1
719,378,MV_ACT,184,1,1
720,379,POCSO,4,1,1
721,380,IPC,354,1,1
722,380,IPC,302,1,2
723,380,IPC,379,1,3
724,381,EXCISE_ACT,32,1,1
725,381,EXCISE_ACT,34,1,2
726,382,BNS,303,1,1
727,382,BNS,115,1,2
728,383,POCSO,12,1,1
729,384,IPC,307,1,1
730,384,IPC,363,1,2
731,384,IPC,376,1,3
732,385,BNS,303,1,1
733,386,IT_ACT,66,1,1
734,387,IT_ACT,66,1,1
735,387,IT_ACT,66D,1,2
736,388,ARMS_ACT,27,1,1
737,389,POCSO,8,1,1
738,389,POCSO,12,1,2
739,390,ARMS_ACT,27,1,1
740,391,IPC,406,1,1
741,391,IPC,447,1,2
742,392,IT_ACT,66D,1,1
743,392,IT_ACT,66C,1,2
744,392,IT_ACT,67,1,3
745,393,BNS,103,1,1
746,393,BNS,318,1,2
747,393,BNS,115,1,3
748,394,MV_ACT,185,1,1
749,395,ARMS_ACT,27,1,1
750,395,ARMS_ACT,25,1,2
751,396,IPC,506,1,1
752,396,IPC,420,1,2
753,397,NDPS,22,1,1
754,397,NDPS,15,1,2
755,397,NDPS,20,1,3
756,398,IT_ACT,66D,1,1
757,398,IT_ACT,66C,1,2
758,399,POCSO,12,1,1
759,399,POCSO,8,1,2
760,399,POCSO,4,1,3
761,400,POCSO,4,1,1
762,400,POCSO,12,1,2
763,400,POCSO,8,1,3
764,401,NDPS,20,1,1
765,402,NDPS,21,1,1
766,403,MV_ACT,184,1,1
767,404,IPC,307,1,1
768,404,IPC,379,1,2
769,405,BNS,103,1,1
770,406,IT_ACT,66D,1,1
771,406,IT_ACT,66,1,2
772,406,IT_ACT,66C,1,3
773,407,IT_ACT,66D,1,1
774,407,IT_ACT,66C,1,2
775,408,MV_ACT,184,1,1
776,408,MV_ACT,185,1,2
777,409,BNS,115,1,1
778,410,NDPS,22,1,1
779,410,NDPS,15,1,2
780,410,NDPS,21,1,3
781,411,IPC,406,1,1
782,412,DOWRY_ACT,4,1,1
783,412,DOWRY_ACT,3,1,2
784,413,EXCISE_ACT,32,1,1
785,413,EXCISE_ACT,34,1,2
786,414,ARMS_ACT,27,1,1
787,414,ARMS_ACT,25,1,2
788,415,IT_ACT,67,1,1
789,415,IT_ACT,66C,1,2
790,415,IT_ACT,66D,1,3
791,416,IPC,363,1,1
792,416,IPC,307,1,2
793,417,MV_ACT,185,1,1
794,417,MV_ACT,184,1,2
795,418,ARMS_ACT,27,1,1
796,418,ARMS_ACT,25,1,2
797,419,IT_ACT,66D,1,1
798,419,IT_ACT,66,1,2
799,420,DOWRY_ACT,4,1,1
800,420,DOWRY_ACT,3,1,2
801,421,ARMS_ACT,27,1,1
802,422,BNS,115,1,1
803,422,BNS,318,1,2
804,423,IT_ACT,66D,1,1
805,423,IT_ACT,67,1,2
806,423,IT_ACT,66C,1,3
807,424,BNS,115,1,1
808,425,POCSO,4,1,1
809,425,POCSO,12,1,2
810,425,POCSO,8,1,3
811,426,MV_ACT,184,1,1
812,427,IPC,498A,1,1
813,428,IT_ACT,66,1,1
814,428,IT_ACT,66D,1,2
815,428,IT_ACT,67,1,3
816,429,DOWRY_ACT,4,1,1
817,429,DOWRY_ACT,3,1,2
818,430,EXCISE_ACT,32,1,1
819,430,EXCISE_ACT,34,1,2
820,431,NDPS,15,1,1
821,431,NDPS,20,1,2
822,432,NDPS,15,1,1
823,433,IT_ACT,66C,1,1
824,433,IT_ACT,67,1,2
825,434,DOWRY_ACT,3,1,1
826,434,DOWRY_ACT,4,1,2
827,435,IPC,392,1,1
828,435,IPC,506,1,2
829,436,MV_ACT,184,1,1
830,436,MV_ACT,185,1,2
831,437,ARMS_ACT,27,1,1
832,438,ARMS_ACT,25,1,1
833,438,ARMS_ACT,27,1,2
834,439,DOWRY_ACT,4,1,1
835,439,DOWRY_ACT,3,1,2
836,440,IPC,447,1,1
837,440,IPC,376,1,2
838,441,BNS,309,1,1
839,441,BNS,115,1,2
840,442,DOWRY_ACT,4,1,1
841,442,DOWRY_ACT,3,1,2
842,443,ARMS_ACT,25,1,1
843,443,ARMS_ACT,27,1,2
844,444,EXCISE_ACT,34,1,1
845,444,EXCISE_ACT,32,1,2
846,445,NDPS,20,1,1
847,446,EXCISE_ACT,34,1,1
848,446,EXCISE_ACT,32,1,2
849,447,NDPS,21,1,1
850,447,NDPS,22,1,2
851,448,IT_ACT,66,1,1
852,448,IT_ACT,67,1,2
853,448,IT_ACT,66D,1,3
854,449,POCSO,8,1,1
855,449,POCSO,4,1,2
856,449,POCSO,12,1,3
857,450,IT_ACT,67,1,1
858,450,IT_ACT,66,1,2
859,451,POCSO,4,1,1
860,452,POCSO,8,1,1
861,452,POCSO,4,1,2
862,452,POCSO,12,1,3
863,453,DOWRY_ACT,3,1,1
864,454,MV_ACT,184,1,1
865,454,MV_ACT,185,1,2
866,455,NDPS,22,1,1
867,455,NDPS,20,1,2
868,456,IPC,380,1,1
869,456,IPC,506,1,2
870,457,IT_ACT,66,1,1
871,457,IT_ACT,67,1,2
872,458,NDPS,15,1,1
873,458,NDPS,21,1,2
874,458,NDPS,20,1,3
875,459,IPC,506,1,1
876,459,IPC,379,1,2
877,460,DOWRY_ACT,4,1,1
878,460,DOWRY_ACT,3,1,2
879,461,NDPS,20,1,1
880,462,DOWRY_ACT,3,1,1
881,462,DOWRY_ACT,4,1,2
882,463,ARMS_ACT,27,1,1
883,464,NDPS,20,1,1
884,464,NDPS,22,1,2
885,465,IPC,395,1,1
886,465,IPC,324,1,2
887,465,IPC,380,1,3
888,466,ARMS_ACT,27,1,1
889,467,NDPS,22,1,1
890,467,NDPS,20,1,2
891,468,BNS,309,1,1
892,468,BNS,318,1,2
893,468,BNS,103,1,3
894,469,IT_ACT,67,1,1
895,470,POCSO,12,1,1
896,471,DOWRY_ACT,3,1,1
897,471,DOWRY_ACT,4,1,2
898,472,IT_ACT,66D,1,1
899,473,EXCISE_ACT,32,1,1
900,474,IT_ACT,66,1,1
901,474,IT_ACT,67,1,2
902,474,IT_ACT,66C,1,3
903,475,MV_ACT,184,1,1
904,476,ARMS_ACT,25,1,1
905,476,ARMS_ACT,27,1,2
906,477,IT_ACT,66D,1,1
907,478,IT_ACT,66C,1,1
908,478,IT_ACT,67,1,2
909,478,IT_ACT,66D,1,3
910,479,EXCISE_ACT,32,1,1
911,479,EXCISE_ACT,34,1,2
912,480,IPC,392,1,1
913,480,IPC,363,1,2
914,480,IPC,354,1,3
915,481,POCSO,12,1,1
916,482,NDPS,15,1,1
917,483,MV_ACT,184,1,1
918,484,BNS,103,1,1
919,485,MV_ACT,185,1,1
920,485,MV_ACT,184,1,2
921,486,NDPS,22,1,1
922,486,NDPS,15,1,2
923,487,BNS,303,1,1
924,487,BNS,309,1,2
925,487,BNS,318,1,3
926,488,NDPS,15,1,1
927,489,DOWRY_ACT,3,1,1
928,489,DOWRY_ACT,4,1,2
929,490,BNS,103,1,1
930,491,DOWRY_ACT,3,1,1
931,491,DOWRY_ACT,4,1,2
932,492,DOWRY_ACT,3,1,1
933,492,DOWRY_ACT,4,1,2
934,493,NDPS,20,1,1
935,493,NDPS,22,1,2
936,493,NDPS,21,1,3
937,494,BNS,309,1,1
938,494,BNS,115,1,2
939,495,IT_ACT,66,1,1
940,495,IT_ACT,66C,1,2
941,495,IT_ACT,67,1,3
942,496,IPC,380,1,1
943,496,IPC,406,1,2
944,496,IPC,307,1,3
945,497,DOWRY_ACT,3,1,1
946,498,POCSO,12,1,1
947,499,NDPS,21,1,1
948,499,NDPS,20,1,2
949,500,DOWRY_ACT,4,1,1
950,501,BNS,115,1,1
951,501,BNS,103,1,2
952,501,BNS,303,1,3
953,502,POCSO,8,1,1
954,502,POCSO,12,1,2
955,503,NDPS,21,1,1
956,504,ARMS_ACT,25,1,1
957,505,IT_ACT,66C,1,1
958,505,IT_ACT,66D,1,2
959,505,IT_ACT,67,1,3
960,506,EXCISE_ACT,34,1,1
961,506,EXCISE_ACT,32,1,2
962,507,DOWRY_ACT,3,1,1
963,508,POCSO,12,1,1
964,509,EXCISE_ACT,32,1,1
965,510,ARMS_ACT,25,1,1
966,510,ARMS_ACT,27,1,2
967,511,ARMS_ACT,27,1,1
968,511,ARMS_ACT,25,1,2
969,512,IPC,324,1,1
970,513,ARMS_ACT,27,1,1
971,513,ARMS_ACT,25,1,2
972,514,NDPS,22,1,1
973,514,NDPS,20,1,2
974,515,DOWRY_ACT,4,1,1
975,515,DOWRY_ACT,3,1,2
976,516,BNS,318,1,1
977,516,BNS,309,1,2
978,517,ARMS_ACT,25,1,1
979,517,ARMS_ACT,27,1,2
980,518,IT_ACT,66D,1,1
981,519,ARMS_ACT,25,1,1
982,519,ARMS_ACT,27,1,2
983,520,IT_ACT,66C,1,1
984,520,IT_ACT,67,1,2
985,521,IPC,406,1,1
986,522,IPC,420,1,1
987,522,IPC,447,1,2
988,523,EXCISE_ACT,32,1,1
989,524,POCSO,12,1,1
990,524,POCSO,4,1,2
991,525,NDPS,20,1,1
992,526,NDPS,15,1,1
993,526,NDPS,20,1,2
994,526,NDPS,21,1,3
995,527,NDPS,20,1,1
996,528,NDPS,15,1,1
997,529,EXCISE_ACT,34,1,1
998,530,IPC,406,1,1
999,530,IPC,506,1,2
1000,531,EXCISE_ACT,32,1,1
1001,531,EXCISE_ACT,34,1,2
1002,532,EXCISE_ACT,32,1,1
1003,532,EXCISE_ACT,34,1,2
1004,533,EXCISE_ACT,34,1,1
1005,534,IPC,354,1,1
1006,534,IPC,420,1,2
1007,535,IT_ACT,66C,1,1
1008,535,IT_ACT,66,1,2
1009,536,IPC,363,1,1
1010,536,IPC,406,1,2
1011,536,IPC,380,1,3
1012,537,IPC,302,1,1
1013,537,IPC,307,1,2
1014,537,IPC,498A,1,3
1015,538,IPC,420,1,1
1016,539,ARMS_ACT,27,1,1
1017,540,POCSO,4,1,1
1018,541,BNS,303,1,1
1019,541,BNS,115,1,2
1020,541,BNS,309,1,3
1021,542,ARMS_ACT,27,1,1
1022,542,ARMS_ACT,25,1,2
1023,543,POCSO,4,1,1
1024,543,POCSO,12,1,2
1025,544,POCSO,8,1,1
1026,545,POCSO,8,1,1
1027,546,IPC,379,1,1
1028,546,IPC,395,1,2
1029,547,IPC,447,1,1
1030,547,IPC,379,1,2
1031,547,IPC,324,1,3
1032,548,ARMS_ACT,25,1,1
1033,548,ARMS_ACT,27,1,2
1034,549,IT_ACT,66C,1,1
1035,550,NDPS,15,1,1
1036,550,NDPS,22,1,2
1037,551,POCSO,12,1,1
1038,551,POCSO,8,1,2
1039,552,MV_ACT,185,1,1
1040,552,MV_ACT,184,1,2
1041,553,DOWRY_ACT,3,1,1
1042,554,BNS,115,1,1
1043,555,DOWRY_ACT,4,1,1
1044,556,ARMS_ACT,25,1,1
1045,557,EXCISE_ACT,34,1,1
1046,557,EXCISE_ACT,32,1,2
1047,558,ARMS_ACT,25,1,1
1048,558,ARMS_ACT,27,1,2
1049,559,POCSO,8,1,1
1050,560,POCSO,12,1,1
1051,560,POCSO,4,1,2
1052,561,DOWRY_ACT,4,1,1
1053,561,DOWRY_ACT,3,1,2
1054,562,EXCISE_ACT,34,1,1
1055,563,IT_ACT,67,1,1
1056,563,IT_ACT,66,1,2
1057,563,IT_ACT,66C,1,3
1058,564,IPC,420,1,1
1059,565,NDPS,20,1,1
1060,565,NDPS,22,1,2
1061,565,NDPS,21,1,3
1062,566,IPC,323,1,1
1063,566,IPC,379,1,2
1064,567,DOWRY_ACT,3,1,1
1065,568,DOWRY_ACT,4,1,1
1066,569,IT_ACT,66C,1,1
1067,570,EXCISE_ACT,32,1,1
1068,570,EXCISE_ACT,34,1,2
1069,571,IPC,379,1,1
1070,571,IPC,323,1,2
1071,572,DOWRY_ACT,3,1,1
1072,572,DOWRY_ACT,4,1,2
1073,573,NDPS,21,1,1
1074,574,MV_ACT,185,1,1
1075,575,ARMS_ACT,27,1,1
1076,575,ARMS_ACT,25,1,2
1077,576,IPC,380,1,1
1078,577,NDPS,21,1,1
1079,577,NDPS,15,1,2
1080,577,NDPS,20,1,3
1081,578,BNS,309,1,1
1082,579,EXCISE_ACT,32,1,1
1083,579,EXCISE_ACT,34,1,2
1084,580,ARMS_ACT,27,1,1
1085,580,ARMS_ACT,25,1,2
1086,581,IPC,379,1,1
1087,581,IPC,447,1,2
1088,581,IPC,354,1,3
1089,582,ARMS_ACT,27,1,1
1090,582,ARMS_ACT,25,1,2
1091,583,NDPS,22,1,1
1092,583,NDPS,20,1,2
1093,584,IPC,406,1,1
1094,585,POCSO,4,1,1
1095,585,POCSO,8,1,2
1096,585,POCSO,12,1,3
1097,586,ARMS_ACT,27,1,1
1098,587,ARMS_ACT,25,1,1
1099,587,ARMS_ACT,27,1,2
1100,588,BNS,318,1,1
1101,589,ARMS_ACT,27,1,1
1102,589,ARMS_ACT,25,1,2
1103,590,IPC,302,1,1
1104,591,ARMS_ACT,25,1,1
1105,591,ARMS_ACT,27,1,2
1106,592,EXCISE_ACT,32,1,1
1107,592,EXCISE_ACT,34,1,2
1108,593,MV_ACT,184,1,1
1109,593,MV_ACT,185,1,2
1110,594,IT_ACT,66C,1,1
1111,595,IPC,506,1,1
1112,595,IPC,379,1,2
1113,595,IPC,363,1,3
1114,596,DOWRY_ACT,4,1,1
1115,596,DOWRY_ACT,3,1,2
1116,597,IT_ACT,66,1,1
1117,598,BNS,309,1,1
1118,598,BNS,318,1,2
1119,599,DOWRY_ACT,3,1,1
1120,599,DOWRY_ACT,4,1,2
1121,600,POCSO,4,1,1
1122,600,POCSO,12,1,2
1123,601,ARMS_ACT,27,1,1
1124,602,POCSO,8,1,1
1125,602,POCSO,4,1,2
1126,603,NDPS,20,1,1
1127,603,NDPS,22,1,2
1128,603,NDPS,15,1,3
1129,604,POCSO,4,1,1
1130,604,POCSO,8,1,2
1131,604,POCSO,12,1,3
1132,605,IPC,380,1,1
1133,605,IPC,323,1,2
1134,606,EXCISE_ACT,34,1,1
1135,607,BNS,303,1,1
1136,607,BNS,115,1,2
1137,608,POCSO,12,1,1
1138,609,NDPS,20,1,1
1139,609,NDPS,22,1,2
1140,610,EXCISE_ACT,32,1,1
1141,610,EXCISE_ACT,34,1,2
1142,611,POCSO,8,1,1
1143,611,POCSO,12,1,2
1144,612,NDPS,21,1,1
1145,612,NDPS,15,1,2
1146,613,EXCISE_ACT,32,1,1
1147,614,MV_ACT,185,1,1
1148,615,POCSO,8,1,1
1149,616,POCSO,12,1,1
1150,616,POCSO,8,1,2
1151,617,NDPS,21,1,1
1152,617,NDPS,15,1,2
1153,618,MV_ACT,184,1,1
1154,618,MV_ACT,185,1,2
1155,619,NDPS,20,1,1
1156,619,NDPS,21,1,2
1157,619,NDPS,22,1,3
1158,620,IT_ACT,66,1,1
1159,620,IT_ACT,66D,1,2
1160,620,IT_ACT,66C,1,3
1161,621,POCSO,4,1,1
1162,622,IPC,380,1,1
1163,622,IPC,395,1,2
1164,622,IPC,406,1,3
1165,623,BNS,309,1,1
1166,623,BNS,303,1,2
1167,624,EXCISE_ACT,32,1,1
1168,624,EXCISE_ACT,34,1,2
1169,625,POCSO,12,1,1
1170,625,POCSO,4,1,2
1171,625,POCSO,8,1,3
1172,626,MV_ACT,185,1,1
1173,626,MV_ACT,184,1,2
1174,627,ARMS_ACT,27,1,1
1175,628,MV_ACT,184,1,1
1176,628,MV_ACT,185,1,2
1177,629,NDPS,20,1,1
1178,629,NDPS,22,1,2
1179,630,IPC,420,1,1
1180,630,IPC,506,1,2
1181,630,IPC,324,1,3
1182,631,BNS,318,1,1
1183,631,BNS,103,1,2
1184,631,BNS,309,1,3
1185,632,ARMS_ACT,27,1,1
1186,633,ARMS_ACT,25,1,1
1187,633,ARMS_ACT,27,1,2
1188,634,IT_ACT,67,1,1
1189,634,IT_ACT,66C,1,2
1190,634,IT_ACT,66D,1,3
1191,635,ARMS_ACT,25,1,1
1192,636,IPC,363,1,1
1193,636,IPC,376,1,2
1194,637,DOWRY_ACT,3,1,1
1195,637,DOWRY_ACT,4,1,2
1196,638,ARMS_ACT,25,1,1
1197,638,ARMS_ACT,27,1,2
1198,639,IPC,354,1,1
1199,639,IPC,395,1,2
1200,639,IPC,420,1,3
1201,640,POCSO,8,1,1
1202,640,POCSO,4,1,2
1203,641,NDPS,20,1,1
1204,641,NDPS,22,1,2
1205,642,NDPS,15,1,1
1206,642,NDPS,21,1,2
1207,643,EXCISE_ACT,32,1,1
1208,643,EXCISE_ACT,34,1,2
1209,644,EXCISE_ACT,32,1,1
1210,644,EXCISE_ACT,34,1,2
1211,645,NDPS,22,1,1
1212,646,POCSO,4,1,1
1213,647,MV_ACT,185,1,1
1214,648,EXCISE_ACT,32,1,1
1215,648,EXCISE_ACT,34,1,2
1216,649,IPC,406,1,1
1217,649,IPC,392,1,2
1218,650,IPC,506,1,1
1219,650,IPC,354,1,2
1220,650,IPC,376,1,3
1221,651,IT_ACT,66D,1,1
1222,651,IT_ACT,66C,1,2
1223,652,ARMS_ACT,27,1,1
1224,652,ARMS_ACT,25,1,2
1225,653,IT_ACT,66C,1,1
1226,654,MV_ACT,185,1,1
1227,654,MV_ACT,184,1,2
1228,655,DOWRY_ACT,4,1,1
1229,655,DOWRY_ACT,3,1,2
1230,656,MV_ACT,184,1,1
1231,656,MV_ACT,185,1,2
1232,657,ARMS_ACT,25,1,1
1233,657,ARMS_ACT,27,1,2
1234,658,NDPS,15,1,1
1235,658,NDPS,20,1,2
1236,659,DOWRY_ACT,4,1,1
1237,659,DOWRY_ACT,3,1,2
1238,660,IT_ACT,66D,1,1
1239,661,IT_ACT,66C,1,1
1240,662,MV_ACT,185,1,1
1241,662,MV_ACT,184,1,2
1242,663,ARMS_ACT,27,1,1
1243,663,ARMS_ACT,25,1,2
1244,664,MV_ACT,185,1,1
1245,665,IPC,354,1,1
1246,666,IT_ACT,66,1,1
1247,666,IT_ACT,66C,1,2
1248,667,NDPS,22,1,1
1249,667,NDPS,20,1,2
1250,667,NDPS,15,1,3
1251,668,DOWRY_ACT,3,1,1
1252,668,DOWRY_ACT,4,1,2
1253,669,MV_ACT,185,1,1
1254,669,MV_ACT,184,1,2
1255,670,POCSO,8,1,1
1256,670,POCSO,12,1,2
1257,671,MV_ACT,185,1,1
1258,671,MV_ACT,184,1,2
1259,672,DOWRY_ACT,4,1,1
1260,672,DOWRY_ACT,3,1,2
1261,673,BNS,115,1,1
1262,673,BNS,318,1,2
1263,674,EXCISE_ACT,34,1,1
1264,674,EXCISE_ACT,32,1,2
1265,675,EXCISE_ACT,34,1,1
1266,675,EXCISE_ACT,32,1,2
1267,676,MV_ACT,184,1,1
1268,676,MV_ACT,185,1,2
1269,677,POCSO,4,1,1
1270,678,BNS,309,1,1
1271,678,BNS,303,1,2
1272,678,BNS,103,1,3
1273,679,POCSO,8,1,1
1274,680,EXCISE_ACT,32,1,1
1275,681,IPC,392,1,1
1276,682,BNS,303,1,1
1277,682,BNS,318,1,2
1278,683,ARMS_ACT,27,1,1
1279,683,ARMS_ACT,25,1,2
1280,684,NDPS,15,1,1
1281,684,NDPS,21,1,2
1282,684,NDPS,20,1,3
1283,685,POCSO,8,1,1
1284,685,POCSO,12,1,2
1285,685,POCSO,4,1,3
1286,686,BNS,309,1,1
1287,686,BNS,115,1,2
1288,686,BNS,318,1,3
1289,687,MV_ACT,184,1,1
1290,688,BNS,318,1,1
1291,689,DOWRY_ACT,3,1,1
1292,690,NDPS,22,1,1
1293,690,NDPS,20,1,2
1294,690,NDPS,21,1,3
1295,691,NDPS,20,1,1
1296,691,NDPS,22,1,2
1297,692,POCSO,12,1,1
1298,692,POCSO,4,1,2
1299,693,DOWRY_ACT,3,1,1
1300,693,DOWRY_ACT,4,1,2
1301,694,IPC,498A,1,1
1302,695,POCSO,12,1,1
1303,696,ARMS_ACT,27,1,1
1304,696,ARMS_ACT,25,1,2
1305,697,ARMS_ACT,27,1,1
1306,697,ARMS_ACT,25,1,2
1307,698,MV_ACT,184,1,1
1308,698,MV_ACT,185,1,2
1309,699,IT_ACT,66D,1,1
1310,700,IT_ACT,67,1,1
1311,700,IT_ACT,66,1,2
1312,701,DOWRY_ACT,4,1,1
1313,701,DOWRY_ACT,3,1,2
1314,702,MV_ACT,184,1,1
1315,702,MV_ACT,185,1,2
1316,703,EXCISE_ACT,32,1,1
1317,703,EXCISE_ACT,34,1,2
1318,704,POCSO,4,1,1
1319,705,IT_ACT,67,1,1
1320,705,IT_ACT,66,1,2
1321,706,EXCISE_ACT,34,1,1
1322,706,EXCISE_ACT,32,1,2
1323,707,POCSO,12,1,1
1324,707,POCSO,4,1,2
1325,708,BNS,103,1,1
1326,709,IT_ACT,66C,1,1
1327,710,POCSO,8,1,1
1328,710,POCSO,4,1,2
1329,710,POCSO,12,1,3
1330,711,EXCISE_ACT,32,1,1
1331,711,EXCISE_ACT,34,1,2
1332,712,BNS,303,1,1
1333,712,BNS,115,1,2
1334,712,BNS,103,1,3
1335,713,POCSO,4,1,1
1336,714,DOWRY_ACT,4,1,1
1337,715,IT_ACT,66,1,1
1338,716,POCSO,4,1,1
1339,716,POCSO,8,1,2
1340,717,POCSO,4,1,1
1341,717,POCSO,8,1,2
1342,717,POCSO,12,1,3
1343,718,IPC,420,1,1
1344,718,IPC,307,1,2
1345,718,IPC,302,1,3
1346,719,POCSO,4,1,1
1347,719,POCSO,8,1,2
1348,719,POCSO,12,1,3
1349,720,MV_ACT,185,1,1
1350,720,MV_ACT,184,1,2
1351,721,EXCISE_ACT,32,1,1
1352,721,EXCISE_ACT,34,1,2
1353,722,DOWRY_ACT,4,1,1
1354,722,DOWRY_ACT,3,1,2
1355,723,DOWRY_ACT,3,1,1
1356,724,NDPS,22,1,1
1357,725,IPC,376,1,1
1358,725,IPC,420,1,2
1359,726,IPC,363,1,1
1360,727,BNS,318,1,1
1361,728,IT_ACT,66D,1,1
1362,728,IT_ACT,67,1,2
1363,728,IT_ACT,66C,1,3
1364,729,IT_ACT,67,1,1
1365,729,IT_ACT,66C,1,2
1366,730,EXCISE_ACT,34,1,1
1367,730,EXCISE_ACT,32,1,2
1368,731,EXCISE_ACT,32,1,1
1369,732,MV_ACT,185,1,1
1370,732,MV_ACT,184,1,2
1371,733,ARMS_ACT,27,1,1
1372,734,DOWRY_ACT,3,1,1
1373,735,IT_ACT,66C,1,1
1374,735,IT_ACT,66D,1,2
1375,736,ARMS_ACT,25,1,1
1376,736,ARMS_ACT,27,1,2
1377,737,EXCISE_ACT,34,1,1
1378,737,EXCISE_ACT,32,1,2
1379,738,EXCISE_ACT,32,1,1
1380,738,EXCISE_ACT,34,1,2
1381,739,NDPS,20,1,1
1382,740,BNS,318,1,1
1383,740,BNS,309,1,2
1384,741,ARMS_ACT,25,1,1
1385,741,ARMS_ACT,27,1,2
1386,742,IT_ACT,66,1,1
1387,743,POCSO,12,1,1
1388,743,POCSO,8,1,2
1389,743,POCSO,4,1,3
1390,744,IPC,406,1,1
1391,744,IPC,506,1,2
1392,745,EXCISE_ACT,32,1,1
1393,746,DOWRY_ACT,4,1,1
1394,746,DOWRY_ACT,3,1,2
1395,747,POCSO,4,1,1
1396,747,POCSO,12,1,2
1397,748,MV_ACT,185,1,1
1398,749,NDPS,20,1,1
1399,749,NDPS,15,1,2
1400,750,EXCISE_ACT,32,1,1
1401,750,EXCISE_ACT,34,1,2
1402,751,NDPS,20,1,1
1403,752,MV_ACT,184,1,1
1404,753,BNS,103,1,1
1405,753,BNS,318,1,2
1406,753,BNS,303,1,3
1407,754,ARMS_ACT,27,1,1
1408,754,ARMS_ACT,25,1,2
1409,755,IT_ACT,66D,1,1
1410,756,NDPS,15,1,1
1411,757,NDPS,20,1,1
1412,757,NDPS,22,1,2
1413,757,NDPS,21,1,3
1414,758,MV_ACT,185,1,1
1415,758,MV_ACT,184,1,2
1416,759,ARMS_ACT,27,1,1
1417,760,DOWRY_ACT,3,1,1
1418,761,IT_ACT,66,1,1
1419,761,IT_ACT,67,1,2
1420,761,IT_ACT,66D,1,3
1421,762,NDPS,21,1,1
1422,763,NDPS,15,1,1
1423,763,NDPS,20,1,2
1424,763,NDPS,21,1,3
1425,764,DOWRY_ACT,3,1,1
1426,764,DOWRY_ACT,4,1,2
1427,765,POCSO,12,1,1
1428,765,POCSO,8,1,2
1429,766,NDPS,22,1,1
1430,766,NDPS,15,1,2
1431,767,POCSO,4,1,1
1432,768,DOWRY_ACT,3,1,1
1433,769,BNS,303,1,1
1434,770,NDPS,15,1,1
1435,770,NDPS,21,1,2
1436,771,POCSO,8,1,1
1437,771,POCSO,12,1,2
1438,772,IT_ACT,67,1,1
1439,772,IT_ACT,66,1,2
1440,772,IT_ACT,66D,1,3
1441,773,IT_ACT,66,1,1
1442,774,DOWRY_ACT,3,1,1
1443,775,NDPS,20,1,1
1444,775,NDPS,15,1,2
1445,775,NDPS,22,1,3
1446,776,MV_ACT,185,1,1
1447,776,MV_ACT,184,1,2
1448,777,IPC,354,1,1
1449,777,IPC,376,1,2
1450,777,IPC,380,1,3
1451,778,ARMS_ACT,27,1,1
1452,779,DOWRY_ACT,4,1,1
1453,779,DOWRY_ACT,3,1,2
1454,780,POCSO,8,1,1
1455,780,POCSO,4,1,2
1456,781,POCSO,12,1,1
1457,781,POCSO,4,1,2
1458,781,POCSO,8,1,3
1459,782,ARMS_ACT,27,1,1
1460,782,ARMS_ACT,25,1,2
1461,783,IT_ACT,67,1,1
1462,783,IT_ACT,66C,1,2
1463,783,IT_ACT,66,1,3
1464,784,NDPS,15,1,1
1465,784,NDPS,20,1,2
1466,784,NDPS,21,1,3
1467,785,MV_ACT,184,1,1
1468,785,MV_ACT,185,1,2
1469,786,ARMS_ACT,25,1,1
1470,787,ARMS_ACT,27,1,1
1471,787,ARMS_ACT,25,1,2
1472,788,ARMS_ACT,25,1,1
1473,788,ARMS_ACT,27,1,2
1474,789,ARMS_ACT,25,1,1
1475,790,POCSO,4,1,1
1476,791,NDPS,15,1,1
1477,791,NDPS,22,1,2
1478,792,EXCISE_ACT,32,1,1
1479,792,EXCISE_ACT,34,1,2
1480,793,BNS,318,1,1
1481,794,BNS,303,1,1
1482,794,BNS,309,1,2
1483,795,NDPS,21,1,1
1484,796,MV_ACT,184,1,1
1485,796,MV_ACT,185,1,2
1486,797,IT_ACT,67,1,1
1487,797,IT_ACT,66C,1,2
1488,798,NDPS,20,1,1
1489,799,DOWRY_ACT,4,1,1
1490,799,DOWRY_ACT,3,1,2
1491,800,IPC,354,1,1
1492,801,EXCISE_ACT,34,1,1
1493,801,EXCISE_ACT,32,1,2
1494,802,POCSO,4,1,1
1495,803,MV_ACT,185,1,1
1496,804,IPC,379,1,1
1497,804,IPC,302,1,2
1498,804,IPC,395,1,3
1499,805,BNS,103,1,1
1500,806,IT_ACT,67,1,1
1501,807,NDPS,20,1,1
1502,808,DOWRY_ACT,4,1,1
1503,809,POCSO,8,1,1
1504,810,ARMS_ACT,25,1,1
1505,811,IPC,498A,1,1
1506,811,IPC,447,1,2
1507,812,DOWRY_ACT,3,1,1
1508,812,DOWRY_ACT,4,1,2
1509,813,NDPS,15,1,1
1510,813,NDPS,20,1,2
1511,814,ARMS_ACT,27,1,1
1512,815,ARMS_ACT,25,1,1
1513,815,ARMS_ACT,27,1,2
1514,816,POCSO,8,1,1
1515,816,POCSO,12,1,2
1516,817,NDPS,20,1,1
1517,818,IT_ACT,67,1,1
1518,819,POCSO,12,1,1
1519,819,POCSO,8,1,2
1520,820,IT_ACT,66,1,1
1521,820,IT_ACT,67,1,2
1522,821,ARMS_ACT,25,1,1
1523,821,ARMS_ACT,27,1,2
1524,822,ARMS_ACT,27,1,1
1525,822,ARMS_ACT,25,1,2
1526,823,EXCISE_ACT,34,1,1
1527,824,DOWRY_ACT,3,1,1
1528,824,DOWRY_ACT,4,1,2
1529,825,IT_ACT,67,1,1
1530,825,IT_ACT,66D,1,2
1531,825,IT_ACT,66C,1,3
1532,826,MV_ACT,185,1,1
1533,827,POCSO,8,1,1
1534,827,POCSO,4,1,2
1535,828,ARMS_ACT,25,1,1
1536,828,ARMS_ACT,27,1,2
1537,829,POCSO,8,1,1
1538,830,IT_ACT,66D,1,1
1539,830,IT_ACT,67,1,2
1540,830,IT_ACT,66C,1,3
1541,831,NDPS,22,1,1
1542,831,NDPS,15,1,2
1543,831,NDPS,20,1,3
1544,832,MV_ACT,185,1,1
1545,832,MV_ACT,184,1,2
1546,833,DOWRY_ACT,4,1,1
1547,834,IT_ACT,67,1,1
1548,835,EXCISE_ACT,32,1,1
1549,835,EXCISE_ACT,34,1,2
1550,836,EXCISE_ACT,32,1,1
1551,836,EXCISE_ACT,34,1,2
1552,837,EXCISE_ACT,32,1,1
1553,837,EXCISE_ACT,34,1,2
1554,838,BNS,309,1,1
1555,838,BNS,318,1,2
1556,839,IT_ACT,67,1,1
1557,839,IT_ACT,66,1,2
1558,840,IT_ACT,66C,1,1
1559,841,BNS,115,1,1
1560,842,BNS,115,1,1
1561,842,BNS,309,1,2
1562,843,DOWRY_ACT,4,1,1
1563,843,DOWRY_ACT,3,1,2
1564,844,MV_ACT,184,1,1
1565,844,MV_ACT,185,1,2
1566,845,DOWRY_ACT,3,1,1
1567,845,DOWRY_ACT,4,1,2
1568,846,EXCISE_ACT,34,1,1
1569,846,EXCISE_ACT,32,1,2
1570,847,POCSO,8,1,1
1571,847,POCSO,4,1,2
1572,848,IPC,354,1,1
1573,848,IPC,324,1,2
1574,849,EXCISE_ACT,32,1,1
1575,849,EXCISE_ACT,34,1,2
1576,850,EXCISE_ACT,34,1,1
1577,850,EXCISE_ACT,32,1,2
1578,851,DOWRY_ACT,3,1,1
1579,851,DOWRY_ACT,4,1,2
1580,852,NDPS,21,1,1
1581,852,NDPS,20,1,2
1582,853,ARMS_ACT,25,1,1
1583,853,ARMS_ACT,27,1,2
1584,854,ARMS_ACT,27,1,1
1585,854,ARMS_ACT,25,1,2
1586,855,IT_ACT,66C,1,1
1587,856,NDPS,21,1,1
1588,856,NDPS,20,1,2
1589,856,NDPS,15,1,3
1590,857,EXCISE_ACT,34,1,1
1591,857,EXCISE_ACT,32,1,2
1592,858,ARMS_ACT,27,1,1
1593,859,MV_ACT,185,1,1
1594,860,IPC,324,1,1
1595,860,IPC,302,1,2
1596,860,IPC,307,1,3
1597,861,IPC,324,1,1
1598,861,IPC,406,1,2
1599,861,IPC,498A,1,3
1600,862,DOWRY_ACT,4,1,1
1601,863,POCSO,12,1,1
1602,863,POCSO,8,1,2
1603,863,POCSO,4,1,3
1604,864,IT_ACT,67,1,1
1605,864,IT_ACT,66,1,2
1606,865,ARMS_ACT,25,1,1
1607,865,ARMS_ACT,27,1,2
1608,866,POCSO,12,1,1
1609,866,POCSO,4,1,2
1610,867,BNS,318,1,1
1611,867,BNS,309,1,2
1612,867,BNS,115,1,3
1613,868,DOWRY_ACT,4,1,1
1614,869,IT_ACT,66,1,1
1615,869,IT_ACT,66C,1,2
1616,870,IPC,380,1,1
1617,871,ARMS_ACT,27,1,1
1618,872,IPC,324,1,1
1619,872,IPC,379,1,2
1620,873,IT_ACT,67,1,1
1621,874,NDPS,20,1,1
1622,874,NDPS,22,1,2
1623,875,MV_ACT,185,1,1
1624,875,MV_ACT,184,1,2
1625,876,DOWRY_ACT,4,1,1
1626,876,DOWRY_ACT,3,1,2
1627,877,BNS,309,1,1
1628,877,BNS,318,1,2
1629,878,POCSO,4,1,1
1630,878,POCSO,8,1,2
1631,879,POCSO,12,1,1
1632,879,POCSO,8,1,2
1633,880,NDPS,15,1,1
1634,880,NDPS,21,1,2
1635,881,IT_ACT,67,1,1
1636,881,IT_ACT,66,1,2
1637,882,MV_ACT,184,1,1
1638,882,MV_ACT,185,1,2
1639,883,ARMS_ACT,25,1,1
1640,884,MV_ACT,184,1,1
1641,885,EXCISE_ACT,32,1,1
1642,885,EXCISE_ACT,34,1,2
1643,886,ARMS_ACT,27,1,1
1644,886,ARMS_ACT,25,1,2
1645,887,DOWRY_ACT,3,1,1
1646,888,NDPS,15,1,1
1647,888,NDPS,20,1,2
1648,889,BNS,309,1,1
1649,889,BNS,103,1,2
1650,890,IT_ACT,66C,1,1
1651,890,IT_ACT,66,1,2
1652,891,IT_ACT,67,1,1
1653,891,IT_ACT,66C,1,2
1654,891,IT_ACT,66,1,3
1655,892,MV_ACT,184,1,1
1656,892,MV_ACT,185,1,2
1657,893,BNS,303,1,1
1658,893,BNS,103,1,2
1659,894,POCSO,8,1,1
1660,894,POCSO,12,1,2
1661,894,POCSO,4,1,3
1662,895,POCSO,8,1,1
1663,895,POCSO,4,1,2
1664,895,POCSO,12,1,3
1665,896,ARMS_ACT,25,1,1
1666,896,ARMS_ACT,27,1,2
1667,897,MV_ACT,185,1,1
1668,898,DOWRY_ACT,4,1,1
1669,898,DOWRY_ACT,3,1,2
1670,899,IT_ACT,66C,1,1
1671,899,IT_ACT,66,1,2
1672,900,IPC,379,1,1
1673,900,IPC,506,1,2
1674,901,EXCISE_ACT,34,1,1
1675,901,EXCISE_ACT,32,1,2
1676,902,IPC,376,1,1
1677,902,IPC,307,1,2
1678,902,IPC,379,1,3
1679,903,IT_ACT,66C,1,1
1680,904,NDPS,22,1,1
1681,904,NDPS,20,1,2
1682,904,NDPS,15,1,3
1683,905,ARMS_ACT,25,1,1
1684,905,ARMS_ACT,27,1,2
1685,906,EXCISE_ACT,32,1,1
1686,906,EXCISE_ACT,34,1,2
1687,907,ARMS_ACT,25,1,1
1688,907,ARMS_ACT,27,1,2
1689,908,NDPS,20,1,1
1690,908,NDPS,15,1,2
1691,909,IPC,307,1,1
1692,909,IPC,395,1,2
1693,910,BNS,103,1,1
1694,910,BNS,303,1,2
1695,910,BNS,309,1,3
1696,911,EXCISE_ACT,32,1,1
1697,911,EXCISE_ACT,34,1,2
1698,912,POCSO,4,1,1
1699,912,POCSO,8,1,2
1700,913,MV_ACT,185,1,1
1701,913,MV_ACT,184,1,2
1702,914,NDPS,20,1,1
1703,915,MV_ACT,184,1,1
1704,916,IPC,379,1,1
1705,916,IPC,498A,1,2
1706,917,IPC,302,1,1
1707,917,IPC,376,1,2
1708,918,ARMS_ACT,25,1,1
1709,919,IPC,406,1,1
1710,919,IPC,379,1,2
1711,919,IPC,380,1,3
1712,920,BNS,309,1,1
1713,920,BNS,318,1,2
1714,920,BNS,115,1,3
1715,921,EXCISE_ACT,34,1,1
1716,921,EXCISE_ACT,32,1,2
1717,922,IPC,379,1,1
1718,922,IPC,420,1,2
1719,922,IPC,447,1,3
1720,923,BNS,303,1,1
1721,923,BNS,318,1,2
1722,923,BNS,309,1,3
1723,924,BNS,115,1,1
1724,924,BNS,309,1,2
1725,925,IPC,392,1,1
1726,925,IPC,447,1,2
1727,925,IPC,354,1,3
1728,926,MV_ACT,184,1,1
1729,927,IT_ACT,66C,1,1
1730,927,IT_ACT,66D,1,2
1731,928,ARMS_ACT,27,1,1
1732,928,ARMS_ACT,25,1,2
1733,929,POCSO,4,1,1
1734,930,POCSO,12,1,1
1735,931,ARMS_ACT,25,1,1
1736,931,ARMS_ACT,27,1,2
1737,932,BNS,103,1,1
1738,932,BNS,318,1,2
1739,932,BNS,309,1,3
1740,933,ARMS_ACT,25,1,1
1741,934,BNS,303,1,1
1742,934,BNS,309,1,2
1743,934,BNS,103,1,3
1744,935,DOWRY_ACT,3,1,1
1745,936,MV_ACT,184,1,1
1746,937,MV_ACT,185,1,1
1747,937,MV_ACT,184,1,2
1748,938,ARMS_ACT,27,1,1
1749,938,ARMS_ACT,25,1,2
1750,939,BNS,115,1,1
1751,940,ARMS_ACT,27,1,1
1752,940,ARMS_ACT,25,1,2
1753,941,DOWRY_ACT,3,1,1
1754,941,DOWRY_ACT,4,1,2
1755,942,EXCISE_ACT,32,1,1
1756,942,EXCISE_ACT,34,1,2
1757,943,BNS,303,1,1
1758,943,BNS,103,1,2
1759,944,MV_ACT,184,1,1
1760,944,MV_ACT,185,1,2
1761,945,IT_ACT,66,1,1
1762,945,IT_ACT,67,1,2
1763,945,IT_ACT,66C,1,3
1764,946,POCSO,12,1,1
1765,946,POCSO,4,1,2
1766,946,POCSO,8,1,3
1767,947,MV_ACT,185,1,1
1768,948,IT_ACT,67,1,1
1769,949,ARMS_ACT,27,1,1
1770,949,ARMS_ACT,25,1,2
1771,950,EXCISE_ACT,34,1,1
1772,950,EXCISE_ACT,32,1,2
1773,951,IT_ACT,67,1,1
1774,951,IT_ACT,66C,1,2
1775,952,NDPS,21,1,1
1776,953,BNS,318,1,1
1777,953,BNS,103,1,2
1778,954,NDPS,22,1,1
1779,954,NDPS,21,1,2
1780,955,DOWRY_ACT,4,1,1
1781,955,DOWRY_ACT,3,1,2
1782,956,IT_ACT,66C,1,1
1783,957,DOWRY_ACT,3,1,1
1784,958,IT_ACT,67,1,1
1785,959,ARMS_ACT,27,1,1
1786,960,ARMS_ACT,25,1,1
1787,960,ARMS_ACT,27,1,2
1788,961,ARMS_ACT,25,1,1
1789,962,IT_ACT,67,1,1
1790,963,MV_ACT,184,1,1
1791,963,MV_ACT,185,1,2
1792,964,IPC,395,1,1
1793,964,IPC,392,1,2
1794,965,ARMS_ACT,25,1,1
1795,966,IPC,506,1,1
1796,966,IPC,380,1,2
1797,966,IPC,498A,1,3
1798,967,BNS,115,1,1
1799,968,ARMS_ACT,25,1,1
1800,968,ARMS_ACT,27,1,2
1801,969,BNS,309,1,1
1802,969,BNS,318,1,2
1803,970,BNS,103,1,1
1804,970,BNS,309,1,2
1805,971,ARMS_ACT,25,1,1
1806,971,ARMS_ACT,27,1,2
1807,972,MV_ACT,185,1,1
1808,973,MV_ACT,184,1,1
1809,973,MV_ACT,185,1,2
1810,974,EXCISE_ACT,34,1,1
1811,974,EXCISE_ACT,32,1,2
1812,975,IPC,363,1,1
1813,975,IPC,379,1,2
1814,976,DOWRY_ACT,4,1,1
1815,976,DOWRY_ACT,3,1,2
1816,977,ARMS_ACT,27,1,1
1817,977,ARMS_ACT,25,1,2
1818,978,BNS,103,1,1
1819,979,POCSO,4,1,1
1820,980,IPC,420,1,1
1821,981,NDPS,15,1,1
1822,982,POCSO,12,1,1
1823,982,POCSO,8,1,2
1824,982,POCSO,4,1,3
1825,983,POCSO,8,1,1
1826,983,POCSO,12,1,2
1827,984,IT_ACT,66,1,1
1828,984,IT_ACT,66C,1,2
1829,984,IT_ACT,66D,1,3
1830,985,ARMS_ACT,27,1,1
1831,985,ARMS_ACT,25,1,2
1832,986,MV_ACT,184,1,1
1833,986,MV_ACT,185,1,2
1834,987,MV_ACT,185,1,1
1835,988,NDPS,22,1,1
1836,988,NDPS,15,1,2
1837,988,NDPS,21,1,3
1838,989,ARMS_ACT,25,1,1
1839,990,IPC,307,1,1
1840,990,IPC,498A,1,2
1841,990,IPC,395,1,3
1842,991,IT_ACT,66,1,1
1843,991,IT_ACT,66D,1,2
1844,991,IT_ACT,67,1,3
1845,992,EXCISE_ACT,34,1,1
1846,993,POCSO,12,1,1
1847,994,IT_ACT,67,1,1
1848,994,IT_ACT,66C,1,2
1849,994,IT_ACT,66D,1,3
1850,995,NDPS,21,1,1
1851,995,NDPS,20,1,2
1852,995,NDPS,15,1,3
1853,996,NDPS,21,1,1
1854,996,NDPS,15,1,2
1855,996,NDPS,22,1,3
1856,997,POCSO,12,1,1
1857,998,ARMS_ACT,25,1,1
1858,998,ARMS_ACT,27,1,2
1859,999,NDPS,15,1,1
1860,999,NDPS,20,1,2
1861,1000,IT_ACT,66C,1,1
1862,1000,IT_ACT,66,1,2
1863,1001,BNS,309,1,1
1864,1001,BNS,318,1,2
1865,1001,BNS,115,1,3
1866,1002,IT_ACT,66D,1,1
1867,1002,IT_ACT,66C,1,2
1868,1003,DOWRY_ACT,4,1,1
1869,1003,DOWRY_ACT,3,1,2
1870,1004,BNS,115,1,1
1871,1004,BNS,318,1,2
1872,1005,NDPS,20,1,1
1873,1005,NDPS,22,1,2
1874,1005,NDPS,15,1,3
1875,1006,POCSO,8,1,1
1876,1007,IT_ACT,67,1,1
1877,1007,IT_ACT,66C,1,2
1878,1007,IT_ACT,66D,1,3
1879,1008,IT_ACT,66,1,1
1880,1008,IT_ACT,66D,1,2
1881,1008,IT_ACT,66C,1,3
1882,1009,MV_ACT,185,1,1
1883,1010,DOWRY_ACT,3,1,1
1884,1010,DOWRY_ACT,4,1,2
1885,1011,EXCISE_ACT,32,1,1
1886,1012,IPC,506,1,1
1887,1012,IPC,324,1,2
1888,1012,IPC,395,1,3
1889,1013,MV_ACT,185,1,1
1890,1014,IT_ACT,67,1,1
1891,1014,IT_ACT,66,1,2
1892,1015,BNS,103,1,1
1893,1015,BNS,303,1,2
1894,1016,IPC,302,1,1
1895,1016,IPC,354,1,2
1896,1016,IPC,363,1,3
1897,1017,IPC,406,1,1
1898,1018,IPC,324,1,1
1899,1018,IPC,447,1,2
1900,1018,IPC,395,1,3
1901,1019,MV_ACT,185,1,1
1902,1020,EXCISE_ACT,34,1,1
1903,1021,POCSO,12,1,1
1904,1021,POCSO,4,1,2
1905,1022,IPC,363,1,1
1906,1022,IPC,392,1,2
1907,1022,IPC,447,1,3
1908,1023,ARMS_ACT,25,1,1
1909,1023,ARMS_ACT,27,1,2
1910,1024,IPC,379,1,1
1911,1024,IPC,324,1,2
1912,1025,MV_ACT,185,1,1
1913,1025,MV_ACT,184,1,2
1914,1026,MV_ACT,185,1,1
1915,1026,MV_ACT,184,1,2
1916,1027,MV_ACT,185,1,1
1917,1028,NDPS,21,1,1
1918,1028,NDPS,15,1,2
1919,1028,NDPS,20,1,3
1920,1029,DOWRY_ACT,3,1,1
1921,1029,DOWRY_ACT,4,1,2
1922,1030,IT_ACT,66D,1,1
1923,1030,IT_ACT,66,1,2
1924,1030,IT_ACT,67,1,3
1925,1031,IPC,324,1,1
1926,1032,BNS,103,1,1
1927,1032,BNS,318,1,2
1928,1032,BNS,303,1,3
1929,1033,ARMS_ACT,27,1,1
1930,1033,ARMS_ACT,25,1,2
1931,1034,POCSO,12,1,1
1932,1034,POCSO,8,1,2
1933,1034,POCSO,4,1,3
1934,1035,IT_ACT,66D,1,1
1935,1035,IT_ACT,67,1,2
1936,1036,IPC,395,1,1
1937,1036,IPC,406,1,2
1938,1037,NDPS,21,1,1
1939,1037,NDPS,20,1,2
1940,1038,DOWRY_ACT,4,1,1
1941,1038,DOWRY_ACT,3,1,2
1942,1039,IPC,447,1,1
1943,1039,IPC,380,1,2
1944,1040,IT_ACT,66D,1,1
1945,1040,IT_ACT,66,1,2
1946,1041,BNS,103,1,1
1947,1041,BNS,115,1,2
1948,1042,ARMS_ACT,27,1,1
1949,1042,ARMS_ACT,25,1,2
1950,1043,EXCISE_ACT,32,1,1
1951,1043,EXCISE_ACT,34,1,2
1952,1044,MV_ACT,185,1,1
1953,1044,MV_ACT,184,1,2
1954,1045,MV_ACT,185,1,1
1955,1045,MV_ACT,184,1,2
1956,1046,DOWRY_ACT,4,1,1
1957,1046,DOWRY_ACT,3,1,2
1958,1047,IT_ACT,66C,1,1
1959,1047,IT_ACT,66,1,2
1960,1047,IT_ACT,67,1,3
1961,1048,EXCISE_ACT,34,1,1
1962,1048,EXCISE_ACT,32,1,2
1963,1049,IPC,307,1,1
1964,1049,IPC,379,1,2
1965,1049,IPC,323,1,3
1966,1050,IT_ACT,66D,1,1
1967,1051,IPC,324,1,1
1968,1051,IPC,395,1,2
1969,1052,BNS,303,1,1
1970,1052,BNS,103,1,2
1971,1052,BNS,309,1,3
1972,1053,ARMS_ACT,25,1,1
1973,1053,ARMS_ACT,27,1,2
1974,1054,MV_ACT,184,1,1
1975,1055,EXCISE_ACT,34,1,1
1976,1055,EXCISE_ACT,32,1,2
1977,1056,NDPS,20,1,1
1978,1056,NDPS,22,1,2
1979,1057,ARMS_ACT,27,1,1
1980,1057,ARMS_ACT,25,1,2
1981,1058,NDPS,15,1,1
1982,1058,NDPS,21,1,2
1983,1059,BNS,309,1,1
1984,1059,BNS,103,1,2
1985,1060,BNS,318,1,1
1986,1060,BNS,303,1,2
1987,1060,BNS,115,1,3
1988,1061,ARMS_ACT,25,1,1
1989,1062,POCSO,8,1,1
1990,1062,POCSO,12,1,2
1991,1062,POCSO,4,1,3
1992,1063,POCSO,8,1,1
1993,1064,IPC,447,1,1
1994,1064,IPC,379,1,2
1995,1065,POCSO,8,1,1
1996,1065,POCSO,12,1,2
1997,1066,ARMS_ACT,27,1,1
1998,1066,ARMS_ACT,25,1,2
1999,1067,IT_ACT,66C,1,1
2000,1067,IT_ACT,66,1,2
2001,1067,IT_ACT,66D,1,3
2002,1068,DOWRY_ACT,4,1,1
2003,1068,DOWRY_ACT,3,1,2
2004,1069,POCSO,8,1,1
2005,1069,POCSO,4,1,2
2006,1070,IT_ACT,67,1,1
2007,1070,IT_ACT,66D,1,2
2008,1071,DOWRY_ACT,3,1,1
2009,1072,IPC,363,1,1
2010,1073,DOWRY_ACT,3,1,1
2011,1073,DOWRY_ACT,4,1,2
2012,1074,DOWRY_ACT,3,1,1
2013,1075,IT_ACT,66C,1,1
2014,1076,ARMS_ACT,25,1,1
2015,1076,ARMS_ACT,27,1,2
2016,1077,DOWRY_ACT,3,1,1
2017,1077,DOWRY_ACT,4,1,2
2018,1078,DOWRY_ACT,3,1,1
2019,1078,DOWRY_ACT,4,1,2
2020,1079,IPC,406,1,1
2021,1079,IPC,506,1,2
2022,1079,IPC,395,1,3
2023,1080,MV_ACT,184,1,1
2024,1080,MV_ACT,185,1,2
2025,1081,ARMS_ACT,27,1,1
2026,1081,ARMS_ACT,25,1,2
2027,1082,MV_ACT,184,1,1
2028,1082,MV_ACT,185,1,2
2029,1083,POCSO,8,1,1
2030,1084,IPC,392,1,1
2031,1084,IPC,506,1,2
2032,1084,IPC,379,1,3
2033,1085,IT_ACT,66C,1,1
2034,1086,IPC,506,1,1
2035,1087,DOWRY_ACT,4,1,1
2036,1087,DOWRY_ACT,3,1,2
2037,1088,MV_ACT,185,1,1
2038,1088,MV_ACT,184,1,2
2039,1089,NDPS,15,1,1
2040,1089,NDPS,20,1,2
2041,1090,MV_ACT,184,1,1
2042,1090,MV_ACT,185,1,2
2043,1091,POCSO,4,1,1
2044,1092,DOWRY_ACT,3,1,1
2045,1092,DOWRY_ACT,4,1,2
2046,1093,ARMS_ACT,25,1,1
2047,1093,ARMS_ACT,27,1,2
2048,1094,BNS,115,1,1
2049,1095,BNS,303,1,1
2050,1096,POCSO,12,1,1
2051,1096,POCSO,4,1,2
2052,1097,ARMS_ACT,27,1,1
2053,1097,ARMS_ACT,25,1,2
2054,1098,IT_ACT,66C,1,1
2055,1099,IPC,420,1,1
2056,1099,IPC,323,1,2
2057,1099,IPC,506,1,3
2058,1100,EXCISE_ACT,34,1,1
2059,1100,EXCISE_ACT,32,1,2
2060,1101,NDPS,21,1,1
2061,1101,NDPS,22,1,2
2062,1101,NDPS,15,1,3
2063,1102,NDPS,22,1,1
2064,1103,ARMS_ACT,27,1,1
2065,1104,ARMS_ACT,27,1,1
2066,1104,ARMS_ACT,25,1,2
2067,1105,MV_ACT,185,1,1
2068,1105,MV_ACT,184,1,2
2069,1106,BNS,309,1,1
2070,1107,IT_ACT,66,1,1
2071,1107,IT_ACT,66C,1,2
2072,1107,IT_ACT,67,1,3
2073,1108,EXCISE_ACT,32,1,1
2074,1109,POCSO,12,1,1
2075,1109,POCSO,8,1,2
2076,1109,POCSO,4,1,3
2077,1110,POCSO,12,1,1
2078,1110,POCSO,4,1,2
2079,1110,POCSO,8,1,3
2080,1111,IT_ACT,66,1,1
2081,1111,IT_ACT,67,1,2
2082,1112,POCSO,8,1,1
2083,1112,POCSO,4,1,2
2084,1112,POCSO,12,1,3
2085,1113,NDPS,22,1,1
2086,1114,NDPS,20,1,1
2087,1114,NDPS,22,1,2
2088,1115,MV_ACT,185,1,1
2089,1115,MV_ACT,184,1,2
2090,1116,IPC,324,1,1
2091,1116,IPC,380,1,2
2092,1117,NDPS,21,1,1
2093,1117,NDPS,15,1,2
2094,1118,MV_ACT,184,1,1
2095,1118,MV_ACT,185,1,2
2096,1119,IPC,302,1,1
2097,1119,IPC,354,1,2
2098,1120,MV_ACT,184,1,1
2099,1120,MV_ACT,185,1,2
2100,1121,EXCISE_ACT,32,1,1
2101,1121,EXCISE_ACT,34,1,2
2102,1122,POCSO,12,1,1
2103,1122,POCSO,8,1,2
2104,1122,POCSO,4,1,3
2105,1123,POCSO,4,1,1
2106,1123,POCSO,8,1,2
2107,1124,IPC,307,1,1
2108,1125,MV_ACT,184,1,1
2109,1125,MV_ACT,185,1,2
2110,1126,IT_ACT,66D,1,1
2111,1126,IT_ACT,66C,1,2
2112,1127,NDPS,22,1,1
2113,1127,NDPS,21,1,2
2114,1127,NDPS,15,1,3
2115,1128,DOWRY_ACT,4,1,1
2116,1129,IPC,376,1,1
2117,1129,IPC,323,1,2
2118,1129,IPC,354,1,3
2119,1130,NDPS,21,1,1
2120,1130,NDPS,22,1,2
2121,1131,IPC,376,1,1
2122,1132,IPC,420,1,1
2123,1133,POCSO,4,1,1
2124,1133,POCSO,8,1,2
2125,1134,BNS,309,1,1
2126,1135,MV_ACT,185,1,1
2127,1135,MV_ACT,184,1,2
2128,1136,NDPS,20,1,1
2129,1136,NDPS,15,1,2
2130,1137,POCSO,4,1,1
2131,1137,POCSO,8,1,2
2132,1138,BNS,309,1,1
2133,1139,IPC,498A,1,1
2134,1139,IPC,379,1,2
2135,1140,MV_ACT,184,1,1
2136,1141,IPC,380,1,1
2137,1142,IPC,324,1,1
2138,1143,MV_ACT,185,1,1
2139,1143,MV_ACT,184,1,2
2140,1144,BNS,115,1,1
2141,1144,BNS,309,1,2
2142,1145,BNS,318,1,1
2143,1145,BNS,103,1,2
2144,1146,IPC,498A,1,1
2145,1147,POCSO,8,1,1
2146,1148,NDPS,21,1,1
2147,1148,NDPS,20,1,2
2148,1149,NDPS,21,1,1
2149,1149,NDPS,22,1,2
2150,1149,NDPS,20,1,3
2151,1150,EXCISE_ACT,32,1,1
2152,1151,EXCISE_ACT,34,1,1
2153,1151,EXCISE_ACT,32,1,2
2154,1152,IT_ACT,66C,1,1
2155,1153,IT_ACT,66,1,1
2156,1154,DOWRY_ACT,4,1,1
2157,1154,DOWRY_ACT,3,1,2
2158,1155,DOWRY_ACT,3,1,1
2159,1155,DOWRY_ACT,4,1,2
2160,1156,EXCISE_ACT,34,1,1
2161,1156,EXCISE_ACT,32,1,2
2162,1157,ARMS_ACT,27,1,1
2163,1157,ARMS_ACT,25,1,2
2164,1158,IPC,506,1,1
2165,1158,IPC,354,1,2
2166,1158,IPC,392,1,3
2167,1159,ARMS_ACT,27,1,1
2168,1159,ARMS_ACT,25,1,2
2169,1160,IT_ACT,66,1,1
2170,1160,IT_ACT,67,1,2
2171,1161,MV_ACT,185,1,1
2172,1161,MV_ACT,184,1,2
2173,1162,NDPS,15,1,1
2174,1163,DOWRY_ACT,4,1,1
2175,1163,DOWRY_ACT,3,1,2
2176,1164,IT_ACT,66C,1,1
2177,1165,BNS,303,1,1
2178,1165,BNS,103,1,2
2179,1165,BNS,115,1,3
2180,1166,BNS,309,1,1
2181,1166,BNS,103,1,2
2182,1166,BNS,318,1,3
2183,1167,BNS,318,1,1
2184,1167,BNS,309,1,2
2185,1167,BNS,303,1,3
2186,1168,IPC,324,1,1
2187,1168,IPC,506,1,2
2188,1168,IPC,323,1,3
2189,1169,IT_ACT,67,1,1
2190,1170,DOWRY_ACT,3,1,1
2191,1170,DOWRY_ACT,4,1,2
2192,1171,EXCISE_ACT,34,1,1
2193,1171,EXCISE_ACT,32,1,2
2194,1172,NDPS,22,1,1
2195,1172,NDPS,20,1,2
2196,1173,IT_ACT,66D,1,1
2197,1174,BNS,303,1,1
2198,1174,BNS,115,1,2
2199,1175,IT_ACT,66C,1,1
2200,1176,BNS,103,1,1
2201,1176,BNS,115,1,2
2202,1176,BNS,303,1,3
2203,1177,DOWRY_ACT,3,1,1
2204,1178,ARMS_ACT,25,1,1
2205,1179,IT_ACT,66D,1,1
2206,1179,IT_ACT,66,1,2
2207,1180,EXCISE_ACT,32,1,1
2208,1181,DOWRY_ACT,4,1,1
2209,1182,ARMS_ACT,27,1,1
2210,1183,EXCISE_ACT,34,1,1
2211,1184,MV_ACT,185,1,1
2212,1184,MV_ACT,184,1,2
2213,1185,BNS,309,1,1
2214,1185,BNS,103,1,2
2215,1186,DOWRY_ACT,3,1,1
2216,1186,DOWRY_ACT,4,1,2
2217,1187,DOWRY_ACT,4,1,1
2218,1188,POCSO,12,1,1
2219,1188,POCSO,8,1,2
2220,1188,POCSO,4,1,3
2221,1189,DOWRY_ACT,3,1,1
2222,1189,DOWRY_ACT,4,1,2
2223,1190,DOWRY_ACT,4,1,1
2224,1190,DOWRY_ACT,3,1,2
2225,1191,NDPS,21,1,1
2226,1192,IT_ACT,66D,1,1
2227,1193,IPC,376,1,1
2228,1194,DOWRY_ACT,3,1,1
2229,1194,DOWRY_ACT,4,1,2
2230,1195,POCSO,4,1,1
2231,1196,POCSO,4,1,1
2232,1196,POCSO,12,1,2
2233,1197,ARMS_ACT,25,1,1
2234,1197,ARMS_ACT,27,1,2
2235,1198,IPC,324,1,1
2236,1198,IPC,380,1,2
2237,1198,IPC,395,1,3
2238,1199,EXCISE_ACT,32,1,1
2239,1200,BNS,303,1,1
2240,1200,BNS,115,1,2
2241,1201,EXCISE_ACT,32,1,1
2242,1201,EXCISE_ACT,34,1,2
2243,1202,POCSO,8,1,1
2244,1203,IT_ACT,67,1,1
2245,1203,IT_ACT,66D,1,2
2246,1204,IPC,363,1,1
2247,1204,IPC,447,1,2
2248,1205,DOWRY_ACT,4,1,1
2249,1205,DOWRY_ACT,3,1,2
2250,1206,IT_ACT,66D,1,1
2251,1206,IT_ACT,67,1,2
2252,1206,IT_ACT,66C,1,3
2253,1207,ARMS_ACT,25,1,1
2254,1208,IT_ACT,66D,1,1
2255,1209,IPC,392,1,1
2256,1210,EXCISE_ACT,34,1,1
2257,1210,EXCISE_ACT,32,1,2
2258,1211,IT_ACT,66D,1,1
2259,1211,IT_ACT,66C,1,2
2260,1212,DOWRY_ACT,4,1,1
2261,1212,DOWRY_ACT,3,1,2
2262,1213,BNS,103,1,1
2263,1213,BNS,318,1,2
2264,1213,BNS,115,1,3
2265,1214,IPC,302,1,1
2266,1214,IPC,307,1,2
2267,1215,POCSO,4,1,1
2268,1216,DOWRY_ACT,3,1,1
2269,1216,DOWRY_ACT,4,1,2
2270,1217,MV_ACT,185,1,1
2271,1217,MV_ACT,184,1,2
2272,1218,IPC,380,1,1
2273,1218,IPC,447,1,2
2274,1219,POCSO,8,1,1
2275,1219,POCSO,12,1,2
2276,1220,BNS,115,1,1
2277,1221,EXCISE_ACT,32,1,1
2278,1221,EXCISE_ACT,34,1,2
2279,1222,POCSO,8,1,1
2280,1223,NDPS,22,1,1
2281,1223,NDPS,15,1,2
2282,1223,NDPS,20,1,3
2283,1224,IPC,395,1,1
2284,1224,IPC,379,1,2
2285,1224,IPC,380,1,3
2286,1225,BNS,115,1,1
2287,1225,BNS,303,1,2
2288,1225,BNS,318,1,3
2289,1226,ARMS_ACT,27,1,1
2290,1226,ARMS_ACT,25,1,2
2291,1227,ARMS_ACT,27,1,1
2292,1228,BNS,103,1,1
2293,1228,BNS,115,1,2
2294,1229,POCSO,4,1,1
2295,1230,MV_ACT,184,1,1
2296,1230,MV_ACT,185,1,2
2297,1231,IT_ACT,66D,1,1
2298,1231,IT_ACT,66C,1,2
2299,1232,EXCISE_ACT,34,1,1
2300,1233,IPC,379,1,1
2301,1233,IPC,392,1,2
2302,1233,IPC,406,1,3
2303,1234,DOWRY_ACT,4,1,1
2304,1234,DOWRY_ACT,3,1,2
2305,1235,IPC,302,1,1
2306,1236,ARMS_ACT,27,1,1
2307,1236,ARMS_ACT,25,1,2
2308,1237,NDPS,20,1,1
2309,1237,NDPS,15,1,2
2310,1237,NDPS,22,1,3
2311,1238,MV_ACT,184,1,1
2312,1238,MV_ACT,185,1,2
2313,1239,DOWRY_ACT,4,1,1
2314,1239,DOWRY_ACT,3,1,2
2315,1240,IPC,406,1,1
2316,1240,IPC,447,1,2
2317,1240,IPC,324,1,3
2318,1241,IPC,392,1,1
2319,1242,BNS,318,1,1
2320,1242,BNS,103,1,2
2321,1243,POCSO,8,1,1
2322,1243,POCSO,12,1,2
2323,1244,EXCISE_ACT,32,1,1
2324,1244,EXCISE_ACT,34,1,2
2325,1245,EXCISE_ACT,34,1,1
2326,1246,EXCISE_ACT,32,1,1
2327,1246,EXCISE_ACT,34,1,2
2328,1247,NDPS,15,1,1
2329,1247,NDPS,21,1,2
2330,1248,NDPS,15,1,1
2331,1249,ARMS_ACT,25,1,1
2332,1249,ARMS_ACT,27,1,2
2333,1250,MV_ACT,185,1,1
2334,1251,BNS,309,1,1
2335,1252,DOWRY_ACT,3,1,1
2336,1253,ARMS_ACT,25,1,1
2337,1253,ARMS_ACT,27,1,2
2338,1254,EXCISE_ACT,32,1,1
2339,1254,EXCISE_ACT,34,1,2
2340,1255,MV_ACT,185,1,1
2341,1255,MV_ACT,184,1,2
2342,1256,DOWRY_ACT,3,1,1
2343,1257,MV_ACT,185,1,1
2344,1257,MV_ACT,184,1,2
2345,1258,ARMS_ACT,25,1,1
2346,1259,MV_ACT,184,1,1
2347,1259,MV_ACT,185,1,2
2348,1260,DOWRY_ACT,3,1,1
2349,1260,DOWRY_ACT,4,1,2
2350,1261,BNS,318,1,1
2351,1261,BNS,103,1,2
2352,1261,BNS,309,1,3
2353,1262,IT_ACT,66D,1,1
2354,1262,IT_ACT,66,1,2
2355,1262,IT_ACT,67,1,3
2356,1263,IPC,363,1,1
2357,1263,IPC,447,1,2
2358,1264,EXCISE_ACT,32,1,1
2359,1264,EXCISE_ACT,34,1,2
2360,1265,MV_ACT,184,1,1
2361,1265,MV_ACT,185,1,2
2362,1266,MV_ACT,184,1,1
2363,1266,MV_ACT,185,1,2
2364,1267,MV_ACT,185,1,1
2365,1268,IPC,324,1,1
2366,1268,IPC,380,1,2
2367,1269,NDPS,15,1,1
2368,1270,IT_ACT,66D,1,1
2369,1270,IT_ACT,67,1,2
2370,1270,IT_ACT,66C,1,3
2371,1271,MV_ACT,185,1,1
2372,1272,IPC,395,1,1
2373,1272,IPC,447,1,2
2374,1273,IT_ACT,66C,1,1
2375,1273,IT_ACT,67,1,2
2376,1274,BNS,115,1,1
2377,1274,BNS,318,1,2
2378,1275,POCSO,4,1,1
2379,1275,POCSO,12,1,2
2380,1275,POCSO,8,1,3
2381,1276,POCSO,4,1,1
2382,1276,POCSO,8,1,2
2383,1276,POCSO,12,1,3
2384,1277,IT_ACT,67,1,1
2385,1278,IT_ACT,67,1,1
2386,1278,IT_ACT,66D,1,2
2387,1279,MV_ACT,184,1,1
2388,1279,MV_ACT,185,1,2
2389,1280,BNS,103,1,1
2390,1280,BNS,309,1,2
2391,1281,IPC,498A,1,1
2392,1281,IPC,379,1,2
2393,1281,IPC,447,1,3
2394,1282,DOWRY_ACT,4,1,1
2395,1282,DOWRY_ACT,3,1,2
2396,1283,BNS,103,1,1
2397,1284,EXCISE_ACT,32,1,1
2398,1284,EXCISE_ACT,34,1,2
2399,1285,MV_ACT,185,1,1
2400,1286,DOWRY_ACT,3,1,1
2401,1287,NDPS,20,1,1
2402,1287,NDPS,15,1,2
2403,1287,NDPS,21,1,3
2404,1288,DOWRY_ACT,3,1,1
2405,1288,DOWRY_ACT,4,1,2
2406,1289,IPC,506,1,1
2407,1290,POCSO,4,1,1
2408,1291,NDPS,20,1,1
2409,1291,NDPS,22,1,2
2410,1292,POCSO,4,1,1
2411,1293,DOWRY_ACT,4,1,1
2412,1293,DOWRY_ACT,3,1,2
2413,1294,EXCISE_ACT,34,1,1
2414,1295,BNS,303,1,1
2415,1296,BNS,115,1,1
2416,1296,BNS,309,1,2
2417,1296,BNS,103,1,3
2418,1297,EXCISE_ACT,34,1,1
2419,1298,NDPS,20,1,1
2420,1298,NDPS,15,1,2
2421,1299,ARMS_ACT,27,1,1
2422,1299,ARMS_ACT,25,1,2
2423,1300,POCSO,8,1,1
2424,1300,POCSO,4,1,2
2425,1300,POCSO,12,1,3
2426,1301,MV_ACT,185,1,1
2427,1301,MV_ACT,184,1,2
2428,1302,BNS,303,1,1
2429,1302,BNS,309,1,2
2430,1302,BNS,115,1,3
2431,1303,BNS,309,1,1
2432,1303,BNS,318,1,2
2433,1304,EXCISE_ACT,34,1,1
2434,1304,EXCISE_ACT,32,1,2
2435,1305,EXCISE_ACT,32,1,1
2436,1305,EXCISE_ACT,34,1,2
2437,1306,POCSO,8,1,1
2438,1306,POCSO,12,1,2
2439,1307,POCSO,12,1,1
2440,1308,ARMS_ACT,25,1,1
2441,1308,ARMS_ACT,27,1,2
2442,1309,MV_ACT,185,1,1
2443,1309,MV_ACT,184,1,2
2444,1310,MV_ACT,185,1,1
2445,1310,MV_ACT,184,1,2
2446,1311,EXCISE_ACT,32,1,1
2447,1312,IPC,380,1,1
2448,1312,IPC,324,1,2
2449,1313,MV_ACT,185,1,1
2450,1313,MV_ACT,184,1,2
2451,1314,IT_ACT,66C,1,1
2452,1314,IT_ACT,66D,1,2
2453,1314,IT_ACT,67,1,3
2454,1315,POCSO,8,1,1
2455,1315,POCSO,12,1,2
2456,1315,POCSO,4,1,3
2457,1316,ARMS_ACT,27,1,1
2458,1317,MV_ACT,185,1,1
2459,1317,MV_ACT,184,1,2
2460,1318,BNS,303,1,1
2461,1319,IPC,380,1,1
2462,1319,IPC,406,1,2
2463,1320,EXCISE_ACT,32,1,1
2464,1321,DOWRY_ACT,4,1,1
2465,1321,DOWRY_ACT,3,1,2
2466,1322,MV_ACT,185,1,1
2467,1322,MV_ACT,184,1,2
2468,1323,BNS,303,1,1
2469,1323,BNS,103,1,2
2470,1324,DOWRY_ACT,4,1,1
2471,1325,DOWRY_ACT,3,1,1
2472,1325,DOWRY_ACT,4,1,2
2473,1326,IT_ACT,66,1,1
2474,1326,IT_ACT,66D,1,2
2475,1327,IT_ACT,66D,1,1
2476,1328,ARMS_ACT,25,1,1
2477,1329,NDPS,20,1,1
2478,1330,DOWRY_ACT,4,1,1
2479,1330,DOWRY_ACT,3,1,2
2480,1331,POCSO,4,1,1
2481,1331,POCSO,8,1,2
2482,1332,IPC,506,1,1
2483,1333,IT_ACT,66,1,1
2484,1333,IT_ACT,67,1,2
2485,1333,IT_ACT,66D,1,3
2486,1334,NDPS,20,1,1
2487,1335,NDPS,20,1,1
2488,1335,NDPS,22,1,2
2489,1336,POCSO,4,1,1
2490,1336,POCSO,12,1,2
2491,1337,NDPS,22,1,1
2492,1337,NDPS,20,1,2
2493,1337,NDPS,15,1,3
2494,1338,ARMS_ACT,25,1,1
2495,1338,ARMS_ACT,27,1,2
2496,1339,IPC,324,1,1
2497,1339,IPC,376,1,2
2498,1340,MV_ACT,185,1,1
2499,1340,MV_ACT,184,1,2
2500,1341,NDPS,21,1,1
2501,1341,NDPS,15,1,2
2502,1342,NDPS,21,1,1
2503,1343,ARMS_ACT,25,1,1
2504,1343,ARMS_ACT,27,1,2
2505,1344,MV_ACT,184,1,1
2506,1344,MV_ACT,185,1,2
2507,1345,MV_ACT,184,1,1
2508,1346,NDPS,22,1,1
2509,1347,IT_ACT,66,1,1
2510,1347,IT_ACT,66D,1,2
2511,1348,EXCISE_ACT,32,1,1
2512,1348,EXCISE_ACT,34,1,2
2513,1349,IT_ACT,66C,1,1
2514,1349,IT_ACT,66,1,2
2515,1350,IT_ACT,66C,1,1
2516,1351,ARMS_ACT,27,1,1
2517,1351,ARMS_ACT,25,1,2
2518,1352,IPC,498A,1,1
2519,1353,NDPS,20,1,1
2520,1353,NDPS,21,1,2
2521,1353,NDPS,22,1,3
2522,1354,BNS,309,1,1
2523,1355,ARMS_ACT,25,1,1
2524,1355,ARMS_ACT,27,1,2
2525,1356,EXCISE_ACT,32,1,1
2526,1357,NDPS,20,1,1
2527,1358,IT_ACT,66C,1,1
2528,1358,IT_ACT,67,1,2
2529,1359,DOWRY_ACT,3,1,1
2530,1360,BNS,318,1,1
2531,1360,BNS,303,1,2
2532,1360,BNS,103,1,3
2533,1361,MV_ACT,185,1,1
2534,1361,MV_ACT,184,1,2
2535,1362,EXCISE_ACT,34,1,1
2536,1362,EXCISE_ACT,32,1,2
2537,1363,IPC,363,1,1
2538,1363,IPC,392,1,2
2539,1364,NDPS,15,1,1
2540,1364,NDPS,20,1,2
2541,1364,NDPS,21,1,3
2542,1365,DOWRY_ACT,4,1,1
2543,1365,DOWRY_ACT,3,1,2
2544,1366,MV_ACT,184,1,1
2545,1367,IPC,395,1,1
2546,1367,IPC,307,1,2
2547,1367,IPC,406,1,3
2548,1368,ARMS_ACT,25,1,1
2549,1369,NDPS,15,1,1
2550,1369,NDPS,21,1,2
2551,1370,EXCISE_ACT,34,1,1
2552,1370,EXCISE_ACT,32,1,2
2553,1371,EXCISE_ACT,34,1,1
2554,1371,EXCISE_ACT,32,1,2
2555,1372,DOWRY_ACT,3,1,1
2556,1373,DOWRY_ACT,4,1,1
2557,1373,DOWRY_ACT,3,1,2
2558,1374,MV_ACT,184,1,1
2559,1374,MV_ACT,185,1,2
2560,1375,ARMS_ACT,25,1,1
2561,1376,MV_ACT,185,1,1
2562,1376,MV_ACT,184,1,2
2563,1377,DOWRY_ACT,4,1,1
2564,1377,DOWRY_ACT,3,1,2
2565,1378,POCSO,8,1,1
2566,1379,IT_ACT,66,1,1
2567,1379,IT_ACT,66C,1,2
2568,1380,ARMS_ACT,25,1,1
2569,1380,ARMS_ACT,27,1,2
2570,1381,IT_ACT,66,1,1
2571,1382,ARMS_ACT,25,1,1
2572,1382,ARMS_ACT,27,1,2
2573,1383,IT_ACT,66D,1,1
2574,1383,IT_ACT,66,1,2
2575,1384,BNS,115,1,1
2576,1384,BNS,103,1,2
2577,1384,BNS,318,1,3
2578,1385,IPC,506,1,1
2579,1385,IPC,447,1,2
2580,1385,IPC,376,1,3
2581,1386,BNS,303,1,1
2582,1387,IT_ACT,66,1,1
2583,1388,NDPS,22,1,1
2584,1388,NDPS,20,1,2
2585,1388,NDPS,15,1,3
2586,1389,DOWRY_ACT,4,1,1
2587,1389,DOWRY_ACT,3,1,2
2588,1390,MV_ACT,185,1,1
2589,1390,MV_ACT,184,1,2
2590,1391,BNS,309,1,1
2591,1391,BNS,303,1,2
2592,1391,BNS,318,1,3
2593,1392,EXCISE_ACT,32,1,1
2594,1393,POCSO,12,1,1
2595,1394,IPC,506,1,1
2596,1394,IPC,498A,1,2
2597,1395,DOWRY_ACT,3,1,1
2598,1396,IT_ACT,66C,1,1
2599,1396,IT_ACT,66D,1,2
2600,1397,IPC,380,1,1
2601,1397,IPC,420,1,2
2602,1397,IPC,406,1,3
2603,1398,ARMS_ACT,27,1,1
2604,1398,ARMS_ACT,25,1,2
2605,1399,DOWRY_ACT,4,1,1
2606,1400,IT_ACT,66D,1,1
2607,1401,IPC,302,1,1
2608,1401,IPC,447,1,2
2609,1401,IPC,376,1,3
2610,1402,BNS,115,1,1
2611,1402,BNS,303,1,2
2612,1403,POCSO,12,1,1
2613,1403,POCSO,4,1,2
2614,1403,POCSO,8,1,3
2615,1404,BNS,103,1,1
2616,1404,BNS,303,1,2
2617,1405,EXCISE_ACT,32,1,1
2618,1405,EXCISE_ACT,34,1,2
2619,1406,ARMS_ACT,25,1,1
2620,1407,NDPS,22,1,1
2621,1408,IPC,363,1,1
2622,1409,IPC,363,1,1
2623,1409,IPC,324,1,2
2624,1409,IPC,323,1,3
2625,1410,BNS,303,1,1
2626,1410,BNS,318,1,2
2627,1411,DOWRY_ACT,3,1,1
2628,1411,DOWRY_ACT,4,1,2
2629,1412,EXCISE_ACT,34,1,1
2630,1413,DOWRY_ACT,3,1,1
2631,1413,DOWRY_ACT,4,1,2
2632,1414,NDPS,21,1,1
2633,1415,IPC,376,1,1
2634,1415,IPC,302,1,2
2635,1415,IPC,406,1,3
2636,1416,EXCISE_ACT,32,1,1
2637,1417,IT_ACT,66,1,1
2638,1418,DOWRY_ACT,4,1,1
2639,1418,DOWRY_ACT,3,1,2
2640,1419,IT_ACT,66C,1,1
2641,1419,IT_ACT,66,1,2
2642,1420,BNS,309,1,1
2643,1420,BNS,318,1,2
2644,1420,BNS,103,1,3
2645,1421,ARMS_ACT,27,1,1
2646,1421,ARMS_ACT,25,1,2
2647,1422,ARMS_ACT,27,1,1
2648,1422,ARMS_ACT,25,1,2
2649,1423,MV_ACT,184,1,1
2650,1423,MV_ACT,185,1,2
2651,1424,NDPS,15,1,1
2652,1424,NDPS,21,1,2
2653,1425,IT_ACT,66,1,1
2654,1425,IT_ACT,67,1,2
2655,1425,IT_ACT,66D,1,3
2656,1426,BNS,115,1,1
2657,1426,BNS,303,1,2
2658,1427,MV_ACT,184,1,1
2659,1427,MV_ACT,185,1,2
2660,1428,POCSO,8,1,1
2661,1428,POCSO,4,1,2
2662,1428,POCSO,12,1,3
2663,1429,NDPS,20,1,1
2664,1429,NDPS,21,1,2
2665,1430,ARMS_ACT,27,1,1
2666,1430,ARMS_ACT,25,1,2
2667,1431,BNS,318,1,1
2668,1431,BNS,103,1,2
2669,1431,BNS,115,1,3
2670,1432,MV_ACT,185,1,1
2671,1433,NDPS,15,1,1
2672,1433,NDPS,22,1,2
2673,1433,NDPS,20,1,3
2674,1434,EXCISE_ACT,34,1,1
2675,1434,EXCISE_ACT,32,1,2
2676,1435,MV_ACT,184,1,1
2677,1436,POCSO,4,1,1
2678,1437,IT_ACT,67,1,1
2679,1438,BNS,303,1,1
2680,1438,BNS,309,1,2
2681,1438,BNS,318,1,3
2682,1439,DOWRY_ACT,3,1,1
2683,1439,DOWRY_ACT,4,1,2
2684,1440,MV_ACT,184,1,1
2685,1440,MV_ACT,185,1,2
2686,1441,POCSO,8,1,1
2687,1442,MV_ACT,185,1,1
2688,1442,MV_ACT,184,1,2
2689,1443,DOWRY_ACT,3,1,1
2690,1443,DOWRY_ACT,4,1,2
2691,1444,ARMS_ACT,27,1,1
2692,1444,ARMS_ACT,25,1,2
2693,1445,IPC,302,1,1
2694,1445,IPC,379,1,2
2695,1445,IPC,420,1,3
2696,1446,EXCISE_ACT,32,1,1
2697,1446,EXCISE_ACT,34,1,2
2698,1447,POCSO,12,1,1
2699,1448,NDPS,22,1,1
2700,1448,NDPS,20,1,2
2701,1448,NDPS,15,1,3
2702,1449,DOWRY_ACT,3,1,1
2703,1449,DOWRY_ACT,4,1,2
2704,1450,BNS,115,1,1
2705,1451,DOWRY_ACT,3,1,1
2706,1452,MV_ACT,184,1,1
2707,1452,MV_ACT,185,1,2
2708,1453,POCSO,12,1,1
2709,1453,POCSO,4,1,2
2710,1453,POCSO,8,1,3
2711,1454,IPC,307,1,1
2712,1454,IPC,376,1,2
2713,1455,ARMS_ACT,25,1,1
2714,1455,ARMS_ACT,27,1,2
2715,1456,MV_ACT,185,1,1
2716,1456,MV_ACT,184,1,2
2717,1457,DOWRY_ACT,4,1,1
2718,1458,EXCISE_ACT,32,1,1
2719,1458,EXCISE_ACT,34,1,2
2720,1459,NDPS,20,1,1
2721,1460,DOWRY_ACT,4,1,1
2722,1460,DOWRY_ACT,3,1,2
2723,1461,IPC,376,1,1
2724,1462,IT_ACT,66D,1,1
2725,1462,IT_ACT,66,1,2
2726,1463,EXCISE_ACT,32,1,1
2727,1463,EXCISE_ACT,34,1,2
2728,1464,MV_ACT,185,1,1
2729,1465,POCSO,12,1,1
2730,1465,POCSO,4,1,2
2731,1465,POCSO,8,1,3
2732,1466,POCSO,8,1,1
2733,1466,POCSO,4,1,2
2734,1466,POCSO,12,1,3
2735,1467,ARMS_ACT,25,1,1
2736,1468,MV_ACT,185,1,1
2737,1468,MV_ACT,184,1,2
2738,1469,NDPS,21,1,1
2739,1470,IPC,363,1,1
2740,1470,IPC,498A,1,2
2741,1470,IPC,420,1,3
2742,1471,IT_ACT,66,1,1
2743,1471,IT_ACT,67,1,2
2744,1471,IT_ACT,66D,1,3
2745,1472,IPC,392,1,1
2746,1472,IPC,379,1,2
2747,1472,IPC,380,1,3
2748,1473,IT_ACT,67,1,1
2749,1474,DOWRY_ACT,3,1,1
2750,1474,DOWRY_ACT,4,1,2
2751,1475,EXCISE_ACT,34,1,1
2752,1475,EXCISE_ACT,32,1,2
2753,1476,ARMS_ACT,27,1,1
2754,1477,EXCISE_ACT,34,1,1
2755,1477,EXCISE_ACT,32,1,2
2756,1478,DOWRY_ACT,3,1,1
2757,1479,MV_ACT,185,1,1
2758,1479,MV_ACT,184,1,2
2759,1480,IT_ACT,67,1,1
2760,1480,IT_ACT,66C,1,2
2761,1480,IT_ACT,66D,1,3
2762,1481,MV_ACT,185,1,1
2763,1481,MV_ACT,184,1,2
2764,1482,MV_ACT,184,1,1
2765,1482,MV_ACT,185,1,2
2766,1483,IT_ACT,66D,1,1
2767,1483,IT_ACT,66,1,2
2768,1483,IT_ACT,67,1,3
2769,1484,BNS,115,1,1
2770,1485,ARMS_ACT,27,1,1
2771,1485,ARMS_ACT,25,1,2
2772,1486,IT_ACT,66,1,1
2773,1487,EXCISE_ACT,32,1,1
2774,1488,IT_ACT,66,1,1
2775,1488,IT_ACT,66D,1,2
2776,1488,IT_ACT,66C,1,3
2777,1489,MV_ACT,185,1,1
2778,1489,MV_ACT,184,1,2
2779,1490,BNS,303,1,1
2780,1490,BNS,309,1,2
2781,1491,BNS,115,1,1
2782,1491,BNS,303,1,2
2783,1492,NDPS,15,1,1
2784,1492,NDPS,21,1,2
2785,1493,POCSO,4,1,1
2786,1493,POCSO,8,1,2
2787,1493,POCSO,12,1,3
2788,1494,IPC,363,1,1
2789,1494,IPC,354,1,2
2790,1495,EXCISE_ACT,32,1,1
2791,1495,EXCISE_ACT,34,1,2
2792,1496,BNS,303,1,1
2793,1496,BNS,309,1,2
2794,1496,BNS,103,1,3
2795,1497,IT_ACT,66C,1,1
2796,1498,DOWRY_ACT,4,1,1
2797,1498,DOWRY_ACT,3,1,2
2798,1499,IT_ACT,66,1,1
2799,1499,IT_ACT,67,1,2
2800,1499,IT_ACT,66C,1,3
2801,1500,NDPS,22,1,1
