arrest_surrender_id,case_master_id,arrest_surrender_type_id,arrest_surrender_date,arrest_surrender_state_id,arrest_surrender_district_id,police_station_id,io_id,court_id,accused_master_id,is_accused,is_complainant_accused
1,1,1,2026-01-25,1,3,11,156,6.0,1,True,True
2,1,1,2026-02-17,1,3,11,169,6.0,2,True,False
3,5,1,2024-05-08,1,13,50,276,26.0,7,True,False
4,6,2,2024-03-30,1,6,23,22,11.0,9,True,False
5,7,1,2023-10-14,1,15,59,142,,10,True,False
6,7,1,2023-11-04,1,15,59,165,,11,True,False
7,8,1,2025-09-04,1,16,63,236,,14,True,True
8,10,1,2026-06-04,3,5,40,44,,15,True,False
9,11,1,2023-12-04,1,20,77,43,39.0,16,True,False
10,11,2,2023-12-13,1,20,77,168,39.0,17,True,False
11,12,1,2024-02-03,1,3,12,81,5.0,18,True,False
12,12,1,2024-01-30,1,3,12,261,5.0,19,True,True
13,14,2,2026-01-27,1,7,26,168,,22,True,False
14,14,1,2026-01-29,1,7,26,300,,23,True,False
15,15,1,2025-06-09,1,4,15,102,7.0,26,True,False
16,18,1,2023-02-12,6,20,71,90,35.0,32,True,False
17,19,2,2026-06-26,1,6,23,280,12.0,34,True,False
18,20,1,2023-12-03,1,19,73,252,37.0,36,True,False
19,20,1,2023-11-28,1,19,73,246,37.0,37,True,False
20,22,1,2026-04-24,1,2,9,142,,39,True,False
21,24,1,2023-12-23,1,9,35,229,17.0,41,True,False
22,25,1,2025-03-31,1,16,65,204,31.0,42,True,False
23,25,1,2025-03-24,7,12,65,145,31.0,43,True,False
24,26,2,2025-09-27,1,4,17,184,,44,True,False
25,28,1,2024-11-01,1,5,20,197,10.0,48,True,False
26,29,1,2025-07-01,1,3,11,106,,49,True,False
27,32,1,2026-02-25,1,6,23,222,,53,True,False
28,32,1,2026-03-06,1,6,23,77,,54,True,False
29,34,1,2024-10-03,1,3,12,174,6.0,55,True,False
30,36,2,2024-04-09,1,18,71,129,,57,True,False
31,37,2,2023-05-21,1,2,9,79,,59,True,False
32,38,1,2025-02-27,1,20,77,265,40.0,62,True,False
33,41,1,2023-08-20,1,18,70,36,,67,True,False
34,43,1,2023-11-20,1,3,11,190,6.0,69,True,False
35,44,1,2023-01-23,1,13,53,213,25.0,71,True,False
36,45,1,2026-02-17,1,4,17,194,7.0,72,True,False
37,47,2,2023-08-16,1,14,56,118,,74,True,False
38,48,2,2023-03-06,1,7,27,142,,75,True,False
39,50,2,2025-08-19,1,8,30,22,16.0,77,True,False
40,50,2,2025-08-17,1,8,30,295,16.0,78,True,False
41,51,1,2025-06-17,1,16,63,191,31.0,79,True,False
42,52,1,2024-11-30,1,15,59,295,29.0,80,True,False
43,52,1,2024-11-28,3,12,59,250,29.0,81,True,False
44,54,1,2026-04-19,4,18,14,227,,83,True,False
45,54,1,2026-05-03,1,4,14,70,,84,True,False
46,54,2,2026-05-17,1,4,14,245,,85,True,False
47,55,1,2023-08-06,1,14,56,53,,86,True,False
48,55,1,2023-08-03,1,14,56,78,,87,True,True
49,56,1,2026-03-15,1,7,27,282,,88,True,False
50,57,1,2023-12-27,7,21,37,225,,89,True,False
51,57,1,2023-12-10,1,10,37,21,,90,True,False
52,60,2,2023-04-04,1,2,8,191,3.0,92,True,False
53,62,1,2023-09-01,1,16,65,76,,94,True,False
54,62,1,2023-09-01,1,16,65,135,,95,True,False
55,66,2,2025-12-11,1,12,47,70,,98,True,False
56,67,1,2024-05-19,1,5,21,241,,99,True,False
57,67,1,2024-05-07,1,5,21,84,,100,True,False
58,68,2,2024-01-01,1,2,9,150,,101,True,False
59,70,1,2025-01-09,1,13,53,286,25.0,103,True,False
60,70,1,2024-12-31,1,13,53,19,25.0,104,True,False
61,72,1,2025-07-09,1,19,73,4,38.0,106,True,False
62,75,1,2023-01-11,1,7,26,294,14.0,109,True,False
63,78,1,2024-03-26,1,19,74,156,37.0,112,True,False
64,79,1,2026-06-16,6,5,11,9,,113,True,False
65,81,1,2023-05-03,1,15,58,143,29.0,115,True,False
66,82,2,2024-12-19,1,9,32,148,,117,True,False
67,83,1,2023-02-26,1,15,61,112,29.0,118,True,False
68,84,1,2024-05-29,1,4,14,227,7.0,119,True,False
69,85,1,2025-11-04,1,4,14,154,,121,True,False
70,87,1,2024-01-05,1,5,19,21,9.0,125,True,False
71,88,1,2023-12-11,1,20,77,186,,126,True,False
72,89,1,2024-05-02,1,18,70,28,35.0,128,True,False
73,89,1,2024-04-21,4,6,70,235,35.0,129,True,False
74,90,2,2023-05-19,1,7,27,77,14.0,130,True,False
75,91,1,2023-07-29,1,1,6,190,,131,True,False
76,92,1,2025-06-29,1,13,52,249,25.0,133,True,False
77,93,1,2025-12-03,1,18,71,281,35.0,136,True,False
78,93,1,2025-11-12,1,18,71,134,35.0,137,True,False
79,94,1,2026-02-11,1,2,8,294,,140,True,False
80,95,1,2026-07-11,1,15,60,45,,142,True,False
81,95,1,2026-07-17,1,15,60,218,,145,True,False
82,97,1,2026-01-27,1,9,34,264,18.0,147,True,False
83,98,1,2025-04-23,1,18,71,158,36.0,150,True,False
84,98,1,2025-05-11,1,18,71,58,36.0,151,True,False
85,99,1,2023-02-05,1,16,64,51,32.0,152,True,False
86,102,1,2023-07-28,1,1,3,284,,156,True,False
87,102,1,2023-07-25,1,1,3,135,,158,True,False
88,106,1,2023-09-13,1,14,56,33,27.0,162,True,False
89,106,1,2023-09-06,1,14,56,204,27.0,163,True,False
90,107,1,2025-07-24,6,8,14,159,8.0,166,True,False
91,108,1,2026-01-22,1,4,15,228,,168,True,False
92,108,1,2026-01-12,1,4,15,295,,169,True,False
93,110,1,2026-06-13,1,4,14,132,8.0,172,True,False
94,111,1,2024-07-14,3,24,70,145,,173,True,False
95,112,1,2026-07-21,1,9,34,300,,174,True,False
96,113,1,2023-04-14,1,19,73,92,,176,True,False
97,113,1,2023-04-18,1,19,73,207,,178,True,False
98,115,1,2026-02-03,1,17,67,233,34.0,180,True,False
99,115,1,2026-02-14,1,17,67,96,34.0,181,True,False
100,116,1,2023-06-08,1,4,17,79,,182,True,False
101,116,1,2023-06-17,1,4,17,300,,183,True,False
102,118,1,2025-11-07,1,10,38,286,20.0,185,True,False
103,119,1,2026-06-14,1,20,76,259,,186,True,False
104,120,2,2024-03-27,1,14,56,271,28.0,189,True,False
105,120,1,2024-03-27,1,14,56,279,28.0,190,True,False
106,122,1,2025-09-21,1,18,70,263,36.0,192,True,False
107,123,1,2023-11-12,1,4,15,68,8.0,193,True,False
108,126,2,2024-07-19,1,4,14,86,8.0,196,True,True
109,127,1,2026-04-03,1,16,64,202,31.0,198,True,False
110,129,1,2024-10-26,1,19,73,42,,201,True,False
111,134,2,2024-04-19,1,1,4,97,1.0,206,True,False
112,135,1,2023-09-14,1,10,37,293,,207,True,False
113,137,2,2025-04-21,1,7,27,214,,208,True,False
114,137,1,2025-04-26,1,7,27,66,,209,True,False
115,138,1,2026-05-30,1,12,47,36,23.0,210,True,False
116,138,1,2026-06-12,1,12,47,211,23.0,211,True,False
117,139,2,2023-06-06,1,18,71,213,,212,True,False
118,140,1,2023-06-10,1,13,51,59,,214,True,False
119,140,1,2023-06-16,1,13,51,35,,215,True,False
120,142,1,2026-01-07,1,13,51,189,25.0,216,True,False
121,143,1,2026-01-26,1,7,27,20,14.0,217,True,False
122,145,1,2026-03-19,1,8,29,247,16.0,220,True,False
123,147,1,2024-04-08,1,20,77,87,40.0,221,True,False
124,147,1,2024-04-24,1,20,77,214,40.0,222,True,False
125,149,2,2023-01-12,1,8,30,128,15.0,223,True,False
126,151,1,2023-03-27,1,3,11,1,,227,True,False
127,153,1,2024-12-18,1,8,29,5,15.0,230,True,False
128,155,1,2026-03-25,1,17,67,279,,234,True,False
129,156,2,2025-10-04,1,10,37,218,,235,True,False
130,157,2,2025-09-21,1,5,21,251,10.0,236,True,False
131,158,1,2023-04-07,1,10,38,118,,237,True,False
132,161,1,2026-01-04,1,10,38,170,19.0,240,True,False
133,161,1,2026-01-02,1,10,38,137,19.0,241,True,False
134,162,1,2025-11-15,1,16,65,135,31.0,242,True,False
135,165,2,2023-01-25,1,4,15,24,8.0,244,True,False
136,167,1,2026-01-02,1,2,8,227,4.0,245,True,False
137,167,2,2026-01-20,1,2,8,203,4.0,246,True,False
138,167,1,2026-01-24,1,2,8,246,4.0,247,True,False
139,168,1,2026-06-13,1,6,23,44,12.0,248,True,False
140,168,1,2026-05-27,1,6,23,158,12.0,249,True,False
141,169,1,2025-09-14,1,5,19,77,10.0,250,True,False
142,169,1,2025-09-16,1,5,19,189,10.0,253,True,False
143,170,1,2024-06-23,1,5,21,113,,254,True,False
144,171,1,2023-05-23,1,1,4,7,1.0,255,True,False
145,173,1,2026-06-21,1,16,64,67,31.0,258,True,False
146,173,1,2026-06-13,1,16,64,258,31.0,259,True,False
147,173,1,2026-06-28,1,16,64,20,31.0,260,True,False
148,174,1,2024-12-11,1,3,11,144,6.0,261,True,False
149,174,1,2024-12-23,1,3,11,133,6.0,262,True,False
150,175,1,2026-02-06,1,15,59,204,,264,True,False
151,175,1,2026-01-27,1,15,59,249,,265,True,False
152,179,1,2026-05-13,1,18,71,138,35.0,269,True,False
153,179,1,2026-05-17,1,18,71,124,35.0,270,True,True
154,179,1,2026-05-30,1,18,71,266,35.0,272,True,False
155,180,1,2026-02-11,1,6,24,233,11.0,274,True,False
156,181,2,2024-05-20,1,12,46,83,23.0,276,True,False
157,183,1,2023-08-26,1,7,27,191,14.0,279,True,False
158,184,1,2025-04-14,1,1,5,295,,280,True,False
159,186,1,2024-10-10,1,14,55,181,,282,True,False
160,187,1,2023-07-27,1,8,29,272,15.0,283,True,False
161,187,1,2023-07-18,1,8,29,78,15.0,284,True,False
162,187,1,2023-07-23,1,8,29,51,15.0,285,True,False
163,188,1,2024-09-02,1,7,27,157,,287,True,False
164,190,1,2025-08-08,4,21,43,279,,288,True,False
165,190,1,2025-08-21,5,6,43,179,,289,True,False
166,192,2,2025-11-15,1,2,9,280,3.0,291,True,False
167,194,1,2025-08-24,1,4,16,228,,293,True,False
168,195,2,2024-12-11,1,13,53,228,25.0,294,True,False
169,196,2,2024-05-29,1,15,61,300,29.0,295,True,False
170,197,1,2024-04-15,1,2,8,99,,297,True,False
171,198,2,2023-05-29,1,7,26,129,,298,True,False
172,201,1,2024-04-15,1,11,43,183,,303,True,False
173,203,1,2023-02-20,1,9,35,274,18.0,304,True,False
174,205,2,2024-06-24,1,12,48,23,,307,True,False
175,206,1,2023-04-09,1,3,12,194,,308,True,False
176,207,1,2024-09-02,1,13,50,65,25.0,309,True,False
177,207,1,2024-08-26,6,19,50,134,25.0,310,True,False
178,210,2,2025-11-04,1,14,56,228,28.0,314,True,False
179,210,1,2025-11-18,1,14,56,62,28.0,316,True,False
180,212,1,2023-08-11,1,10,37,204,19.0,318,True,False
181,212,1,2023-08-02,1,10,37,121,19.0,320,True,True
182,212,2,2023-08-02,1,10,37,32,19.0,321,True,False
183,216,1,2023-03-03,1,11,41,7,22.0,326,True,False
184,216,2,2023-02-08,1,11,41,218,22.0,328,True,False
185,219,2,2026-03-12,1,19,74,86,,332,True,False
186,220,1,2026-04-14,1,9,33,141,,333,True,False
187,221,1,2026-02-07,1,16,65,137,,336,True,False
188,221,1,2026-02-19,1,16,65,210,,337,True,False
189,222,2,2026-04-26,1,9,34,152,17.0,340,True,False
190,222,1,2026-05-02,1,9,34,179,17.0,341,True,False
191,223,1,2026-02-20,1,6,23,52,,343,True,False
192,225,1,2024-11-29,1,10,38,204,,345,True,False
193,226,1,2026-01-28,4,14,26,218,14.0,347,True,False
194,230,2,2024-01-28,1,10,38,250,,349,True,False
195,230,2,2024-01-19,1,10,38,156,,350,True,False
196,230,1,2024-01-27,1,10,38,300,,351,True,False
197,231,2,2023-11-02,1,14,56,81,28.0,353,True,False
198,231,1,2023-10-29,1,14,56,238,28.0,354,True,False
199,233,1,2026-03-15,1,19,74,135,,355,True,False
200,237,1,2024-10-09,1,19,73,154,,360,True,False
201,241,2,2026-01-26,1,13,53,110,26.0,364,True,False
202,241,1,2026-02-02,1,13,53,133,26.0,365,True,False
203,242,1,2026-07-02,1,4,17,78,7.0,366,True,False
204,243,1,2025-07-02,1,3,11,104,6.0,368,True,False
205,244,1,2023-03-25,1,8,29,52,,369,True,False
206,245,1,2023-09-19,1,14,56,207,27.0,370,True,False
207,246,2,2026-01-11,1,1,3,116,1.0,373,True,False
208,247,1,2023-04-11,1,4,17,144,8.0,374,True,False
209,247,2,2023-04-13,1,4,17,131,8.0,375,True,False
210,249,1,2024-06-06,1,12,46,100,,381,True,False
211,251,1,2025-04-25,1,8,29,216,16.0,383,True,False
212,252,1,2026-06-26,1,2,9,89,,385,True,False
213,253,1,2025-02-21,1,12,46,54,24.0,386,True,False
214,254,1,2026-06-21,1,3,12,121,5.0,388,True,False
215,254,2,2026-07-02,2,11,12,127,5.0,389,True,False
216,257,1,2026-05-04,1,11,40,157,21.0,390,True,True
217,259,1,2025-06-29,1,7,26,165,13.0,392,True,False
218,260,2,2023-07-27,1,16,64,149,31.0,393,True,True
219,260,2,2023-07-29,1,16,64,200,31.0,394,True,False
220,260,1,2023-07-28,1,16,64,127,31.0,395,True,False
221,260,1,2023-08-21,6,19,64,159,31.0,396,True,False
222,262,1,2023-07-25,1,18,71,225,35.0,398,True,True
223,263,2,2024-08-20,1,8,30,233,15.0,399,True,False
224,267,1,2023-02-27,1,5,20,187,10.0,405,True,False
225,267,1,2023-03-23,1,5,20,13,10.0,406,True,False
226,268,1,2026-03-23,1,8,30,59,15.0,408,True,True
227,269,1,2024-06-09,1,5,19,96,9.0,410,True,False
228,270,1,2024-05-06,6,3,23,186,11.0,411,True,False
229,272,1,2023-06-26,1,19,73,66,38.0,413,True,False
230,273,2,2026-02-18,1,3,11,243,,415,True,False
231,273,1,2026-02-21,1,3,11,140,,417,True,False
232,274,1,2025-01-23,1,20,76,9,39.0,419,True,False
233,275,2,2026-05-13,1,16,64,107,,421,True,False
234,275,1,2026-05-07,3,8,64,286,,422,True,True
235,276,1,2024-10-29,1,8,30,172,,424,True,False
236,279,1,2025-05-11,1,8,30,242,15.0,430,True,False
237,279,1,2025-04-25,6,18,30,178,15.0,431,True,False
238,280,1,2025-03-07,1,12,48,282,24.0,432,True,False
239,282,1,2025-12-02,1,10,37,197,19.0,433,True,False
240,283,1,2026-01-21,1,14,56,90,27.0,436,True,False
241,283,1,2026-01-16,1,14,56,219,27.0,437,True,False
242,283,1,2026-01-21,1,14,56,128,27.0,438,True,True
243,285,1,2024-03-16,1,13,51,125,,440,True,False
244,287,2,2024-07-22,1,15,59,265,29.0,443,True,False
245,287,2,2024-08-01,1,15,59,148,29.0,444,True,False
246,288,1,2025-05-03,1,11,41,131,21.0,445,True,False
247,288,2,2025-04-29,7,18,41,35,21.0,446,True,False
248,289,1,2025-08-06,1,9,35,293,,447,True,False
249,290,2,2024-01-22,1,18,71,228,,448,True,False
250,291,1,2026-03-26,1,1,5,252,2.0,449,True,False
251,291,1,2026-04-06,1,1,5,118,2.0,450,True,False
252,292,1,2024-12-24,2,8,23,101,,451,True,False
253,292,1,2024-12-19,1,6,23,92,,452,True,False
254,293,1,2024-08-19,1,15,60,203,29.0,453,True,False
255,294,2,2026-06-02,1,17,68,75,33.0,455,True,False
256,294,1,2026-06-07,1,17,68,222,33.0,457,True,False
257,295,1,2026-01-31,1,10,38,290,19.0,458,True,False
258,296,1,2026-06-20,1,5,20,176,9.0,459,True,False
259,297,1,2025-07-29,1,19,74,247,37.0,461,True,False
260,299,1,2024-01-18,1,5,19,243,10.0,464,True,False
261,299,1,2024-02-04,1,5,19,206,10.0,465,True,False
262,301,2,2026-04-17,1,9,35,104,18.0,466,True,False
263,302,2,2024-07-12,1,11,42,141,22.0,467,True,False
264,303,2,2025-11-04,1,18,71,278,,468,True,False
265,304,1,2023-04-17,1,5,19,54,9.0,469,True,False
266,306,1,2023-02-08,1,10,38,41,20.0,472,True,False
267,306,1,2023-01-31,1,10,38,283,20.0,473,True,False
268,306,2,2023-01-31,1,10,38,216,20.0,474,True,False
269,306,1,2023-01-25,1,10,38,3,20.0,475,True,False
270,307,2,2025-06-10,1,16,63,216,31.0,476,True,False
271,307,1,2025-06-30,1,16,63,130,31.0,478,True,False
272,308,1,2023-10-02,1,19,73,104,,479,True,False
273,308,1,2023-10-09,1,19,73,125,,480,True,False
274,309,2,2023-07-04,1,9,35,75,17.0,481,True,False
275,311,2,2024-12-24,1,12,45,62,24.0,483,True,False
276,312,2,2024-08-31,1,7,26,68,13.0,484,True,False
277,312,1,2024-08-26,1,7,26,61,13.0,485,True,False
278,313,1,2023-12-15,1,10,38,65,20.0,487,True,False
279,314,1,2024-01-26,1,4,17,142,7.0,488,True,False
280,317,1,2026-05-24,1,12,47,73,24.0,491,True,False
281,317,1,2026-06-12,1,12,47,158,24.0,493,True,False
282,317,1,2026-06-13,1,12,47,67,24.0,494,True,False
283,319,1,2023-06-11,1,17,67,47,,498,True,False
284,320,2,2026-05-09,1,7,27,213,,500,True,False
285,322,1,2026-06-05,7,7,37,183,,503,True,False
286,327,1,2023-04-28,4,17,68,143,,510,True,False
287,327,1,2023-04-21,1,17,68,91,,512,True,False
288,328,1,2026-05-07,2,7,67,68,33.0,514,True,False
289,328,1,2026-05-16,1,17,67,206,33.0,515,True,False
290,328,1,2026-06-01,1,17,67,85,33.0,516,True,False
291,329,2,2023-04-24,1,3,11,238,6.0,518,True,False
292,329,2,2023-03-29,1,3,11,8,6.0,519,True,False
293,330,1,2024-04-15,1,19,73,44,,522,True,False
294,330,1,2024-05-02,1,19,73,82,,523,True,False
295,331,1,2026-02-06,5,23,5,150,,525,True,False
296,331,2,2026-02-09,1,1,5,263,,526,True,False
297,333,1,2023-11-12,1,17,67,201,,530,True,False
298,333,2,2023-11-14,5,19,67,208,,531,True,False
299,334,1,2026-02-13,1,6,24,62,11.0,532,True,False
300,336,1,2026-04-21,1,17,67,299,,535,True,False
301,339,1,2024-10-19,1,7,26,17,13.0,540,True,False
302,339,1,2024-10-15,1,7,26,196,13.0,542,True,False
303,340,2,2024-10-22,7,19,17,105,,543,True,False
304,341,2,2026-05-25,1,10,38,297,19.0,544,True,False
305,342,1,2023-12-07,1,17,67,294,33.0,546,True,False
306,342,2,2023-12-12,1,17,67,108,33.0,547,True,False
307,343,1,2025-09-19,1,5,21,93,,550,True,False
308,345,1,2024-12-28,1,18,71,109,35.0,552,True,False
309,346,1,2024-01-21,1,9,32,208,17.0,553,True,False
310,346,1,2024-01-29,1,9,32,34,17.0,556,True,False
311,348,1,2023-12-17,1,15,58,130,30.0,557,True,False
312,349,1,2025-04-08,1,7,26,135,,558,True,False
313,349,2,2025-04-06,1,7,26,139,,559,True,False
314,349,1,2025-03-29,1,7,26,89,,560,True,False
315,352,1,2023-11-01,1,4,14,44,,565,True,False
316,353,1,2026-04-26,1,19,74,136,37.0,569,True,False
317,354,2,2024-02-13,1,9,35,128,18.0,570,True,False
318,357,1,2023-03-04,1,11,42,294,,575,True,False
319,360,1,2023-02-10,1,3,11,28,,578,True,False
320,362,1,2025-01-09,1,4,15,127,,580,True,False
321,365,1,2023-12-23,1,13,51,268,,583,True,False
322,365,2,2023-12-17,1,13,51,286,,584,True,False
323,367,1,2023-05-22,1,19,74,281,,588,True,False
324,370,1,2024-02-25,3,14,20,236,,591,True,False
325,375,1,2025-02-20,1,12,48,190,23.0,597,True,False
326,375,2,2025-02-22,3,23,48,91,23.0,598,True,False
327,377,1,2024-09-16,1,12,47,31,,603,True,False
328,377,1,2024-09-27,1,12,47,293,,604,True,False
329,378,1,2026-06-03,1,18,70,276,35.0,605,True,False
330,380,1,2024-02-23,1,11,43,88,21.0,608,True,False
331,380,1,2024-02-19,1,11,43,3,21.0,610,True,False
332,381,1,2023-08-12,1,19,73,160,38.0,611,True,False
333,383,1,2024-03-26,1,2,9,83,,612,True,False
334,384,2,2023-12-12,1,3,12,186,5.0,613,True,False
335,385,2,2026-03-26,1,9,34,274,,616,True,False
336,386,1,2025-12-31,1,5,21,289,9.0,617,True,False
337,387,1,2026-05-21,5,13,64,229,32.0,620,True,False
338,388,1,2025-11-15,1,15,60,229,30.0,622,True,False
339,389,1,2024-06-18,1,18,71,32,,623,True,False
340,390,1,2026-04-18,1,2,9,102,,625,True,False
341,391,1,2025-01-16,1,5,21,26,10.0,626,True,False
342,393,1,2025-04-12,1,17,67,288,,628,True,False
343,395,1,2026-03-11,1,19,74,236,37.0,630,True,False
344,396,1,2026-03-27,4,13,71,223,,633,True,False
345,396,1,2026-03-19,1,18,71,46,,634,True,False
346,400,1,2025-03-26,1,16,64,299,,637,True,False
347,401,1,2026-06-19,1,16,63,259,32.0,638,True,False
348,402,1,2025-10-08,1,13,50,120,,639,True,True
349,404,1,2025-12-03,1,6,23,278,,643,True,False
350,407,1,2023-06-02,1,18,71,260,,645,True,False
351,407,1,2023-06-15,1,18,71,230,,646,True,False
352,408,1,2024-03-28,1,20,76,79,40.0,649,True,False
353,409,1,2023-05-24,1,6,23,279,11.0,650,True,False
354,409,2,2023-05-14,1,6,23,299,11.0,651,True,False
355,409,1,2023-05-20,1,6,23,157,11.0,652,True,False
356,410,1,2024-08-15,1,1,3,58,2.0,653,True,False
357,413,1,2026-02-16,1,18,71,298,35.0,654,True,False
358,416,1,2026-03-15,1,20,77,130,39.0,657,True,False
359,417,1,2023-06-04,1,1,4,225,,658,True,False
360,418,1,2023-07-28,1,10,38,92,19.0,661,True,False
361,419,1,2025-07-17,1,11,41,35,22.0,663,True,False
362,420,1,2025-08-21,1,15,61,188,,665,True,False
363,420,1,2025-08-13,1,15,61,152,,666,True,False
364,421,1,2025-10-05,1,15,58,63,30.0,669,True,False
365,423,1,2023-02-06,1,19,73,27,37.0,672,True,False
366,423,1,2023-02-05,1,19,73,38,37.0,673,True,False
367,424,1,2026-07-24,4,18,37,173,,674,True,False
368,426,1,2024-05-08,1,2,9,123,4.0,678,True,False
369,426,1,2024-05-08,1,2,9,149,4.0,680,True,False
370,427,1,2024-07-06,1,20,76,252,40.0,682,True,False
371,428,2,2026-02-03,1,5,20,169,9.0,683,True,False
372,430,1,2025-04-09,1,20,76,123,39.0,684,True,False
373,431,1,2025-02-25,1,2,9,205,4.0,686,True,False
374,431,1,2025-02-18,7,2,9,122,4.0,688,True,False
375,433,1,2026-02-07,1,16,63,93,,690,True,False
376,433,2,2026-02-20,1,16,63,9,,693,True,False
377,434,1,2023-04-04,5,3,63,277,,694,True,False
378,435,1,2026-06-07,1,10,38,102,,696,True,False
379,437,1,2023-07-03,1,17,67,126,,700,True,False
380,437,2,2023-06-17,1,17,67,48,,701,True,False
381,438,2,2025-03-22,1,11,41,260,22.0,703,True,False
382,438,1,2025-03-29,1,11,41,148,22.0,704,True,False
383,439,1,2025-08-02,1,5,20,89,,706,True,False
384,441,1,2026-04-04,1,10,37,215,19.0,707,True,False
385,442,2,2025-02-18,1,13,51,183,26.0,708,True,False
386,442,1,2025-02-11,1,13,51,142,26.0,709,True,False
387,443,1,2023-08-18,1,4,17,271,8.0,711,True,False
388,444,2,2026-01-31,1,8,30,239,15.0,712,True,False
389,444,1,2026-01-14,1,8,30,40,15.0,713,True,False
390,445,2,2024-10-02,1,15,60,230,29.0,714,True,False
391,448,1,2023-11-26,1,10,37,63,,718,True,False
392,449,1,2023-03-01,1,8,30,32,15.0,719,True,False
393,449,2,2023-03-19,1,8,30,247,15.0,720,True,False
394,454,1,2026-05-04,1,6,23,124,11.0,726,True,False
395,454,1,2026-05-14,1,6,23,204,11.0,727,True,False
396,456,1,2023-07-27,1,9,34,170,,729,True,False
397,456,1,2023-07-26,1,9,34,146,,731,True,False
398,457,1,2024-09-17,1,13,52,191,25.0,732,True,False
399,457,1,2024-09-23,1,13,52,138,25.0,733,True,False
400,458,2,2024-06-10,1,20,76,32,40.0,735,True,False
401,458,2,2024-06-13,1,20,76,6,40.0,737,True,False
402,459,1,2023-05-02,1,5,19,286,9.0,738,True,False
403,460,1,2026-06-01,1,20,76,87,40.0,740,True,False
404,463,1,2026-02-28,1,16,65,103,31.0,743,True,False
405,463,2,2026-02-27,1,16,65,101,31.0,744,True,False
406,463,1,2026-03-07,1,16,65,245,31.0,745,True,False
407,465,1,2023-03-08,1,13,52,135,,748,True,False
408,466,1,2026-06-11,1,2,9,57,4.0,750,True,True
409,466,1,2026-06-13,1,2,9,288,4.0,751,True,False
410,467,1,2026-01-26,1,10,37,24,19.0,752,True,False
411,470,1,2025-11-18,1,10,37,193,19.0,757,True,False
412,470,1,2025-11-26,1,10,37,271,19.0,758,True,False
413,471,1,2025-12-25,1,2,8,260,,760,True,False
414,471,1,2025-12-11,1,2,8,39,,763,True,False
415,473,1,2024-05-12,1,1,5,226,1.0,765,True,False
416,474,2,2025-12-11,1,8,30,66,16.0,766,True,True
417,474,1,2025-12-22,1,8,30,292,16.0,767,True,False
418,474,1,2025-12-11,1,8,30,80,16.0,768,True,False
419,476,1,2023-11-29,4,14,21,53,,770,True,False
420,477,2,2023-09-13,1,20,77,7,,771,True,False
421,480,1,2023-10-13,6,18,45,277,,773,True,True
422,481,2,2023-04-20,1,13,51,248,,776,True,False
423,481,2,2023-04-25,1,13,51,61,,777,True,False
424,482,1,2024-10-16,1,10,37,30,20.0,778,True,False
425,483,2,2023-07-21,1,5,21,230,,779,True,True
426,485,1,2025-04-28,1,19,74,145,,781,True,False
427,486,2,2024-09-09,1,13,53,3,26.0,782,True,False
428,487,1,2025-07-14,1,14,56,154,28.0,784,True,False
429,489,1,2026-03-22,1,5,19,90,10.0,786,True,False
430,489,1,2026-03-19,1,5,19,37,10.0,787,True,False
431,491,1,2024-04-02,1,16,64,243,32.0,789,True,False
432,491,1,2024-03-24,1,16,64,191,32.0,790,True,False
433,491,1,2024-03-21,7,6,64,126,32.0,791,True,False
434,492,2,2025-06-17,1,12,48,196,23.0,792,True,False
435,493,1,2023-09-24,1,4,15,280,7.0,793,True,False
436,493,1,2023-10-06,1,4,15,40,7.0,794,True,False
437,493,1,2023-09-25,1,4,15,206,7.0,795,True,False
438,495,1,2026-03-19,1,9,34,152,,797,True,True
439,496,2,2026-01-30,1,17,68,295,,798,True,False
440,498,1,2025-09-19,1,12,46,113,24.0,801,True,False
441,499,2,2026-05-20,1,1,5,78,1.0,804,True,False
442,499,1,2026-05-21,1,1,5,220,1.0,805,True,False
443,500,1,2025-11-19,1,9,35,282,,807,True,False
444,504,1,2023-12-11,3,15,61,76,30.0,811,True,False
445,505,2,2024-10-17,1,8,29,138,,813,True,False
446,506,2,2023-03-24,1,3,12,179,6.0,816,True,False
447,507,1,2024-06-12,1,13,51,168,,818,True,False
448,508,1,2023-09-12,1,13,50,225,,819,True,False
449,509,1,2025-01-23,1,10,37,235,,820,True,False
450,509,1,2025-01-05,1,10,37,5,,821,True,False
451,509,1,2025-01-14,1,10,37,49,,823,True,False
452,510,1,2026-03-19,1,12,45,135,23.0,824,True,False
453,512,1,2026-03-29,1,11,41,125,21.0,825,True,False
454,513,1,2026-05-22,1,9,34,91,18.0,826,True,False
455,516,1,2023-07-06,1,19,73,227,,830,True,False
456,516,1,2023-06-29,1,19,73,85,,831,True,False
457,519,1,2023-04-09,1,16,65,108,31.0,833,True,False
458,519,1,2023-04-29,1,16,65,50,31.0,834,True,False
459,520,1,2026-01-30,6,13,73,147,37.0,836,True,False
460,521,1,2024-02-11,3,14,37,260,19.0,838,True,False
461,523,1,2024-01-07,1,10,38,72,,839,True,False
462,524,2,2024-05-01,1,18,70,251,36.0,841,True,False
463,526,1,2023-09-24,1,1,4,232,,843,True,False
464,526,1,2023-09-27,1,1,4,74,,844,True,False
465,526,1,2023-09-19,1,1,4,154,,845,True,False
466,529,1,2023-06-24,1,20,77,300,,848,True,False
467,529,1,2023-07-06,1,20,77,44,,851,True,False
468,530,1,2025-07-10,1,1,4,148,,852,True,False
469,531,2,2025-03-18,1,4,16,198,8.0,853,True,False
470,533,2,2024-12-06,1,18,71,128,,856,True,False
471,534,1,2026-03-20,1,11,43,138,22.0,857,True,False
472,534,1,2026-03-19,1,11,43,191,22.0,858,True,False
473,535,1,2026-04-17,1,7,27,203,,860,True,False
474,538,2,2025-04-23,1,3,11,20,6.0,864,True,False
475,540,1,2024-06-15,1,15,59,114,29.0,866,True,False
476,540,1,2024-05-22,1,15,59,85,29.0,867,True,False
477,541,1,2026-01-23,1,17,68,25,34.0,869,True,False
478,543,1,2025-02-27,1,20,77,206,,872,True,False
479,544,2,2024-04-13,1,15,60,86,29.0,874,True,False
480,547,1,2026-04-30,1,5,19,120,,876,True,False
481,549,1,2025-04-06,1,13,50,72,26.0,878,True,False
482,549,2,2025-03-24,1,13,50,273,26.0,880,True,False
483,550,1,2023-01-26,1,4,16,93,7.0,881,True,False
484,551,2,2023-09-11,1,7,27,131,,884,True,False
485,551,1,2023-09-21,1,7,27,275,,885,True,False
486,552,1,2024-10-12,4,20,56,275,28.0,886,True,False
487,552,1,2024-10-10,1,14,56,31,28.0,887,True,False
488,554,1,2023-09-16,1,1,5,27,,890,True,False
489,554,1,2023-10-04,1,1,5,180,,891,True,False
490,556,2,2026-04-13,1,5,19,89,10.0,895,True,False
491,559,1,2024-06-18,1,8,29,285,16.0,898,True,False
492,560,1,2025-07-18,1,12,45,280,,900,True,False
493,560,1,2025-08-01,1,12,45,87,,901,True,False
494,562,2,2024-05-06,1,1,6,257,2.0,903,True,False
495,563,1,2025-06-19,1,5,20,214,9.0,904,True,False
496,565,2,2024-10-29,1,8,29,28,16.0,906,True,False
497,567,1,2025-12-12,3,7,15,88,8.0,907,True,False
498,568,1,2024-02-03,1,14,55,75,,908,True,False
499,572,2,2025-05-07,1,18,70,20,,910,True,False
500,575,1,2024-06-16,1,6,24,175,11.0,914,True,False
501,576,1,2026-04-15,6,4,38,150,,917,True,False
502,577,1,2024-06-18,1,6,23,124,,919,True,False
503,578,1,2023-09-03,1,13,52,111,,924,True,False
504,578,1,2023-09-15,1,13,52,111,,925,True,False
505,580,1,2025-11-25,1,20,77,107,40.0,926,True,False
506,580,1,2025-11-02,1,20,77,24,40.0,927,True,False
507,580,1,2025-11-13,1,20,77,183,40.0,928,True,False
508,581,1,2025-05-31,1,5,19,53,,929,True,False
509,581,2,2025-06-08,1,5,19,142,,930,True,False
510,582,1,2026-04-13,1,3,12,217,6.0,931,True,False
511,584,1,2026-05-23,1,6,23,168,,932,True,False
512,585,1,2026-03-24,1,3,11,53,,937,True,False
513,585,2,2026-03-15,1,3,11,47,,938,True,False
514,587,1,2023-07-01,1,20,77,139,40.0,942,True,False
515,588,1,2024-10-09,6,17,5,195,1.0,944,True,False
516,589,2,2024-04-22,4,24,70,218,,946,True,False
517,590,1,2026-05-16,1,20,76,236,39.0,950,True,False
518,591,1,2024-09-09,1,8,30,57,16.0,951,True,False
519,593,1,2026-02-28,3,24,77,32,,953,True,False
520,593,1,2026-03-19,1,20,77,168,,954,True,False
521,594,1,2025-10-25,1,9,33,178,,955,True,False
522,594,1,2025-11-09,1,9,33,79,,956,True,False
523,594,1,2025-10-30,1,9,33,207,,957,True,False
524,595,1,2024-06-14,1,5,19,2,10.0,958,True,False
525,596,1,2023-09-18,1,11,40,108,22.0,959,True,False
526,596,1,2023-09-08,4,18,40,53,22.0,960,True,False
527,597,1,2025-11-23,1,6,23,192,12.0,962,True,False
528,597,1,2025-11-06,1,6,23,191,12.0,964,True,False
529,600,1,2024-05-24,1,8,30,161,,968,True,False
530,601,2,2025-07-24,1,15,58,136,,969,True,False
531,601,2,2025-07-24,1,15,58,56,,970,True,False
532,603,1,2026-04-23,1,4,15,248,7.0,972,True,False
533,604,1,2026-02-19,1,18,70,119,36.0,973,True,False
534,605,1,2026-05-16,6,5,32,88,,974,True,False
535,606,1,2023-08-19,7,3,23,126,,976,True,False
536,607,1,2026-05-17,1,19,74,32,38.0,977,True,True
537,607,2,2026-05-10,1,19,74,233,38.0,978,True,False
538,609,1,2025-11-25,1,2,9,214,4.0,980,True,True
539,610,1,2024-12-29,1,14,56,96,28.0,981,True,False
540,610,2,2025-01-22,1,14,56,86,28.0,982,True,False
541,612,1,2025-05-20,1,13,52,48,,984,True,False
542,612,1,2025-04-28,1,13,52,296,,986,True,False
543,612,1,2025-05-07,1,13,52,82,,987,True,False
544,616,2,2026-05-05,1,12,45,239,23.0,992,True,False
545,616,2,2026-05-07,1,12,45,159,23.0,994,True,False
546,617,1,2024-06-10,1,15,59,158,29.0,995,True,False
547,617,1,2024-06-03,1,15,59,293,29.0,996,True,False
548,618,1,2024-05-07,1,9,32,124,17.0,998,True,False
549,619,1,2023-04-16,1,6,24,221,,1000,True,False
550,623,1,2023-09-14,1,11,43,221,21.0,1004,True,False
551,626,1,2026-06-15,1,19,74,292,37.0,1005,True,False
552,627,2,2023-04-23,1,20,76,220,40.0,1007,True,False
553,628,1,2023-09-26,1,16,64,7,31.0,1009,True,False
554,628,1,2023-09-21,1,16,64,15,31.0,1011,True,True
555,629,2,2025-09-28,1,8,30,53,16.0,1012,True,False
556,630,1,2023-12-30,1,17,67,133,34.0,1013,True,False
557,630,2,2023-12-31,1,17,67,37,34.0,1014,True,False
558,631,1,2025-06-01,1,15,59,33,30.0,1015,True,False
559,632,1,2023-03-30,1,8,30,140,16.0,1016,True,False
560,636,2,2024-04-24,2,19,74,219,38.0,1019,True,False
561,636,1,2024-04-04,1,19,74,101,38.0,1020,True,False
562,639,2,2023-01-21,1,6,24,32,12.0,1023,True,False
563,639,1,2023-02-18,1,6,24,239,12.0,1024,True,False
564,641,1,2026-03-19,1,3,12,128,,1026,True,False
565,641,1,2026-03-11,1,3,12,58,,1028,True,False
566,643,1,2025-07-30,4,21,4,54,2.0,1031,True,False
567,644,2,2023-11-08,1,10,37,224,19.0,1035,True,False
568,645,1,2026-05-28,1,6,24,98,,1036,True,False
569,647,1,2023-01-16,1,13,52,283,25.0,1037,True,False
570,647,1,2023-01-26,1,13,52,228,25.0,1038,True,False
571,649,1,2023-04-09,1,18,70,157,35.0,1039,True,False
572,649,1,2023-05-06,4,9,70,54,35.0,1040,True,False
573,650,2,2025-08-17,1,13,50,202,,1041,True,False
574,652,2,2024-05-01,1,13,52,157,,1044,True,False
575,653,2,2026-05-11,1,16,65,202,31.0,1045,True,False
576,654,1,2025-12-05,1,6,24,82,,1046,True,False
577,655,1,2023-09-28,1,19,73,276,38.0,1047,True,False
578,657,2,2024-05-06,1,2,8,287,,1052,True,False
579,658,1,2025-04-07,1,8,30,10,16.0,1053,True,False
580,659,1,2025-03-13,1,5,21,225,10.0,1055,True,True
581,661,1,2025-08-14,4,3,11,35,,1056,True,False
582,662,1,2023-07-26,1,2,9,159,4.0,1057,True,False
583,664,1,2023-11-08,1,15,60,266,29.0,1059,True,False
584,665,2,2026-07-10,1,3,12,248,5.0,1061,True,False
585,667,2,2026-05-06,1,15,61,210,30.0,1064,True,False
586,667,1,2026-05-02,1,15,61,32,30.0,1065,True,False
587,669,1,2024-08-11,1,4,15,222,,1066,True,False
588,670,1,2024-09-26,1,13,52,259,25.0,1068,True,False
589,670,2,2024-10-10,1,13,52,41,25.0,1069,True,False
590,671,1,2024-11-23,3,23,6,22,2.0,1071,True,False
591,672,1,2026-04-29,1,11,42,239,22.0,1074,True,False
592,672,2,2026-05-10,1,11,42,83,22.0,1075,True,False
593,673,1,2025-03-07,1,20,77,188,40.0,1076,True,False
594,675,1,2025-03-16,1,8,30,281,,1080,True,False
595,676,2,2023-11-09,1,8,29,79,15.0,1082,True,False
596,676,2,2023-11-04,1,8,29,59,15.0,1083,True,False
597,679,1,2025-09-15,1,8,30,29,16.0,1087,True,False
598,680,1,2026-06-22,1,15,58,153,30.0,1088,True,False
599,680,1,2026-07-03,1,15,58,252,30.0,1089,True,False
600,681,1,2024-04-24,1,18,70,99,36.0,1090,True,False
601,682,1,2024-06-10,1,8,29,190,,1091,True,False
602,683,1,2023-01-29,1,10,37,102,,1092,True,False
603,686,1,2025-04-17,1,4,16,84,7.0,1096,True,False
604,687,2,2026-01-16,1,3,11,167,6.0,1098,True,False
605,689,1,2024-04-09,1,18,71,293,,1102,True,False
606,689,1,2024-04-27,1,18,71,272,,1103,True,False
607,691,2,2026-04-26,1,13,52,17,25.0,1105,True,False
608,691,1,2026-04-26,1,13,52,21,25.0,1106,True,False
609,691,1,2026-04-06,1,13,52,77,25.0,1107,True,False
610,693,2,2024-04-27,1,18,71,198,35.0,1111,True,False
611,694,1,2024-02-18,1,12,47,298,24.0,1113,True,False
612,697,2,2023-01-30,1,2,8,79,3.0,1114,True,False
613,699,1,2023-11-04,1,18,71,200,35.0,1116,True,False
614,700,1,2024-05-21,1,8,30,96,15.0,1118,True,False
615,701,1,2024-10-19,1,11,40,247,,1119,True,False
616,702,1,2025-11-20,1,4,14,76,7.0,1121,True,False
617,703,1,2025-02-05,1,7,26,93,13.0,1122,True,False
618,704,1,2025-01-16,1,5,21,146,9.0,1123,True,False
619,705,1,2026-05-29,1,18,70,207,36.0,1124,True,True
620,706,1,2024-10-06,1,11,40,100,22.0,1126,True,False
621,707,1,2026-02-08,1,16,63,252,32.0,1127,True,False
622,707,2,2026-02-19,1,16,63,255,32.0,1128,True,False
623,708,1,2024-03-22,1,5,20,4,10.0,1129,True,False
624,709,2,2024-11-04,1,19,74,265,,1131,True,False
625,710,1,2025-03-10,1,2,9,284,4.0,1132,True,True
626,711,1,2024-08-01,1,9,34,152,18.0,1134,True,False
627,712,1,2023-01-15,1,9,33,255,,1135,True,False
628,713,2,2023-12-15,1,12,48,269,23.0,1137,True,False
629,713,1,2023-12-15,1,12,48,255,23.0,1138,True,False
630,714,2,2026-04-13,1,15,58,185,,1139,True,False
631,716,1,2024-11-19,1,16,65,218,,1141,True,False
632,717,1,2023-08-16,1,16,64,269,,1143,True,False
633,719,2,2026-01-05,1,19,74,176,,1144,True,False
634,721,1,2025-04-23,1,5,20,195,,1149,True,False
635,722,1,2026-02-16,1,9,32,70,,1150,True,False
636,722,1,2026-02-18,1,9,32,58,,1151,True,False
637,725,1,2024-07-18,1,4,15,222,7.0,1154,True,False
638,725,1,2024-08-08,1,4,15,150,7.0,1155,True,False
639,727,1,2025-01-10,1,13,51,20,,1158,True,False
640,730,1,2025-06-12,1,1,4,112,,1162,True,False
641,732,2,2023-06-10,1,14,56,213,28.0,1164,True,False
642,732,1,2023-06-19,1,14,56,4,28.0,1165,True,False
643,735,1,2024-11-05,1,14,56,291,,1169,True,False
644,735,1,2024-11-15,1,14,56,132,,1170,True,False
645,738,2,2025-03-25,3,22,34,175,18.0,1174,True,False
646,739,2,2025-02-09,1,8,30,152,,1176,True,False
647,739,1,2025-01-24,1,8,30,243,,1178,True,True
648,740,1,2023-11-21,1,20,77,180,,1179,True,False
649,740,1,2023-12-06,1,20,77,212,,1180,True,False
650,740,1,2023-11-16,1,20,77,233,,1181,True,False
651,740,2,2023-12-06,1,20,77,28,,1182,True,False
652,742,1,2026-05-06,1,11,43,104,21.0,1184,True,False
653,742,1,2026-05-15,1,11,43,155,21.0,1185,True,False
654,743,1,2025-03-18,1,2,8,122,3.0,1186,True,False
655,744,1,2023-02-22,1,19,73,196,37.0,1187,True,False
656,744,1,2023-01-23,1,19,73,241,37.0,1188,True,False
657,745,1,2024-06-12,1,6,24,198,11.0,1190,True,False
658,745,1,2024-06-28,1,6,24,206,11.0,1192,True,False
659,745,1,2024-06-18,1,6,24,186,11.0,1193,True,False
660,746,1,2024-03-05,3,16,73,192,,1194,True,False
661,748,2,2026-04-08,1,17,67,126,33.0,1196,True,False
662,749,2,2026-05-20,1,12,45,132,23.0,1197,True,False
663,750,1,2026-07-03,7,21,73,230,38.0,1200,True,False
664,750,1,2026-07-20,1,19,73,40,38.0,1201,True,False
665,752,1,2026-07-23,3,14,37,44,19.0,1202,True,False
666,752,1,2026-07-03,1,10,37,223,19.0,1204,True,False
667,753,1,2023-05-24,1,17,68,186,,1205,True,False
668,756,1,2023-12-08,1,8,30,253,,1210,True,False
669,756,2,2023-11-16,1,8,30,177,,1211,True,False
670,756,1,2023-12-05,1,8,30,273,,1212,True,False
671,759,2,2025-08-28,1,12,45,220,,1214,True,False
672,762,1,2025-02-06,1,3,11,24,,1220,True,False
673,763,1,2025-02-23,1,1,3,33,,1221,True,False
674,763,1,2025-02-18,1,1,3,275,,1222,True,False
675,764,2,2024-01-20,1,19,73,277,38.0,1223,True,False
676,767,2,2026-03-12,1,14,56,217,,1227,True,False
677,768,1,2025-09-07,1,19,74,64,37.0,1228,True,False
678,769,1,2025-04-08,1,16,63,91,,1231,True,False
679,770,1,2026-05-24,1,6,24,55,,1232,True,False
680,774,1,2025-05-11,1,8,30,75,15.0,1235,True,False
681,774,1,2025-05-14,1,8,30,107,15.0,1236,True,False
682,775,1,2025-10-09,1,13,50,118,,1237,True,False
683,775,1,2025-10-17,1,13,50,267,,1239,True,False
684,778,1,2024-08-19,1,4,16,174,8.0,1243,True,False
685,779,2,2025-09-25,1,4,16,294,,1244,True,False
686,781,2,2025-04-17,1,12,46,59,23.0,1246,True,False
687,782,2,2025-10-30,1,5,21,27,10.0,1247,True,False
688,784,1,2024-10-28,1,20,77,119,39.0,1249,True,False
689,787,1,2023-12-06,4,20,3,127,2.0,1252,True,False
690,787,1,2023-11-26,1,1,3,182,2.0,1253,True,False
691,787,1,2023-11-25,1,1,3,73,2.0,1255,True,False
692,789,1,2026-03-02,1,1,4,142,2.0,1256,True,True
693,792,1,2025-11-20,1,20,77,149,,1259,True,False
694,793,2,2024-10-14,1,19,73,244,,1262,True,False
695,797,1,2025-01-20,1,10,38,297,,1267,True,False
696,799,1,2023-06-08,1,20,77,297,,1269,True,False
697,801,1,2025-11-02,1,13,51,132,25.0,1270,True,False
698,801,1,2025-11-24,1,13,51,38,25.0,1272,True,False
699,802,1,2023-07-11,1,10,38,96,19.0,1274,True,False
700,802,1,2023-07-01,1,10,38,84,19.0,1275,True,False
701,803,1,2025-10-30,1,4,14,7,7.0,1277,True,False
702,806,1,2026-04-01,5,4,4,64,2.0,1278,True,False
703,807,1,2026-04-06,6,19,56,273,27.0,1279,True,False
704,807,1,2026-04-16,1,14,56,90,27.0,1281,True,False
705,808,1,2025-10-07,1,20,76,171,39.0,1284,True,False
706,810,1,2026-01-17,1,10,37,257,,1286,True,False
707,812,1,2025-03-21,1,18,71,72,36.0,1288,True,False
708,814,2,2026-01-23,1,9,34,274,18.0,1291,True,False
709,815,1,2025-10-12,1,15,61,71,30.0,1292,True,False
710,815,1,2025-11-01,1,15,61,67,30.0,1294,True,False
711,818,1,2023-02-22,1,3,12,270,6.0,1296,True,False
712,820,1,2024-10-03,1,16,65,106,,1299,True,False
713,820,1,2024-09-28,1,16,65,128,,1300,True,False
714,821,1,2025-05-16,1,12,45,18,24.0,1301,True,False
715,824,2,2026-01-30,1,16,63,214,32.0,1306,True,False
716,824,1,2026-01-18,1,16,63,23,32.0,1307,True,False
717,824,1,2026-01-22,1,16,63,8,32.0,1308,True,False
718,825,1,2023-04-04,1,14,55,105,28.0,1311,True,False
719,826,1,2023-06-28,1,6,23,233,11.0,1313,True,False
720,828,1,2026-06-24,1,18,70,173,35.0,1316,True,True
721,829,1,2025-02-06,1,20,76,278,39.0,1317,True,False
722,829,1,2025-02-11,1,20,76,259,39.0,1318,True,False
723,830,1,2025-08-24,1,1,3,278,1.0,1319,True,False
724,831,1,2023-10-06,4,5,40,15,21.0,1320,True,False
725,832,1,2024-01-05,1,18,70,175,,1321,True,False
726,834,1,2025-09-10,1,10,38,113,,1322,True,False
727,836,1,2024-01-09,1,17,68,241,,1324,True,False
728,836,1,2024-01-09,1,17,68,232,,1325,True,False
729,837,1,2024-02-14,1,20,76,159,39.0,1327,True,False
730,838,1,2025-07-15,1,15,60,108,29.0,1329,True,False
731,839,1,2025-10-21,1,19,73,75,37.0,1330,True,False
732,839,1,2025-10-12,1,19,73,83,37.0,1331,True,False
733,840,2,2025-01-10,1,15,60,123,30.0,1335,True,False
734,843,1,2026-06-18,1,19,73,213,37.0,1338,True,False
735,844,1,2023-04-26,1,2,8,238,,1341,True,False
736,845,1,2023-05-27,1,12,45,281,23.0,1344,True,True
737,846,1,2024-06-01,1,6,24,269,,1348,True,True
738,848,1,2023-01-18,1,4,17,257,,1351,True,False
739,848,1,2023-02-02,1,4,17,300,,1352,True,False
740,852,1,2023-10-10,1,17,68,274,33.0,1354,True,False
741,853,1,2023-09-04,1,6,24,123,12.0,1355,True,False
742,853,2,2023-09-01,1,6,24,228,12.0,1357,True,False
743,856,1,2024-10-28,1,15,58,263,29.0,1360,True,False
744,858,1,2026-07-27,1,11,41,81,21.0,1363,True,False
745,859,1,2025-04-29,1,18,71,35,36.0,1365,True,False
746,859,1,2025-05-20,1,18,71,129,36.0,1366,True,False
747,860,1,2026-04-21,1,11,40,129,22.0,1367,True,False
748,865,1,2025-12-12,1,2,8,177,3.0,1373,True,False
749,866,2,2025-01-05,1,2,8,219,,1375,True,False
750,867,1,2026-06-04,1,19,73,67,37.0,1376,True,False
751,871,1,2026-05-13,1,12,47,290,23.0,1380,True,False
752,872,2,2025-09-09,1,1,3,121,,1381,True,False
753,874,1,2025-06-10,1,19,73,153,37.0,1382,True,False
754,876,1,2023-12-23,1,15,61,197,,1384,True,False
755,877,1,2024-11-26,1,20,76,33,,1385,True,False
756,878,1,2026-04-18,1,12,48,256,23.0,1386,True,False
757,878,1,2026-04-16,1,12,48,78,23.0,1387,True,False
758,878,2,2026-03-29,1,12,48,282,23.0,1388,True,False
759,879,1,2026-03-10,1,2,8,102,3.0,1389,True,False
760,880,1,2023-06-07,4,1,55,163,,1391,True,False
761,882,1,2026-03-21,1,8,30,156,,1394,True,False
762,888,1,2024-07-29,1,4,17,14,8.0,1401,True,False
763,889,1,2024-04-03,1,11,42,24,,1403,True,False
764,892,2,2023-09-12,1,7,26,300,14.0,1406,True,False
765,896,1,2023-08-03,1,11,40,261,21.0,1409,True,False
766,899,1,2023-06-16,1,19,74,246,38.0,1413,True,False
767,900,1,2023-01-27,1,13,51,91,26.0,1415,True,False
768,900,1,2023-02-04,1,13,51,146,26.0,1416,True,False
769,901,2,2024-07-24,1,15,59,294,,1417,True,False
770,902,1,2026-04-27,1,9,35,60,,1419,True,False
771,903,1,2025-01-16,1,10,38,57,20.0,1420,True,False
772,904,2,2023-01-14,1,12,45,229,24.0,1422,True,False
773,908,2,2026-06-15,1,11,42,179,22.0,1424,True,False
774,908,1,2026-05-23,4,13,42,254,22.0,1427,True,False
775,909,1,2024-02-18,3,4,34,143,,1429,True,False
776,910,2,2024-05-25,1,16,63,180,32.0,1430,True,False
777,911,1,2026-06-19,1,17,67,284,,1432,True,False
778,912,2,2023-03-16,1,6,23,159,,1433,True,False
779,913,1,2026-04-29,1,1,5,217,2.0,1434,True,False
780,914,1,2025-02-19,7,25,73,107,37.0,1436,True,False
781,918,2,2025-05-20,1,14,55,66,27.0,1444,True,False
782,920,1,2026-03-07,1,14,56,131,,1447,True,False
783,920,1,2026-03-13,1,14,56,3,,1448,True,False
784,920,1,2026-03-14,1,14,56,212,,1449,True,False
785,921,1,2026-05-04,1,12,47,191,24.0,1450,True,False
786,922,1,2023-05-08,1,4,16,150,,1451,True,False
787,923,1,2025-02-27,1,12,46,297,,1452,True,False
788,925,1,2024-03-04,3,20,52,276,26.0,1457,True,False
789,927,1,2025-10-16,1,5,20,240,,1459,True,False
790,928,2,2025-08-17,1,9,35,297,18.0,1460,True,True
791,929,1,2024-12-14,1,7,27,31,13.0,1462,True,False
792,930,1,2025-12-14,1,14,56,169,,1464,True,False
793,930,1,2025-11-26,1,14,56,157,,1465,True,False
794,931,1,2026-06-06,1,15,59,40,30.0,1466,True,False
795,932,1,2023-02-23,1,1,6,34,,1467,True,False
796,933,1,2024-01-09,1,15,60,219,29.0,1468,True,False
797,934,1,2025-12-15,1,2,8,171,,1469,True,False
798,934,2,2025-12-04,1,2,8,92,,1470,True,False
799,937,1,2024-04-10,1,9,35,166,,1472,True,False
800,938,1,2026-03-12,1,14,55,186,,1474,True,False
801,940,2,2026-06-15,1,18,70,198,,1478,True,False
802,941,1,2026-04-23,1,12,46,32,,1481,True,False
803,943,1,2025-01-06,1,16,64,177,32.0,1485,True,True
804,945,2,2024-01-28,1,15,59,100,,1487,True,False
805,947,1,2025-04-27,1,9,32,239,,1490,True,False
806,947,1,2025-04-22,2,4,32,212,,1491,True,False
807,947,2,2025-04-11,1,9,32,259,,1492,True,False
808,949,1,2026-05-09,1,9,34,109,,1493,True,False
809,949,1,2026-05-13,7,11,34,124,,1494,True,False
810,950,1,2026-01-18,1,5,20,223,,1495,True,False
811,952,1,2025-01-25,1,5,21,284,9.0,1496,True,False
812,954,2,2026-01-01,7,4,42,110,,1500,True,False
813,954,1,2026-01-29,1,11,42,12,,1501,True,False
814,957,1,2026-04-23,1,2,9,26,3.0,1504,True,False
815,958,1,2025-07-25,1,17,67,138,,1507,True,False
816,959,1,2024-01-30,1,7,26,131,13.0,1508,True,False
817,959,2,2024-02-21,1,7,26,124,13.0,1509,True,False
818,959,1,2024-02-18,1,7,26,98,13.0,1511,True,False
819,960,2,2024-06-13,1,20,77,294,39.0,1513,True,False
820,960,1,2024-06-08,1,20,77,254,39.0,1514,True,False
821,960,2,2024-06-22,1,20,77,49,39.0,1515,True,False
822,963,1,2024-10-07,1,12,48,139,,1523,True,False
823,965,1,2023-12-14,1,4,16,63,,1528,True,False
824,965,2,2023-12-03,1,4,16,170,,1529,True,False
825,968,1,2023-05-01,1,11,43,157,21.0,1531,True,False
826,968,1,2023-05-05,1,11,43,34,21.0,1532,True,False
827,970,1,2026-01-19,1,1,6,240,,1534,True,False
828,972,1,2025-10-09,1,17,67,224,33.0,1537,True,False
829,972,1,2025-09-09,1,17,67,7,33.0,1538,True,False
830,972,1,2025-10-02,1,17,67,268,33.0,1539,True,False
831,973,1,2024-08-15,1,6,24,154,11.0,1540,True,False
832,974,1,2026-02-19,1,11,43,209,21.0,1544,True,False
833,975,1,2023-07-23,1,13,50,213,25.0,1546,True,False
834,976,2,2023-03-20,1,19,74,38,37.0,1548,True,False
835,976,2,2023-03-03,1,19,74,263,37.0,1549,True,False
836,977,1,2026-03-14,1,19,74,91,37.0,1550,True,False
837,978,1,2023-12-05,1,5,20,290,10.0,1551,True,False
838,979,1,2025-06-12,1,20,77,62,39.0,1552,True,False
839,980,1,2025-02-09,1,2,9,283,3.0,1553,True,False
840,982,2,2023-12-09,1,4,14,42,7.0,1555,True,False
841,983,1,2025-03-01,1,8,30,13,16.0,1557,True,False
842,984,2,2023-05-02,1,11,40,19,21.0,1559,True,False
843,988,2,2026-02-22,1,8,30,266,,1566,True,False
844,988,1,2026-03-07,7,17,30,281,,1567,True,False
845,988,1,2026-02-28,7,24,30,53,,1569,True,False
846,989,1,2026-06-21,1,9,33,166,17.0,1571,True,False
847,989,2,2026-06-01,1,9,33,33,17.0,1573,True,False
848,990,1,2026-03-22,1,13,52,240,,1574,True,False
849,993,1,2026-04-01,1,15,61,90,30.0,1578,True,False
850,993,1,2026-03-05,1,15,61,44,30.0,1579,True,False
851,994,1,2023-02-14,1,2,9,170,,1581,True,False
852,994,1,2023-02-08,1,2,9,185,,1583,True,False
853,995,1,2025-09-13,1,10,37,98,,1584,True,False
854,999,1,2026-06-13,1,10,38,60,,1586,True,False
855,1000,1,2025-10-01,1,17,67,286,33.0,1588,True,False
856,1000,2,2025-09-17,1,17,67,229,33.0,1590,True,False
857,1001,2,2023-04-29,1,3,12,153,6.0,1591,True,False
858,1001,1,2023-05-03,1,3,12,293,6.0,1593,True,False
859,1002,1,2026-07-02,1,13,53,172,26.0,1594,True,False
860,1004,1,2024-05-18,1,7,26,156,,1595,True,True
861,1005,1,2025-08-10,1,13,52,20,25.0,1596,True,False
862,1007,1,2026-01-19,1,9,34,263,17.0,1599,True,False
863,1007,2,2026-02-07,1,9,34,108,17.0,1601,True,False
864,1008,2,2025-12-11,1,7,27,138,14.0,1602,True,False
865,1008,1,2025-11-17,1,7,27,221,14.0,1603,True,False
866,1010,1,2024-03-27,5,17,30,281,,1605,True,False
867,1013,1,2023-11-03,1,1,3,41,,1609,True,False
868,1019,1,2026-06-10,1,15,58,198,,1615,True,False
869,1022,2,2025-02-13,1,5,20,53,10.0,1621,True,False
870,1024,2,2025-01-24,1,15,58,97,29.0,1624,True,False
871,1025,1,2025-05-11,1,10,37,198,19.0,1626,True,False
872,1027,1,2024-04-16,1,5,21,37,9.0,1629,True,False
873,1029,1,2025-09-10,1,18,71,45,,1631,True,False
874,1031,1,2023-02-26,1,1,5,248,,1636,True,False
875,1031,1,2023-02-02,3,4,5,202,,1637,True,False
876,1032,1,2023-09-23,1,10,38,69,20.0,1638,True,False
877,1033,1,2026-07-10,1,7,26,136,,1639,True,False
878,1033,1,2026-07-01,1,7,26,70,,1640,True,False
879,1034,2,2025-12-04,1,10,38,78,,1643,True,False
880,1035,1,2026-06-09,1,20,77,47,40.0,1644,True,False
881,1036,1,2025-08-03,4,14,61,290,30.0,1645,True,False
882,1037,1,2026-04-26,1,14,55,29,28.0,1646,True,False
883,1037,2,2026-04-12,1,14,55,67,28.0,1647,True,False
884,1038,1,2026-04-07,1,13,50,160,,1649,True,False
885,1038,2,2026-03-21,1,13,50,126,,1650,True,False
886,1040,1,2026-05-16,1,7,27,20,,1653,True,False
887,1040,1,2026-05-18,7,19,27,69,,1654,True,False
888,1040,1,2026-04-23,1,7,27,32,,1655,True,False
889,1041,1,2026-06-16,1,4,14,29,7.0,1656,True,True
890,1042,1,2024-07-30,1,4,15,239,8.0,1657,True,False
891,1043,1,2024-06-18,5,8,9,43,4.0,1658,True,False
892,1046,1,2026-06-27,1,1,6,53,2.0,1662,True,False
893,1046,1,2026-07-12,1,1,6,211,2.0,1664,True,False
894,1048,1,2025-04-13,1,3,12,120,,1665,True,False
895,1049,1,2023-11-03,1,17,67,213,34.0,1666,True,False
896,1051,2,2026-01-16,1,9,33,75,,1667,True,True
897,1054,1,2026-02-20,1,6,23,199,,1669,True,False
898,1055,1,2025-10-23,1,15,59,11,,1671,True,False
899,1057,1,2023-09-10,1,20,76,54,40.0,1672,True,False
900,1057,1,2023-08-18,1,20,76,91,40.0,1673,True,False
901,1059,1,2023-12-21,1,1,4,205,1.0,1674,True,False
902,1060,2,2026-05-31,1,5,21,22,,1676,True,False
903,1061,2,2026-01-27,1,18,71,81,,1677,True,False
904,1061,1,2026-01-27,1,18,71,36,,1678,True,False
905,1063,1,2024-11-01,1,13,51,116,26.0,1681,True,False
906,1063,1,2024-11-04,7,11,51,271,26.0,1682,True,False
907,1065,1,2024-04-18,1,8,30,199,16.0,1685,True,False
908,1066,1,2023-08-28,1,3,12,4,6.0,1686,True,False
909,1068,1,2024-12-18,1,18,71,286,36.0,1688,True,False
910,1072,1,2023-04-19,1,14,55,293,28.0,1690,True,False
911,1073,2,2023-10-24,1,15,61,68,29.0,1691,True,False
912,1074,2,2023-05-15,1,1,6,21,,1695,True,False
913,1075,1,2023-07-08,3,19,38,67,19.0,1697,True,False
914,1078,2,2024-06-09,3,25,37,167,,1703,True,False
915,1079,1,2026-04-24,1,7,27,198,14.0,1705,True,False
916,1080,1,2025-05-20,1,2,9,67,3.0,1706,True,False
917,1080,1,2025-05-12,1,2,9,57,3.0,1707,True,False
918,1081,1,2023-09-06,1,8,29,12,16.0,1708,True,False
919,1082,2,2023-05-25,1,11,41,86,21.0,1709,True,False
920,1082,1,2023-05-17,1,11,41,248,21.0,1710,True,False
921,1083,1,2026-06-29,1,5,20,60,9.0,1711,True,False
922,1084,1,2025-03-22,1,3,12,40,,1712,True,False
923,1084,1,2025-04-07,1,3,12,149,,1713,True,False
924,1086,1,2023-07-13,1,7,26,155,,1714,True,False
925,1086,1,2023-06-29,1,7,26,298,,1715,True,False
926,1087,1,2026-04-03,1,9,35,235,17.0,1716,True,False
927,1089,1,2025-05-16,1,15,58,139,,1719,True,False
928,1089,1,2025-05-16,1,15,58,13,,1720,True,False
929,1089,1,2025-06-09,1,15,58,293,,1721,True,False
930,1092,1,2026-03-31,1,14,55,272,28.0,1724,True,False
931,1094,1,2025-06-04,1,4,17,17,7.0,1726,True,False
932,1094,2,2025-05-12,1,4,17,122,7.0,1727,True,False
933,1095,2,2026-01-21,1,13,52,73,26.0,1728,True,False
934,1095,1,2026-01-12,1,13,52,245,26.0,1729,True,False
935,1096,1,2025-09-21,1,13,50,247,,1730,True,False
936,1096,1,2025-09-26,1,13,50,74,,1731,True,False
937,1098,1,2025-01-16,1,13,51,200,,1733,True,False
938,1099,2,2023-11-22,1,6,23,34,11.0,1735,True,False
939,1100,1,2024-10-07,5,23,11,178,6.0,1736,True,False
940,1100,1,2024-09-18,1,3,11,129,6.0,1738,True,False
941,1100,1,2024-09-25,1,3,11,102,6.0,1739,True,False
942,1101,1,2024-02-18,1,9,34,45,,1740,True,False
943,1102,1,2023-10-16,1,7,27,52,,1741,True,False
944,1103,1,2024-05-23,1,17,67,214,34.0,1743,True,False
945,1105,1,2023-07-11,1,12,47,96,24.0,1746,True,False
946,1105,1,2023-07-11,1,12,47,111,24.0,1748,True,False
947,1107,1,2024-08-28,1,19,74,249,,1751,True,False
948,1107,1,2024-08-31,1,19,74,237,,1752,True,False
949,1108,1,2026-03-18,1,15,61,132,,1755,True,False
950,1110,1,2023-06-13,1,10,37,223,19.0,1758,True,False
951,1112,1,2024-04-16,1,6,24,27,12.0,1763,True,False
952,1113,1,2024-04-11,1,19,74,28,37.0,1765,True,False
953,1116,1,2026-04-04,1,16,64,71,,1770,True,False
954,1118,2,2025-05-13,1,1,4,174,,1774,True,False
955,1119,1,2023-03-07,1,16,65,188,32.0,1777,True,False
956,1121,1,2023-12-05,1,15,61,255,,1781,True,False
957,1121,1,2023-12-26,1,15,61,40,,1782,True,False
958,1122,1,2026-04-29,1,1,5,107,,1783,True,False
959,1122,1,2026-05-22,1,1,5,227,,1784,True,True
960,1124,1,2023-01-07,1,5,21,42,9.0,1786,True,False
961,1125,2,2026-05-12,1,11,41,278,22.0,1787,True,False
962,1126,1,2024-12-07,1,19,74,163,,1790,True,False
963,1126,1,2024-12-01,1,19,74,202,,1791,True,False
964,1127,1,2024-12-20,1,11,40,234,21.0,1792,True,False
965,1128,1,2023-09-14,1,2,9,260,4.0,1793,True,False
966,1128,1,2023-08-24,1,2,9,52,4.0,1795,True,False
967,1129,1,2026-06-29,1,9,33,236,18.0,1797,True,False
968,1129,1,2026-06-15,1,9,33,2,18.0,1798,True,False
969,1130,1,2024-12-05,1,10,38,253,20.0,1800,True,False
970,1131,1,2024-01-20,1,14,56,280,,1802,True,False
971,1133,1,2025-05-04,1,6,23,7,,1805,True,False
972,1137,1,2024-09-22,1,12,45,148,,1809,True,False
973,1140,2,2026-03-29,1,5,20,266,,1812,True,False
974,1140,1,2026-03-18,3,20,20,218,,1814,True,False
975,1141,1,2025-02-27,1,6,23,177,12.0,1815,True,False
976,1142,1,2025-09-23,1,6,24,118,12.0,1817,True,False
977,1143,1,2026-06-11,1,13,53,258,,1819,True,False
978,1143,1,2026-06-24,1,13,53,238,,1820,True,False
979,1144,1,2025-04-17,1,15,61,112,,1821,True,False
980,1144,2,2025-05-04,1,15,61,269,,1822,True,False
981,1145,1,2024-10-08,1,16,65,208,,1824,True,False
982,1146,1,2026-06-20,1,19,73,270,,1825,True,False
983,1147,1,2024-10-11,5,24,53,154,25.0,1826,True,False
984,1148,1,2023-05-22,1,20,77,57,,1827,True,False
985,1149,1,2025-06-10,1,16,64,251,,1828,True,False
986,1152,2,2023-09-30,1,13,53,87,26.0,1832,True,False
987,1154,1,2026-01-15,6,5,64,25,31.0,1837,True,False
988,1156,1,2023-07-21,1,5,20,262,9.0,1839,True,False
989,1158,1,2023-07-14,1,4,17,73,7.0,1841,True,False
990,1159,1,2024-12-29,1,20,76,128,40.0,1842,True,False
991,1160,2,2026-06-11,1,3,11,126,5.0,1843,True,False
992,1163,2,2024-01-26,1,9,32,154,18.0,1847,True,False
993,1163,1,2024-01-23,1,9,32,62,18.0,1848,True,False
994,1166,1,2025-02-26,1,3,12,251,6.0,1851,True,False
995,1167,1,2026-05-11,1,1,4,73,2.0,1852,True,False
996,1168,1,2023-09-20,1,18,71,2,36.0,1853,True,False
997,1170,2,2026-07-08,1,8,29,149,,1856,True,False
998,1172,2,2024-03-15,6,10,14,182,8.0,1858,True,False
999,1173,1,2026-04-17,1,1,3,220,,1859,True,False
1000,1178,1,2023-08-21,1,14,56,201,27.0,1863,True,False
1001,1178,1,2023-08-29,1,14,56,114,27.0,1864,True,False
1002,1180,1,2026-04-02,1,1,3,198,,1866,True,False
1003,1181,1,2025-09-04,1,7,26,247,,1867,True,False
1004,1182,1,2023-05-08,1,10,37,93,19.0,1870,True,False
1005,1182,2,2023-05-14,1,10,37,56,19.0,1871,True,False
1006,1183,1,2024-07-02,1,10,38,209,20.0,1872,True,False
1007,1184,1,2025-09-15,1,18,71,162,35.0,1874,True,False
1008,1185,1,2026-01-10,1,19,73,139,38.0,1875,True,True
1009,1186,1,2023-01-23,1,9,32,266,,1876,True,False
1010,1187,1,2024-03-23,1,10,37,219,,1877,True,False
1011,1187,1,2024-04-14,1,10,37,198,,1878,True,False
1012,1188,1,2024-05-26,1,11,40,125,,1879,True,False
1013,1188,1,2024-06-14,1,11,40,46,,1881,True,False
1014,1191,2,2026-03-11,1,10,38,273,,1884,True,False
1015,1195,1,2024-01-02,1,7,26,208,13.0,1888,True,False
1016,1195,1,2023-12-25,1,7,26,106,13.0,1890,True,False
1017,1196,2,2025-07-03,1,7,26,24,,1892,True,False
1018,1198,1,2026-01-29,1,6,24,240,,1895,True,False
1019,1198,1,2026-01-30,1,6,24,52,,1896,True,False
1020,1200,2,2026-03-14,1,11,43,176,21.0,1900,True,False
1021,1204,2,2026-05-29,1,15,58,87,,1908,True,False
1022,1205,1,2026-04-24,1,7,26,284,13.0,1909,True,False
1023,1205,1,2026-04-15,1,7,26,55,13.0,1910,True,False
1024,1206,1,2024-08-25,1,16,65,286,32.0,1911,True,False
1025,1208,1,2025-05-09,1,9,34,138,17.0,1913,True,False
1026,1208,2,2025-05-07,1,9,34,108,17.0,1914,True,False
1027,1208,1,2025-05-06,1,9,34,38,17.0,1915,True,False
1028,1208,1,2025-05-12,1,9,34,223,17.0,1916,True,False
1029,1211,2,2025-07-04,1,3,11,11,5.0,1919,True,False
1030,1212,2,2024-05-03,1,19,74,37,37.0,1920,True,False
1031,1212,1,2024-04-12,1,19,74,144,37.0,1921,True,False
1032,1213,1,2026-02-22,1,9,32,285,18.0,1922,True,False
1033,1213,1,2026-02-21,1,9,32,27,18.0,1924,True,False
1034,1214,2,2025-10-22,1,10,38,210,20.0,1925,True,False
1035,1217,1,2026-06-22,1,4,15,274,8.0,1931,True,False
1036,1219,1,2024-08-02,1,18,71,250,36.0,1934,True,False
1037,1220,2,2026-05-10,1,7,26,18,,1936,True,False
1038,1222,1,2023-10-01,1,8,30,226,15.0,1938,True,False
1039,1223,1,2026-05-02,1,12,47,226,24.0,1940,True,False
1040,1224,2,2023-01-29,1,19,74,120,,1941,True,False
1041,1224,1,2023-01-23,1,19,74,25,,1942,True,False
1042,1225,2,2025-06-24,1,14,56,238,,1943,True,False
1043,1225,1,2025-06-20,1,14,56,74,,1944,True,False
1044,1227,2,2025-11-08,5,18,74,284,37.0,1946,True,False
1045,1228,1,2024-02-11,1,10,38,85,19.0,1947,True,False
1046,1229,1,2025-02-13,1,1,6,143,,1949,True,False
1047,1234,2,2023-12-08,1,3,12,65,,1957,True,False
1048,1236,1,2024-02-29,3,17,67,147,,1958,True,False
1049,1236,1,2024-03-28,1,17,67,116,,1959,True,False
1050,1236,1,2024-03-19,1,17,67,270,,1960,True,False
1051,1236,1,2024-03-08,1,17,67,236,,1961,True,False
1052,1238,2,2026-05-14,1,8,29,282,16.0,1964,True,False
1053,1244,1,2024-04-11,5,15,76,110,40.0,1970,True,False
1054,1245,1,2026-05-10,1,15,60,108,,1973,True,False
1055,1246,1,2025-08-11,1,8,29,145,,1974,True,False
1056,1246,1,2025-08-03,1,8,29,159,,1975,True,False
1057,1249,2,2023-07-11,1,10,38,107,20.0,1976,True,False
1058,1251,1,2025-10-25,1,1,5,109,1.0,1977,True,False
1059,1252,1,2026-02-09,1,5,21,73,,1980,True,False
1060,1253,1,2024-10-11,1,8,30,109,16.0,1982,True,False
1061,1254,1,2024-10-26,1,10,38,18,20.0,1983,True,False
1062,1255,1,2024-03-22,1,11,41,89,,1984,True,False
1063,1256,1,2025-09-15,1,15,61,141,29.0,1986,True,False
1064,1258,2,2023-04-24,1,15,61,251,30.0,1988,True,False
1065,1259,1,2023-10-22,1,5,21,119,9.0,1989,True,False
1066,1262,1,2026-04-14,1,3,11,98,5.0,1992,True,False
1067,1263,1,2024-10-28,1,13,53,223,25.0,1993,True,False
1068,1264,1,2026-05-06,1,19,73,60,,1994,True,False
1069,1265,2,2025-11-27,1,15,61,35,30.0,1996,True,False
1070,1266,1,2025-05-13,1,19,73,178,37.0,1997,True,False
1071,1267,1,2023-11-08,1,5,20,105,10.0,1998,True,False
1072,1270,1,2023-11-21,1,17,67,117,34.0,2001,True,False
1073,1272,1,2026-03-29,1,7,26,236,,2003,True,False
1074,1273,1,2024-03-17,5,6,23,137,12.0,2006,True,False
1075,1275,1,2023-11-26,1,15,59,273,30.0,2013,True,False
1076,1276,1,2023-06-01,1,1,5,134,,2014,True,False
1077,1277,1,2023-03-03,1,10,38,230,19.0,2015,True,False
1078,1278,1,2026-04-10,1,1,3,94,2.0,2017,True,False
1079,1280,1,2026-07-15,1,19,73,3,,2020,True,False
1080,1280,1,2026-07-19,1,19,73,227,,2021,True,False
1081,1281,1,2025-07-26,1,18,70,8,36.0,2023,True,False
1082,1281,1,2025-07-17,1,18,70,298,36.0,2024,True,False
1083,1282,1,2025-10-07,7,17,76,191,,2026,True,False
1084,1283,1,2026-03-17,1,3,12,48,5.0,2027,True,False
1085,1285,1,2024-12-24,1,13,53,79,,2030,True,False
1086,1291,1,2025-10-01,1,11,43,201,,2037,True,False
1087,1294,1,2023-09-23,1,13,51,86,,2043,True,False
1088,1294,1,2023-09-25,1,13,51,53,,2045,True,False
1089,1295,1,2025-03-26,1,2,9,141,,2046,True,False
1090,1295,1,2025-03-22,1,2,9,170,,2047,True,False
1091,1295,1,2025-03-29,1,2,9,196,,2048,True,False
1092,1295,1,2025-03-23,1,2,9,259,,2049,True,False
1093,1297,1,2024-09-11,1,2,8,62,4.0,2051,True,False
1094,1299,2,2024-12-24,1,8,30,180,,2053,True,False
1095,1300,1,2025-10-28,1,18,71,187,,2054,True,False
1096,1300,2,2025-11-02,1,18,71,243,,2055,True,False
1097,1301,1,2025-09-21,1,2,8,248,4.0,2058,True,False
1098,1302,1,2023-07-08,1,10,37,206,,2059,True,False
1099,1302,1,2023-07-09,1,10,37,33,,2060,True,False
1100,1302,2,2023-07-14,1,10,37,208,,2061,True,False
1101,1303,1,2026-01-17,1,2,9,259,,2062,True,False
1102,1304,2,2026-04-24,1,7,27,119,14.0,2065,True,False
1103,1305,1,2025-07-14,1,3,11,210,,2067,True,False
1104,1306,1,2024-08-02,1,19,73,208,37.0,2068,True,False
1105,1306,1,2024-08-04,1,19,73,36,37.0,2069,True,False
1106,1307,1,2026-01-15,3,10,45,114,,2072,True,False
1107,1307,1,2026-01-08,1,12,45,5,,2074,True,False
1108,1308,2,2024-04-05,1,7,26,212,13.0,2075,True,False
1109,1309,1,2023-09-19,1,12,45,259,23.0,2076,True,False
1110,1310,1,2026-01-28,4,16,58,74,30.0,2077,True,False
1111,1311,1,2026-03-16,1,2,9,203,3.0,2079,True,False
1112,1311,1,2026-03-17,1,2,9,107,3.0,2080,True,False
1113,1311,1,2026-03-13,1,2,9,71,3.0,2081,True,False
1114,1313,1,2026-05-29,1,9,32,226,,2082,True,False
1115,1314,1,2026-01-26,1,6,23,103,12.0,2083,True,False
1116,1315,1,2026-03-06,1,14,55,51,28.0,2084,True,False
1117,1315,1,2026-03-07,1,14,55,23,28.0,2085,True,False
1118,1316,1,2026-06-25,1,4,17,208,,2086,True,False
1119,1319,1,2026-01-23,1,14,56,217,28.0,2090,True,False
1120,1321,1,2025-08-13,1,15,59,24,,2092,True,False
1121,1321,1,2025-08-16,1,15,59,69,,2093,True,False
1122,1324,2,2026-01-06,1,9,32,27,18.0,2098,True,False
1123,1327,2,2026-03-14,1,4,16,236,8.0,2102,True,True
1124,1328,2,2025-04-11,1,8,30,10,,2104,True,False
1125,1329,1,2026-02-26,1,11,42,201,22.0,2105,True,False
1126,1330,1,2026-01-19,4,17,11,71,6.0,2107,True,False
1127,1331,1,2026-01-18,1,7,26,76,14.0,2108,True,False
1128,1332,1,2026-03-08,1,14,56,119,,2109,True,False
1129,1333,1,2025-08-20,1,16,65,112,,2112,True,False
1130,1334,2,2023-04-27,1,13,50,76,26.0,2116,True,False
1131,1338,1,2024-05-27,1,2,8,287,3.0,2118,True,False
1132,1338,1,2024-06-09,4,8,8,268,3.0,2119,True,False
1133,1338,1,2024-05-23,1,2,8,283,3.0,2120,True,False
1134,1340,2,2025-09-23,1,4,15,33,7.0,2123,True,False
1135,1341,1,2023-03-13,1,15,59,86,,2124,True,False
1136,1342,1,2024-05-11,7,18,32,95,,2125,True,False
1137,1342,1,2024-04-20,6,22,32,161,,2126,True,False
1138,1343,1,2025-02-02,1,18,70,96,,2128,True,False
1139,1344,1,2024-08-27,1,20,77,26,,2129,True,False
1140,1346,1,2024-12-29,1,17,67,93,34.0,2133,True,False
1141,1348,1,2025-07-01,1,4,15,54,,2135,True,False
1142,1348,1,2025-07-19,1,4,15,93,,2136,True,False
1143,1349,2,2026-03-24,1,15,60,201,29.0,2137,True,False
1144,1352,1,2023-11-15,1,16,64,187,32.0,2141,True,False
1145,1352,1,2023-11-25,1,16,64,233,32.0,2142,True,False
1146,1353,2,2026-04-08,1,5,20,119,,2144,True,False
1147,1355,1,2026-05-03,1,16,65,112,32.0,2145,True,False
1148,1355,1,2026-04-10,1,16,65,268,32.0,2146,True,False
1149,1358,1,2025-09-22,1,4,15,14,,2149,True,False
1150,1361,1,2023-12-31,1,16,63,146,32.0,2153,True,False
1151,1362,2,2026-02-16,1,10,38,251,,2154,True,False
1152,1362,2,2026-03-09,1,10,38,169,,2155,True,False
1153,1363,2,2024-01-09,1,8,29,227,15.0,2156,True,False
1154,1365,1,2024-04-30,1,11,43,277,21.0,2158,True,False
1155,1365,1,2024-05-12,1,11,43,156,21.0,2160,True,False
1156,1366,1,2026-04-27,1,1,6,230,1.0,2161,True,False
1157,1366,1,2026-05-22,1,1,6,128,1.0,2162,True,False
1158,1366,1,2026-05-01,1,1,6,9,1.0,2163,True,False
1159,1366,1,2026-04-27,1,1,6,50,1.0,2164,True,False
1160,1367,1,2025-05-02,1,4,14,39,8.0,2166,True,False
1161,1367,1,2025-05-17,1,4,14,106,8.0,2167,True,False
1162,1370,1,2024-07-20,1,16,63,287,31.0,2170,True,False
1163,1370,1,2024-07-29,1,16,63,227,31.0,2171,True,False
1164,1370,1,2024-07-19,1,16,63,76,31.0,2172,True,False
1165,1371,1,2026-01-16,1,14,56,91,,2174,True,False
1166,1373,1,2023-06-13,1,17,68,37,33.0,2177,True,False
1167,1373,2,2023-06-18,1,17,68,71,33.0,2178,True,False
1168,1373,1,2023-06-25,1,17,68,35,33.0,2179,True,False
1169,1374,1,2026-02-27,1,1,5,29,,2181,True,False
1170,1376,1,2025-04-14,1,10,37,117,20.0,2183,True,True
1171,1379,1,2026-03-18,1,15,61,213,29.0,2186,True,False
1172,1380,1,2024-04-05,1,6,24,14,12.0,2187,True,False
1173,1380,1,2024-04-15,1,6,24,202,12.0,2188,True,False
1174,1381,1,2023-01-30,1,6,24,240,,2189,True,False
1175,1381,1,2023-02-05,1,6,24,220,,2190,True,False
1176,1382,1,2026-01-31,1,18,70,122,36.0,2191,True,False
1177,1383,1,2026-07-10,5,12,45,248,,2194,True,False
1178,1383,1,2026-06-14,1,12,45,201,,2195,True,False
1179,1384,2,2026-05-23,1,18,71,211,35.0,2196,True,False
1180,1384,1,2026-05-24,1,18,71,172,35.0,2197,True,False
1181,1386,1,2023-11-23,1,4,16,192,,2202,True,False
1182,1386,1,2023-11-30,1,4,16,246,,2203,True,False
1183,1388,1,2024-07-27,1,10,37,248,,2206,True,False
1184,1390,1,2024-09-29,1,11,40,61,21.0,2208,True,False
1185,1391,1,2026-03-20,1,5,19,238,,2209,True,False
1186,1391,2,2026-03-11,1,5,19,152,,2210,True,False
1187,1391,1,2026-03-15,1,5,19,271,,2211,True,False
1188,1391,1,2026-02-25,1,5,19,83,,2212,True,False
1189,1392,1,2023-04-25,1,20,77,218,39.0,2213,True,False
1190,1393,1,2024-08-10,1,12,46,175,24.0,2214,True,False
1191,1396,1,2026-06-07,1,9,35,78,,2218,True,False
1192,1396,1,2026-05-11,1,9,35,62,,2220,True,False
1193,1397,1,2023-11-06,1,17,67,154,33.0,2221,True,False
1194,1397,1,2023-11-14,1,17,67,296,33.0,2223,True,True
1195,1398,1,2024-06-01,1,3,11,150,,2225,True,True
1196,1399,1,2023-12-23,1,11,41,116,22.0,2227,True,False
1197,1402,1,2025-07-04,1,12,46,138,23.0,2230,True,False
1198,1403,1,2025-06-04,1,17,67,61,34.0,2232,True,False
1199,1403,1,2025-06-24,1,17,67,281,34.0,2234,True,True
1200,1403,1,2025-07-01,1,17,67,287,34.0,2235,True,False
1201,1404,1,2026-07-09,1,19,74,265,37.0,2236,True,True
1202,1404,2,2026-07-14,1,19,74,145,37.0,2238,True,False
1203,1404,1,2026-07-24,1,19,74,116,37.0,2239,True,False
1204,1406,2,2025-09-12,1,9,32,13,18.0,2240,True,False
1205,1408,2,2023-09-27,7,13,56,151,27.0,2244,True,False
1206,1409,1,2023-04-21,1,19,74,10,37.0,2245,True,False
1207,1409,1,2023-05-03,1,19,74,45,37.0,2246,True,False
1208,1410,1,2023-12-17,7,12,26,48,13.0,2247,True,False
1209,1411,1,2024-02-27,1,5,21,239,10.0,2249,True,False
1210,1412,1,2026-04-30,1,20,76,12,,2250,True,False
1211,1413,1,2026-05-20,1,5,21,52,9.0,2251,True,False
1212,1414,1,2024-03-20,1,13,52,217,26.0,2252,True,False
1213,1414,2,2024-04-09,1,13,52,183,26.0,2254,True,False
1214,1414,1,2024-04-02,1,13,52,282,26.0,2255,True,False
1215,1415,1,2024-11-23,6,14,59,153,,2256,True,False
1216,1416,1,2023-07-11,2,20,76,74,,2257,True,False
1217,1418,2,2025-01-07,1,12,45,44,24.0,2259,True,False
1218,1418,1,2025-01-15,1,12,45,20,24.0,2260,True,False
1219,1418,1,2024-12-28,1,12,45,284,24.0,2261,True,False
1220,1420,1,2026-07-23,1,6,24,119,12.0,2264,True,False
1221,1421,1,2023-08-03,1,20,76,187,39.0,2265,True,False
1222,1423,1,2024-03-22,4,14,26,235,,2268,True,False
1223,1423,2,2024-03-09,1,7,26,131,,2269,True,False
1224,1423,1,2024-03-31,1,7,26,170,,2270,True,False
1225,1425,2,2026-06-26,1,4,14,132,7.0,2273,True,False
1226,1426,1,2026-07-05,1,7,27,218,13.0,2275,True,False
1227,1427,1,2024-01-16,1,1,6,32,,2276,True,False
1228,1427,1,2024-01-09,1,1,6,161,,2277,True,False
1229,1428,1,2024-02-07,1,13,53,197,25.0,2280,True,False
1230,1430,1,2025-12-05,1,17,68,117,,2282,True,False
1231,1430,1,2025-11-12,1,17,68,62,,2283,True,False
1232,1431,1,2026-06-14,1,2,8,118,,2286,True,False
1233,1431,1,2026-06-16,1,2,8,13,,2287,True,False
1234,1432,1,2024-06-14,1,7,27,291,13.0,2288,True,False
1235,1433,1,2024-08-23,1,11,42,182,,2289,True,False
1236,1433,1,2024-08-27,1,11,42,68,,2290,True,False
1237,1433,1,2024-09-03,1,11,42,65,,2291,True,False
1238,1434,1,2026-03-17,1,12,48,64,23.0,2292,True,False
1239,1436,1,2025-12-21,1,10,38,282,,2295,True,False
1240,1437,1,2026-03-21,1,3,11,80,6.0,2296,True,False
1241,1437,1,2026-04-02,1,3,11,54,6.0,2298,True,False
1242,1439,1,2025-05-09,1,20,76,146,,2301,True,False
1243,1440,1,2024-11-12,1,9,34,278,,2302,True,False
1244,1441,1,2023-05-26,1,16,65,164,32.0,2303,True,False
1245,1441,1,2023-05-27,1,16,65,298,32.0,2304,True,False
1246,1442,1,2025-09-17,1,11,42,249,22.0,2305,True,False
1247,1442,1,2025-10-11,1,11,42,254,22.0,2306,True,False
1248,1442,1,2025-09-21,1,11,42,60,22.0,2307,True,False
1249,1445,1,2023-03-07,5,23,60,75,,2308,True,False
1250,1447,1,2026-04-23,1,13,50,124,,2309,True,False
1251,1449,1,2023-05-16,5,19,50,184,,2311,True,False
1252,1450,1,2026-04-10,1,8,30,121,16.0,2312,True,False
1253,1450,1,2026-03-26,1,8,30,56,16.0,2314,True,False
1254,1452,1,2026-06-27,1,20,76,272,,2316,True,False
1255,1453,2,2024-10-23,1,17,68,142,33.0,2318,True,False
1256,1453,2,2024-09-29,1,17,68,89,33.0,2319,True,False
1257,1454,1,2023-08-13,1,9,34,214,,2320,True,True
1258,1456,1,2024-09-30,1,19,74,148,,2322,True,False
1259,1456,1,2024-09-24,1,19,74,183,,2323,True,False
1260,1456,1,2024-09-11,1,19,74,25,,2324,True,False
1261,1459,1,2025-07-17,1,18,70,11,36.0,2327,True,False
1262,1462,1,2025-06-23,1,16,64,49,,2331,True,False
1263,1464,1,2024-03-09,1,9,35,113,,2333,True,False
1264,1464,1,2024-03-16,1,9,35,249,,2334,True,False
1265,1468,1,2024-01-20,1,7,27,203,14.0,2337,True,False
1266,1469,1,2023-08-21,1,16,65,243,31.0,2338,True,False
1267,1472,1,2024-04-07,1,10,38,289,20.0,2339,True,False
1268,1472,1,2024-04-10,1,10,38,259,20.0,2340,True,False
1269,1473,1,2026-07-07,1,8,29,108,15.0,2342,True,False
1270,1476,2,2026-04-24,1,2,9,87,,2345,True,False
1271,1476,1,2026-04-07,1,2,9,256,,2346,True,False
1272,1477,1,2026-05-30,1,3,12,101,5.0,2349,True,False
1273,1478,2,2025-10-10,1,19,74,175,38.0,2350,True,False
1274,1482,1,2026-05-06,1,17,67,123,,2351,True,False
1275,1483,1,2024-01-16,1,15,58,136,29.0,2353,True,False
1276,1484,1,2026-06-29,1,11,41,102,,2354,True,False
1277,1484,2,2026-06-29,1,11,41,205,,2355,True,False
1278,1486,1,2026-06-30,1,16,63,136,31.0,2357,True,False
1279,1487,1,2026-06-09,1,1,3,188,,2359,True,False
1280,1490,1,2026-03-20,1,11,43,73,,2363,True,False
1281,1491,2,2026-02-05,1,17,67,227,33.0,2364,True,False
1282,1492,1,2025-09-21,7,17,17,281,,2366,True,False
1283,1493,1,2026-07-13,1,9,33,120,,2370,True,False
1284,1497,1,2023-11-26,2,13,35,190,,2372,True,False
1285,1498,1,2024-06-18,1,13,53,64,26.0,2374,True,False
1286,1498,1,2024-06-17,1,13,53,62,26.0,2375,True,False
1287,1498,1,2024-06-04,1,13,53,116,26.0,2376,True,False
1288,1500,1,2025-11-13,1,1,5,262,2.0,2378,True,False
