complainant_id,case_master_id,complainant_name,age_year,occupation_id,religion_id,caste_id,gender_id
1,1,Mekhala Basak,42,3,2,5,2
2,2,Triveni Pathak,30,10,5,3,1
3,2,Rajeshri Cherian,64,8,6,4,2
4,3,Gauri Ganguly,24,5,2,9,1
5,4,Faqid Goel,28,12,2,9,1
6,5,Yashica Borah,72,8,5,3,2
7,6,Turvi Barman,49,3,1,1,1
8,7,Yug Sarma,73,12,5,7,1
9,8,Kai Chad,62,6,7,2,2
10,9,Pranit Kala,45,11,1,2,1
11,10,Harrison Tripathi,51,10,1,3,2
12,11,Bhavani Sen,38,3,4,7,2
13,11,William More,52,11,2,8,1
14,12,Charles Srivastava,70,12,3,3,2
15,13,Chatresh Randhawa,20,7,1,8,2
16,14,Urmi Dewan,23,1,2,9,2
17,15,Jairaj Batta,63,4,3,7,1
18,16,Madhavi Singhal,27,1,5,4,2
19,17,Wridesh Chawla,67,10,2,3,1
20,18,Zehaan Bansal,63,3,7,2,2
21,19,Watika Tank,23,12,6,6,2
22,20,Damini Sehgal,75,8,6,1,2
23,20,Ojas Sawhney,59,3,5,7,1
24,21,Raksha Banerjee,34,8,4,5,1
25,22,Shivani Prabhakar,28,4,7,4,1
26,23,Quincy Tata,29,5,4,3,2
27,24,Ryan Das,50,3,1,5,2
28,25,Sai Dewan,67,11,1,8,1
29,26,Nimrat Borah,61,3,6,1,2
30,27,Zarna Dua,73,11,5,2,2
31,28,Anvi Dass,58,7,4,7,2
32,29,Omaja Balasubramanian,64,3,2,1,1
33,30,Maanas Munshi,20,9,4,4,2
34,31,Yutika Cherian,38,7,6,2,1
35,32,Leena Sahota,57,7,7,6,1
36,33,Chanakya Bedi,69,10,4,2,2
37,34,Aishani Pau,58,5,5,9,2
38,35,Ati Dani,60,10,5,6,2
39,36,Xiti Baria,54,11,6,7,2
40,37,Yutika Dey,21,1,6,5,1
41,37,Eiravati Gaba,57,8,7,4,2
42,38,Lajita Divan,66,10,5,8,1
43,39,David Devi,31,9,7,7,1
44,40,Veda Handa,23,5,7,8,2
45,41,Jairaj Raghavan,71,5,2,2,1
46,42,Tanish Jaggi,39,8,4,8,2
47,43,Odika Narayanan,23,7,3,9,1
48,44,Vincent Warrior,32,9,4,6,2
49,45,Chanchal Chhabra,51,7,5,1,2
50,45,Bhavani Sha,23,4,4,8,2
51,46,Quincy Atwal,44,6,7,1,2
52,47,Qasim Dey,41,10,3,7,1
53,48,Advay Lal,43,10,6,9,2
54,48,Warinder Bhatia,63,10,1,3,2
55,49,Michael Sha,50,5,3,2,2
56,50,Jackson Jha,65,11,2,8,1
57,51,Anthony Randhawa,38,12,1,1,1
58,52,Urmi Balay,72,10,1,7,1
59,53,Joshua Kapoor,74,8,7,6,2
60,54,Mohammed Majumdar,26,3,5,3,1
61,55,Vivaan Nagar,61,5,3,9,2
62,56,Hemangini Raj,71,1,1,4,2
63,57,Maanas Sheth,56,3,3,2,1
64,58,Charan Loyal,50,7,6,3,1
65,59,Ranveer Dalal,18,4,6,8,1
66,60,Lajita Shukla,54,6,6,8,2
67,61,Kamala Munshi,31,6,1,5,1
68,61,Chakradev Kant,24,1,4,6,1
69,62,Xalak Nazareth,56,1,6,7,1
70,63,Chanakya Ahuja,38,6,5,1,2
71,64,Aditya Kamdar,65,9,2,4,2
72,65,Bhavini Badal,52,2,2,4,2
73,66,Farhan Prakash,61,10,7,4,2
74,67,Aditya Garg,70,11,6,5,1
75,68,Bachittar Gola,20,10,6,7,2
76,69,Garima Rajagopalan,19,3,4,4,2
77,70,Eta Balan,26,4,1,5,1
78,71,Amrita Dube,38,6,4,2,2
79,72,Anamika Chaudry,47,11,7,2,1
80,73,Girik Nair,61,6,5,9,1
81,74,Lajita Gara,20,4,1,8,1
82,75,Chandani Sule,52,6,7,8,1
83,76,Meghana Natarajan,70,4,6,9,1
84,77,Bishakha Swaminathan,38,9,6,2,2
85,78,Triya Kadakia,42,6,4,1,1
86,79,Varenya Rattan,55,7,6,6,2
87,80,Garima Sani,35,7,5,6,1
88,81,Sanaya Prasad,40,5,3,3,1
89,82,Jack Dhar,27,8,7,7,2
90,82,Devika Oza,33,11,4,3,1
91,83,Nitesh Kohli,30,9,3,3,2
92,84,Pushti Ramachandran,35,1,4,7,2
93,85,Ishaan Lala,49,8,4,7,1
94,85,Dhriti Rama,52,4,1,7,2
95,86,Lakshit Rajagopal,39,12,1,7,1
96,87,Chatresh Parmer,65,11,4,6,1
97,88,Azaan Kannan,51,8,4,4,1
98,89,Ishaan Loyal,65,1,5,3,1
99,90,Noah Dewan,23,7,7,9,2
100,91,Ekiya Master,31,3,3,5,1
101,92,Maya Suri,20,6,3,3,1
102,93,Tejas Sanghvi,19,5,4,9,1
103,93,Warda Loyal,48,6,4,8,1
104,94,Tanmayi Acharya,31,9,6,1,2
105,95,Tanay Sood,67,5,2,1,1
106,96,Laksh Raja,66,3,2,3,2
107,97,Teerth Chadha,58,11,4,2,2
108,98,Manya Merchant,30,9,5,9,1
109,99,Ekansh Atwal,40,1,1,3,2
110,100,Arunima Chacko,20,2,3,8,1
111,101,Rajeshri Khare,64,8,3,5,2
112,102,Laksh Apte,49,9,3,9,2
113,103,Jhalak Dugar,33,4,6,5,1
114,104,Praneel Banik,68,2,7,9,1
115,105,Zaitra Batra,70,12,4,5,2
116,106,Abhiram Pillay,45,7,6,1,1
117,107,Hiral Andra,73,10,1,8,2
118,108,Girish Tiwari,70,8,4,7,2
119,109,Anita Kaur,74,10,2,1,1
120,109,Samaksh Deshpande,53,11,5,4,1
121,110,Sarthak Seth,36,12,6,4,2
122,110,Ubika Lanka,29,7,7,3,1
123,111,Chandani Lad,50,8,3,8,1
124,112,Logan Dara,47,7,1,8,1
125,113,Anthony Bhattacharyya,71,12,6,8,2
126,114,Anvi Mammen,66,7,7,6,1
127,115,Darsh Chahal,47,11,6,5,2
128,116,Vedhika Padmanabhan,18,4,1,1,1
129,117,Nathaniel Chaudhry,59,7,4,2,2
130,118,Jagrati Bala,53,1,1,6,2
131,119,Vanya Acharya,36,12,4,9,2
132,120,Janya Bora,22,2,3,6,2
133,121,Qabil Nadkarni,50,2,6,1,2
134,122,Alka Kadakia,26,8,2,8,1
135,123,Indali Prashad,19,3,2,7,1
136,124,Onkar Prashad,63,5,5,2,1
137,125,Ranveer Rout,23,3,3,7,1
138,126,Aarush Sane,61,2,2,9,1
139,126,Chaitaly Srinivasan,37,10,4,8,1
140,127,Urishilla Suresh,69,6,6,6,2
141,128,Matthew Chatterjee,35,11,6,6,1
142,129,Jai Sen,59,1,7,6,2
143,130,Aarna Nagarajan,33,6,7,1,2
144,131,Isaiah Sachdeva,56,11,5,1,2
145,132,Orinder Majumdar,39,5,3,1,1
146,133,Anmol Nazareth,48,12,7,6,2
147,134,Omaja Chakraborty,31,5,4,4,2
148,135,Krishna Viswanathan,38,12,3,9,2
149,136,Anusha Pillay,29,8,2,5,1
150,137,Urvi Palla,66,11,1,8,1
151,138,Nimrat Varghese,22,9,4,4,2
152,138,Aditya Som,24,6,5,8,2
153,139,Chasmum Verma,27,8,1,7,1
154,140,Chanchal Guha,41,2,7,2,2
155,141,Balendra Gupta,63,1,6,9,1
156,142,Pratyush Memon,50,2,7,6,2
157,143,Jacob Singhal,19,10,5,8,2
158,144,Nimrat Shankar,56,7,5,6,1
159,145,Nathan Suri,28,8,4,7,2
160,146,Kashvi Atwal,25,7,5,3,1
161,146,Rayaan Badami,66,7,3,6,2
162,147,Dhruv Bath,34,12,3,9,2
163,148,Netra Bahl,57,2,7,3,1
164,149,Yamini Gara,39,6,6,6,2
165,150,Urvi Dua,48,11,7,2,2
166,150,Aditya Mitra,36,10,2,3,1
167,151,Ryan Lall,32,10,7,2,2
168,152,Gautam Vaidya,69,12,1,6,2
169,153,Girish Bath,64,5,3,4,2
170,154,Vanya Sama,37,12,5,3,2
171,155,Ladli Parmer,53,9,7,9,2
172,156,Lekha Dixit,37,4,2,9,1
173,157,Vyanjana Nagi,44,2,3,2,2
174,158,Sachi Sem,63,3,6,3,1
175,159,Harita Patla,61,9,6,2,2
176,160,Harita Pant,34,4,1,7,1
177,161,Waida Dey,37,6,4,3,2
178,162,Hritik Sachdeva,45,10,6,1,2
179,163,Chanakya Sant,51,5,6,4,1
180,164,Yuvraj Mahal,61,9,7,3,2
181,165,Dipta Kalla,53,12,3,9,2
182,166,Jack Pandey,68,9,4,9,2
183,167,Aryan Raj,57,5,3,1,1
184,168,Lopa Khanna,64,1,5,2,2
185,169,Peter Borde,32,11,4,2,2
186,170,Mitesh Naidu,48,12,4,6,1
187,171,Ojasvi Yadav,21,12,2,2,1
188,172,Aditya Contractor,61,8,5,5,2
189,173,Vidhi Bassi,22,4,5,1,2
190,174,Gagan Borah,42,4,2,2,1
191,175,Jagat Warrior,50,8,3,1,1
192,176,Mahika Merchant,58,3,1,3,1
193,177,Dalaja Kade,64,11,5,3,2
194,178,Elijah Mannan,25,12,4,8,2
195,179,Ekaraj Hari,69,1,6,5,2
196,180,Turvi Sehgal,58,10,7,7,2
197,181,Yashica Balasubramanian,36,5,2,2,1
198,182,Ucchal Thaker,31,1,3,3,1
199,183,Theodore Sura,46,3,1,9,2
200,184,Lipika Singh,66,7,3,6,1
201,185,Kritika Pau,47,8,7,2,2
202,186,Zaitra Ravi,26,10,4,2,1
203,187,Mason Grover,27,9,1,3,1
204,188,Yauvani Baral,52,2,3,4,2
205,189,Onkar Kanda,73,4,4,2,1
206,190,Ekapad Karpe,64,11,1,3,2
207,191,Vamakshi Barad,69,5,1,8,1
208,192,Kamala Bassi,58,7,4,7,1
209,193,Aarini Gulati,55,9,3,3,2
210,194,Diya Rege,58,3,3,5,1
211,195,Jasmit Majumdar,60,2,5,8,2
212,196,Sanya Edwin,26,5,7,5,2
213,197,Urishilla Saran,34,2,1,2,2
214,198,Advaith Jaggi,75,9,7,3,1
215,199,Anya Ratta,30,6,7,1,1
216,200,Suhani Raval,61,11,6,1,2
217,201,Yochana Kurian,46,3,3,1,2
218,202,Ayaan Subramaniam,65,9,2,2,2
219,203,Ira Varty,66,6,1,6,2
220,204,Qadim Gupta,68,11,7,1,1
221,205,Zaid Parekh,27,10,6,1,1
222,206,Qadim Vaidya,36,10,1,3,2
223,207,Meera Ghosh,39,4,7,6,1
224,207,Jai Vasa,47,6,6,2,1
225,208,Adya Khalsa,19,12,2,2,1
226,209,Pranit Deep,50,12,5,5,1
227,210,Mason Solanki,36,5,5,2,1
228,211,Vamakshi Char,63,9,3,4,1
229,212,Rushil Yohannan,60,3,3,4,2
230,213,Vedant Murthy,57,10,3,3,1
231,213,Bishakha Loke,64,1,7,7,1
232,214,Zayan Buch,70,7,6,7,1
233,215,Hemang Lala,62,9,5,4,2
234,216,Eshana Soni,39,3,1,6,2
235,217,Aadi Virk,31,10,6,6,2
236,218,Kashvi Gulati,57,7,3,9,1
237,219,Wriddhish Varughese,45,11,4,6,2
238,220,Tamanna Sethi,65,1,2,8,2
239,221,Matthew Aurora,58,12,1,6,1
240,222,Lakshmi Arora,47,2,6,4,2
241,223,Urvashi Ramachandran,34,4,4,5,1
242,224,Radha Nair,67,5,5,7,1
243,225,Darpan Bhasin,60,7,7,8,1
244,225,Mitesh Yadav,66,2,4,3,2
245,226,Vrishti Gupta,47,2,3,2,2
246,227,Mohammed Sengupta,30,9,7,8,2
247,228,Anirudh Patla,26,12,2,8,2
248,229,Barkha Naidu,54,5,3,9,1
249,230,Vedika Handa,63,10,7,8,2
250,231,Banjeet Bobal,65,7,5,7,2
251,232,Ojas Gole,19,12,5,7,1
252,232,Yamini Nazareth,72,3,4,6,1
253,233,Kamya Sachar,51,8,7,7,1
254,234,Abeer Mital,35,10,1,3,1
255,235,Aahana Mital,50,6,5,6,2
256,236,Girish Mital,20,7,6,2,2
257,237,Jai Karan,31,4,2,8,2
258,238,Eta Thakkar,52,4,3,5,2
259,239,Manbir Deo,43,3,7,3,1
260,240,Vinaya Rana,45,7,3,9,1
261,241,Isaiah Sachdev,54,4,5,2,2
262,242,Chaitanya Kaur,65,2,5,2,1
263,243,Indrajit Mody,52,8,6,4,2
264,244,Krisha Vyas,23,3,5,9,1
265,245,Libni Kashyap,21,10,7,4,2
266,246,Yug Wagle,72,10,7,1,2
267,247,Aarini Ram,68,4,2,1,1
268,248,Karan Jhaveri,23,9,2,7,1
269,249,Qarin Nadkarni,43,5,4,9,2
270,249,Ayushman Nagar,75,8,4,6,1
271,250,Yadavi Singh,70,2,5,8,1
272,251,Alexander Madan,63,8,2,8,1
273,252,Ikbal Seth,44,1,6,8,2
274,253,Chatura Varughese,38,1,1,4,2
275,253,Ubika Seth,50,12,6,9,2
276,254,Gautam Krishna,19,10,4,8,2
277,255,Lajita Bassi,55,7,1,3,1
278,256,Darika More,55,6,7,1,1
279,256,Bhavya Golla,63,6,5,2,1
280,257,Wishi Ahluwalia,30,4,3,2,2
281,258,Arunima Johal,46,1,5,1,1
282,259,Chanchal Narula,48,11,6,2,1
283,260,Girik Mistry,52,1,7,7,1
284,261,Gagan Sule,28,8,1,3,2
285,262,Viraj Mannan,50,4,7,4,2
286,263,Saksham Manda,21,7,7,2,1
287,264,Rishi Narayanan,40,4,4,7,2
288,265,Sathvik Narula,46,1,6,4,2
289,266,Jackson Morar,55,8,4,6,1
290,266,Azad Magar,36,5,1,9,1
291,267,Saksham Chanda,39,2,3,2,1
292,268,Tripti Ram,61,5,6,7,2
293,269,Ekani Iyer,24,10,1,1,1
294,270,Samuel Palla,36,4,4,5,2
295,271,Chatura Chadha,72,7,4,8,2
296,271,Manya Gola,27,3,6,7,2
297,272,Karan Chander,28,8,6,1,2
298,272,Gunbir Shah,24,2,3,8,2
299,273,Isaiah Panchal,38,11,5,4,1
300,273,Triya Garde,70,4,4,8,1
301,274,Raagini Saran,19,11,6,7,1
302,275,Ikbal Raghavan,63,3,4,2,1
303,276,Hemangini Chakraborty,55,1,2,4,2
304,277,Lavanya Ravi,21,11,6,4,2
305,278,Laban Chad,37,3,3,8,1
306,279,Suhani Upadhyay,54,1,6,2,2
307,279,Shivani Rajagopalan,63,5,6,8,1
308,280,Udyati Varughese,73,11,2,6,1
309,281,Hemal Warrior,27,12,7,4,1
310,282,Garima Sama,40,11,4,1,2
311,283,Vedhika Butala,67,12,7,8,1
312,284,Bachittar Oza,62,7,1,9,2
313,285,Chatura Lalla,20,4,2,3,2
314,286,Madhavi Som,66,7,7,6,1
315,287,Diya Wagle,43,5,4,6,2
316,288,Pranit Munshi,31,8,5,9,1
317,289,Arjun Chanda,66,1,1,2,2
318,290,Sudiksha Malhotra,72,7,2,4,2
319,291,Aarna Lanka,38,6,4,5,1
320,292,Aashi Chauhan,72,7,3,3,1
321,293,Mahika Aggarwal,33,10,7,6,2
322,294,Gauri Mitter,38,8,2,1,1
323,295,Ranveer Dey,41,1,4,7,2
324,296,Amol Bansal,70,3,4,9,2
325,297,Vrinda Bahl,55,5,7,5,1
326,298,Devansh Cherian,39,3,5,6,2
327,299,Ekanta Kala,30,3,4,8,1
328,300,Nakul Babu,45,7,1,9,2
329,301,Vamakshi Date,44,2,4,6,1
330,301,Luke Madan,20,3,2,9,2
331,302,Aayush Keer,74,10,5,4,2
332,302,Jacob Wagle,71,10,2,8,2
333,303,Urvi Tank,39,11,2,8,1
334,304,Caleb Chawla,68,2,3,2,2
335,305,Nitara Iyengar,59,6,4,1,2
336,305,Thomas Borah,73,8,1,3,1
337,306,Tanvi Hari,36,6,2,2,1
338,307,Naksh Garde,74,5,5,4,2
339,308,Abdul Sahni,63,2,7,1,2
340,309,Wridesh Chacko,47,6,3,4,2
341,310,Neel Sharaf,18,3,1,6,2
342,310,Suhani Sheth,54,6,1,8,1
343,311,Chaman Sandhu,32,7,7,1,1
344,312,Udyati Baria,55,4,5,5,1
345,313,Aradhana Bhagat,70,3,3,9,2
346,314,Faraj Chopra,26,3,1,7,2
347,315,Urvi Palan,68,11,6,1,1
348,316,Vedika Wagle,33,7,3,6,1
349,317,Champak Divan,69,1,1,7,2
350,318,Samesh Banerjee,32,12,6,6,2
351,319,Xalak Dhillon,21,5,2,4,1
352,320,Darika Bakshi,67,9,6,9,1
353,321,Vritti Nadkarni,44,4,2,3,1
354,322,Advik Mane,67,1,1,4,1
355,323,Gabriel Dhawan,39,5,2,8,1
356,324,Abeer Rout,73,11,3,9,2
357,325,Avi Agate,66,7,1,8,1
358,326,Ekalinga Pathak,68,9,4,7,2
359,327,Aashi Gaba,18,1,6,9,2
360,328,Yoshita Hari,64,7,7,7,1
361,329,Yahvi Kant,64,3,7,6,1
362,330,Hema Gera,61,6,4,1,2
363,331,Upasna Dani,53,10,5,5,1
364,331,Caleb Bhatti,45,10,5,9,2
365,332,Naveen Tella,42,2,5,2,2
366,333,Hardik Kala,39,11,4,1,1
367,334,Banjeet Butala,43,6,3,1,2
368,335,Upkaar Reddy,38,5,4,2,2
369,336,Raksha Virk,51,2,6,9,2
370,337,Ishani Soni,57,2,1,7,2
371,338,Wishi Bala,63,8,2,8,1
372,339,Chaaya Tank,34,8,2,4,2
373,340,Vyanjana Sankar,27,10,5,4,2
374,341,Krishna Pandit,29,8,5,8,1
375,342,Ishanvi Sabharwal,54,8,3,4,2
376,343,Amara Bahri,23,4,6,8,1
377,343,Anthony Nadig,56,2,2,7,1
378,344,Rajata Jaggi,29,8,6,5,1
379,345,Alka Batta,68,2,7,1,1
380,346,Chasmum Thaman,23,7,4,1,2
381,347,Turvi Divan,65,7,5,4,1
382,348,Nitara Loke,36,6,5,5,2
383,349,Dayita Shetty,62,8,1,1,1
384,350,Dipta Misra,24,3,2,8,2
385,350,Niharika Patla,21,8,4,5,1
386,351,Jason Munshi,58,11,6,5,1
387,352,Nilima Kumar,25,8,3,9,1
388,353,Leena More,45,1,4,9,1
389,354,Nitara Natarajan,68,4,3,9,2
390,354,Harish Dyal,52,12,5,4,1
391,355,Ryan Mody,49,3,3,2,1
392,356,Kiaan Lad,43,11,4,5,2
393,357,Ansh Bajaj,23,7,6,1,1
394,358,Jacob Atwal,37,6,4,6,2
395,359,Kalpit Sankar,45,3,7,3,1
396,359,Tanveer Mandal,29,3,3,3,2
397,360,Warinder Seshadri,43,8,6,8,1
398,361,Gaurangi Keer,62,4,5,6,2
399,362,Benjamin Gola,59,11,6,3,2
400,363,Chaitanya Datta,73,12,7,2,1
401,364,Diya Swamy,27,9,4,9,2
402,365,Riya Parikh,27,2,6,9,2
403,366,Girindra Narasimhan,66,9,6,3,1
404,367,Abdul Narayan,63,2,6,4,2
405,368,George Rastogi,55,7,2,6,2
406,369,Lipika Rau,23,11,6,3,2
407,370,Yauvani Iyengar,41,8,7,1,2
408,371,Udarsh Dubey,52,6,1,8,1
409,372,Manthan Datta,48,5,6,2,2
410,373,Nitara Chandra,67,12,7,2,1
411,374,Maya Bath,52,9,2,9,2
412,375,Radha Warrior,64,1,6,2,1
413,376,Amol Guha,39,1,4,5,1
414,377,Gabriel Mitra,20,4,4,1,2
415,378,Harshil Sankaran,49,8,4,3,2
416,379,Darsh Wable,66,9,5,7,2
417,380,Hemangini Sarma,29,2,3,8,2
418,381,Gabriel Subramanian,63,1,7,6,1
419,382,Champak Badami,35,11,2,3,1
420,383,Geetika Sani,74,1,4,5,2
421,384,Hitesh Chaudry,73,4,1,7,2
422,385,Jason Jaggi,72,3,4,3,2
423,386,Vedant Devi,41,9,2,4,1
424,387,Divya Ratti,35,3,1,3,2
425,388,Netra Sehgal,74,5,2,1,2
426,389,Tanay Chander,51,7,7,6,1
427,390,Daksha Sami,29,6,4,4,1
428,391,Harinakshi Keer,62,8,2,4,1
429,392,Jalsa Sha,29,12,1,8,2
430,393,Sanaya Brahmbhatt,75,7,2,8,1
431,394,Maanas Tiwari,54,2,7,3,1
432,395,Nilima Choudhary,37,2,2,4,2
433,396,Dalaja Mander,20,3,1,2,2
434,397,Krishna Soman,47,8,1,2,2
435,398,Gaurav Rout,36,7,6,7,1
436,399,Noah Bakshi,39,9,4,3,2
437,400,Anvi Jha,72,5,4,2,1
438,401,Lavanya Kurian,53,6,1,4,2
439,401,Ishwar Chaudhary,74,3,2,7,1
440,402,Eshana Golla,20,5,2,6,1
441,403,Yashoda Thaman,45,3,7,8,2
442,404,Veda Balakrishnan,28,11,7,3,2
443,405,Bimala Ganesh,30,8,5,2,1
444,406,Lajita Panchal,32,10,2,6,1
445,407,Logan Mammen,62,9,7,4,1
446,408,Vamakshi Agrawal,23,3,7,3,1
447,409,Peter Anand,32,12,7,3,1
448,410,Vivaan Tak,31,5,6,3,1
449,411,Indrajit Mall,19,12,6,3,1
450,412,Sudiksha Agate,33,4,2,9,1
451,413,Warhi Pathak,50,12,2,6,1
452,414,Gaurika Bumb,60,8,2,1,1
453,415,Arjun Natt,37,2,7,8,2
454,415,Yug Chokshi,49,1,5,1,2
455,416,Reva Chandran,28,11,6,9,2
456,417,Dominic Chaudry,18,1,1,4,1
457,418,Harinakshi Bal,36,5,3,3,1
458,419,Darpan Datta,38,1,4,2,1
459,420,Jyoti Anand,72,6,1,7,1
460,421,Chandani Sahota,22,12,2,4,1
461,422,Vasana Narula,46,12,4,3,2
462,423,Robert Parsa,36,3,6,5,2
463,424,Ansh Devan,28,9,4,9,1
464,425,Kalpit Gupta,18,11,3,4,1
465,425,Kritika Prasad,61,7,1,2,1
466,426,Yashoda Rama,64,10,4,4,1
467,427,Damini Sandal,70,12,6,7,1
468,428,Shravya Sibal,69,1,4,8,2
469,429,Alka Borra,51,2,5,8,1
470,430,Ronith Narayan,73,4,1,1,2
471,431,Yauvani Dixit,23,8,7,5,1
472,432,Liam Dave,47,2,2,1,2
473,433,Netra Yogi,22,8,7,1,2
474,434,Siya Modi,61,3,3,6,2
475,435,Rachit Issac,70,11,5,2,1
476,436,Indrajit Dayal,64,8,6,3,1
477,437,Abhimanyu Dhar,67,10,6,8,1
478,438,Tanvi Rajagopalan,36,10,6,5,2
479,439,Nisha Dara,36,2,2,2,1
480,440,Triya Raj,19,11,3,9,2
481,441,Vedhika Shenoy,27,5,2,6,2
482,442,Peter Menon,20,7,1,9,2
483,443,Aayush Bava,69,7,5,1,2
484,444,Oliver Basu,33,2,7,8,1
485,445,Neelima Mutti,53,12,5,2,2
486,446,Nirja Mitra,25,7,5,1,2
487,446,Harsh Yadav,56,11,7,7,2
488,447,Lavanya Vaidya,62,12,6,2,1
489,448,Ansh Dash,68,4,2,6,1
490,449,Max Prashad,58,1,7,8,1
491,450,Chatura Kothari,42,1,2,3,2
492,451,Jeremiah Chand,60,12,1,5,2
493,452,Patrick Kothari,34,3,4,2,1
494,453,Urishilla Sastry,36,5,7,9,2
495,454,Fiyaz Mital,23,7,2,8,1
496,455,Aayush Arya,21,5,7,7,1
497,456,Balvan Dash,54,3,5,1,1
498,456,Nicholas Hari,29,2,3,5,1
499,457,Manan Kumar,52,11,2,2,1
500,458,Gaurav Chopra,58,7,3,7,1
501,459,Bhavya Sankar,50,9,2,5,2
502,459,Patrick Prasad,62,9,7,2,1
503,460,Simon Grewal,48,3,4,3,1
504,461,Frederick Purohit,66,5,2,1,1
505,462,Amaira Amble,54,4,2,6,1
506,463,Divya Khatri,32,8,2,4,2
507,464,Raghav Aggarwal,29,5,6,3,1
508,465,Priya Soni,64,12,3,2,1
509,466,Yagnesh Kakar,34,7,7,8,1
510,467,Gaurangi Kapur,68,2,5,3,1
511,468,Raghav D’Alia,21,5,6,9,2
512,469,Hredhaan Rana,65,1,5,7,2
513,470,Yadavi Dasgupta,35,4,5,9,2
514,471,Manya Mistry,46,1,2,1,1
515,472,Tanvi Gade,29,7,2,5,2
516,473,Om Bhalla,70,12,1,4,2
517,474,Mekhala Suresh,32,7,1,7,2
518,474,Orinder Prashad,69,8,5,9,2
519,475,Girindra Golla,51,5,5,4,1
520,476,Devansh Venkataraman,71,9,4,3,1
521,476,Sarthak Dalal,55,10,5,7,2
522,477,Frado Dash,39,8,2,5,1
523,478,Logan Swaminathan,30,4,4,1,1
524,479,Balhaar Guha,62,9,7,6,1
525,480,Mugdha Shan,18,1,3,1,1
526,481,Kashish Vaidya,39,2,4,5,2
527,482,Madhav Kara,59,7,1,5,2
528,483,Vrishti Chandran,29,4,3,7,1
529,484,Pratyush Pai,55,2,1,4,1
530,485,Omya Shankar,34,5,6,3,1
531,486,Dhriti Chana,19,8,1,5,2
532,487,Bhavika Tailor,42,5,6,6,1
533,488,Abhimanyu Sandal,62,8,7,8,1
534,488,Yash Wable,52,5,2,1,1
535,489,Pahal Tandon,33,10,6,3,1
536,490,Alka Kala,57,2,2,9,1
537,491,Triveni Narasimhan,20,6,5,6,1
538,492,Yoshita Dube,63,5,7,2,2
539,493,Amruta Chopra,51,12,3,8,2
540,494,Azad Dyal,52,1,5,3,2
541,495,Ekta Ratta,51,7,7,9,1
542,496,Charles Oommen,50,11,4,1,1
543,496,Abhiram Saraf,20,12,3,1,1
544,497,Avni Contractor,18,10,3,8,1
545,497,Yug Sanghvi,54,5,6,1,2
546,498,Pooja Badami,50,7,6,5,1
547,499,Charan Modi,23,6,1,9,1
548,499,Amruta Patla,47,9,5,3,2
549,500,Qasim Krishnan,20,8,6,4,2
550,501,Wazir Majumdar,53,9,1,3,2
551,502,Falan Oza,47,9,5,7,1
552,503,Zayyan Palan,52,4,1,2,2
553,503,Saumya Dalal,22,5,4,1,1
554,504,Noah Sarma,45,5,7,1,1
555,505,Yochana Shah,65,6,1,9,2
556,506,Aarav Palan,63,10,3,9,1
557,507,Lavanya Kurian,35,3,7,1,1
558,507,Riya Kannan,68,3,2,4,2
559,508,Tripti Goyal,33,8,7,3,2
560,509,Ekaraj Dhar,52,4,5,1,2
561,510,Fiyaz Loyal,47,2,1,7,2
562,511,Mohammed Kohli,24,5,7,3,1
563,512,Chaitanya Chauhan,41,7,2,1,1
564,513,Upkaar Rajagopalan,65,1,6,6,1
565,514,Jalsa Chad,41,4,2,7,2
566,515,Aarnav Dixit,60,5,4,9,2
567,516,Maanav Chana,21,8,6,3,1
568,517,Victor Rajagopalan,42,12,3,8,1
569,518,Urvi Deol,60,4,6,5,1
570,519,Chaitaly Sharma,71,7,7,7,1
571,520,Nakul Balan,60,1,2,9,1
572,520,Jasmit Dhaliwal,36,2,1,3,2
573,521,Advay Randhawa,59,8,6,5,1
574,522,Jeremiah Kakar,26,11,3,7,2
575,523,Faras Sidhu,56,1,6,5,1
576,524,Robert Madan,32,6,7,2,1
577,525,Wridesh Luthra,34,5,4,9,2
578,525,Chaitanya Sule,69,8,3,3,1
579,526,Mitali Tella,55,10,3,1,2
580,527,Neel Doshi,29,6,7,1,2
581,528,Jagvi Sankar,57,6,6,5,2
582,529,Gagan Tara,55,3,4,7,1
583,530,Vinaya Baral,46,10,5,3,1
584,531,Adya Basak,54,3,5,2,2
585,532,Udant Rama,23,2,3,3,2
586,532,Girik Palla,30,1,1,1,1
587,533,Simon Soni,45,7,3,3,2
588,534,Ekaja Balay,55,3,5,7,2
589,534,David Pathak,42,9,3,2,1
590,535,Nidhi Bumb,59,10,5,3,1
591,536,Oni Subramaniam,66,4,4,8,2
592,537,Maanav Naik,66,2,5,4,2
593,538,Krishna Kalita,40,9,1,4,1
594,539,Xalak Shah,63,9,2,4,1
595,540,Rajata Raj,70,5,4,7,2
596,541,Watika Chaudhry,48,8,4,8,1
597,542,Rohan Singh,58,8,1,7,2
598,543,Wyatt Agrawal,47,1,3,5,2
599,544,Madhavi Ghose,63,9,4,7,2
600,544,Eesha Varughese,61,4,7,3,1
601,545,Samar Chander,49,2,4,4,1
602,546,Ishita Grover,56,3,5,1,1
603,547,Arin Chauhan,40,11,5,4,1
604,548,Janaki Johal,60,11,3,1,1
605,549,Pranit Misra,38,10,7,8,2
606,550,Teerth Balan,58,4,6,1,1
607,550,Lakshit Kannan,55,4,1,2,1
608,551,Warhi Sarin,26,5,6,8,2
609,552,Bahadurjit Vaidya,71,5,5,6,1
610,552,Nimrat Memon,27,1,7,8,2
611,553,Aditya Nagar,58,6,6,1,1
612,554,Harshil Mall,71,6,2,2,1
613,555,Eta Rajagopal,66,7,2,8,1
614,556,Neha Bansal,57,1,4,4,1
615,557,Ayush Kapur,34,3,4,6,2
616,558,Abdul Ben,61,10,1,8,1
617,559,Onkar Devi,36,6,7,2,2
618,560,Vanya Suri,61,6,3,2,1
619,561,Darpan Kala,33,12,4,1,2
620,562,Devika Setty,37,6,3,6,2
621,563,Mugdha Guha,36,1,2,3,1
622,564,Amol Sharma,52,10,4,9,2
623,565,Raagini Kala,24,2,5,8,1
624,566,Anjali Pingle,65,2,5,9,1
625,567,Patrick Majumdar,59,10,5,1,2
626,568,Ishwar Bera,65,5,3,9,2
627,569,Samesh Garg,43,4,5,5,2
628,570,Dalaja Khare,65,10,5,3,1
629,571,Agastya Som,65,5,1,9,1
630,572,Indira Som,46,7,3,2,1
631,573,Daksha Nayak,42,12,4,7,2
632,574,Gauri Vasa,32,4,3,4,2
633,575,Yash Sankar,48,11,7,1,1
634,576,Dayamai Halder,34,10,4,2,1
635,577,Chavvi Sur,32,8,3,5,1
636,578,Indira Acharya,19,12,7,2,1
637,579,Pahal Rastogi,37,5,7,6,2
638,580,Omaja Iyengar,34,1,7,4,2
639,581,Unnati Salvi,60,1,7,1,2
640,581,Triya Bala,47,1,7,2,1
641,582,Turvi Vasa,19,12,3,3,2
642,583,Darsh Dara,71,2,3,8,2
643,584,Vedhika Iyer,31,6,1,9,1
644,585,Wahab Lad,54,2,5,1,1
645,586,Anvi Raman,65,7,3,9,2
646,586,Hredhaan Shetty,60,6,3,8,2
647,587,Isha Dewan,69,12,1,7,1
648,588,Indira Nori,65,3,3,4,2
649,589,Ekiya Pall,64,10,5,6,2
650,590,Owen Rajagopalan,35,11,7,8,1
651,591,Rohan Krishnan,58,9,6,7,2
652,592,Samar Bandi,32,8,3,5,2
653,593,Xiti Pandey,34,6,2,5,2
654,594,Arin Kapur,23,11,7,9,1
655,595,Urishilla Lall,23,6,3,4,1
656,596,Elijah Banik,35,10,5,3,1
657,597,Raagini Sridhar,47,8,7,4,2
658,598,Rajeshri Bhardwaj,47,2,3,7,2
659,599,Dakshesh Date,59,5,5,1,2
660,600,Jason Bose,52,4,3,2,1
661,601,Yahvi Chawla,19,9,2,6,1
662,602,Ansh Tara,67,12,5,6,1
663,603,Leena Tandon,21,2,1,3,2
664,604,Dalaja Balay,24,9,4,4,1
665,605,Lipika Mani,43,9,2,7,2
666,606,Kevin Aurora,58,2,1,7,2
667,607,Praneel Sawhney,34,12,4,1,2
668,608,Aarna Majumdar,72,1,5,5,2
669,609,Ishwar Barad,50,10,7,8,1
670,610,Chaitanya Keer,75,7,2,7,1
671,611,Ojasvi Bora,18,7,5,6,1
672,612,Azaan Dyal,38,4,4,7,2
673,613,Jairaj Wable,66,3,5,9,1
674,614,Janaki Kashyap,47,6,6,1,1
675,615,Janaki Sule,73,5,3,8,1
676,616,Bhavini Om,27,10,4,1,2
677,617,Raagini Bajwa,59,7,6,8,2
678,618,Saumya Rege,43,7,6,3,1
679,619,Patrick Trivedi,65,5,4,5,1
680,620,Bhavika Naidu,49,4,7,6,2
681,621,Idika Mane,47,4,2,9,1
682,622,Ayaan Baral,41,6,3,9,2
683,623,Sai Verma,40,12,6,4,2
684,623,Sudiksha Merchant,57,5,7,2,2
685,624,Farhan Kapadia,60,7,5,6,2
686,625,Divya Barad,35,7,6,2,2
687,626,Max Sundaram,25,11,6,5,2
688,626,Watika Mandal,27,11,2,8,1
689,627,Wahab Palla,40,7,1,6,2
690,628,Bhavna Saini,60,1,2,6,2
691,629,Ekantika Lal,51,10,7,7,1
692,630,Sara Rout,53,5,7,5,2
693,631,Chandran Venkataraman,42,2,1,5,2
694,632,Yuvraj Arya,37,5,4,1,2
695,633,Bahadurjit Magar,33,10,1,4,2
696,633,Krishna Rattan,65,10,3,2,1
697,634,Mahika Hari,36,1,1,5,2
698,635,Girik Kapadia,24,2,1,8,1
699,636,Hritik Sethi,64,4,3,4,1
700,637,Sarthak Suri,20,7,1,6,2
701,638,Balhaar Nagy,62,2,6,9,2
702,639,Warinder Nagy,23,3,1,4,1
703,640,Balvan Samra,58,12,2,1,1
704,641,Chaitaly Madan,58,7,7,8,1
705,642,Advaith Nadkarni,28,8,5,8,1
706,643,Ganga Chandra,72,10,3,6,1
707,643,Upadhriti Dugar,54,11,7,3,2
708,644,Neha Kumar,71,3,7,2,1
709,645,Manan Dhar,25,10,3,9,2
710,646,Wridesh Ramaswamy,48,12,6,5,1
711,647,Tanish Ganesan,36,2,1,6,1
712,648,Panini Kala,61,7,7,3,2
713,649,Rohan Sathe,62,5,6,6,1
714,650,Mitali Bassi,30,5,4,7,1
715,650,Anusha Bhandari,26,11,5,9,1
716,651,Oni Dar,18,8,2,8,2
717,652,Neha Saha,58,11,6,1,2
718,653,Yashasvi Rout,30,4,6,9,2
719,654,Gabriel Grewal,57,6,1,4,2
720,655,Arya Dey,41,7,3,5,2
721,656,Shivani Garde,71,3,4,1,1
722,656,Lekha Dugal,61,3,2,1,2
723,657,Aarna Kamdar,70,4,5,2,1
724,658,Unni Naidu,51,12,6,1,1
725,659,Gayathri Chaudhry,47,1,4,2,1
726,660,Kashvi Nazareth,55,9,2,2,1
727,661,Pooja Luthra,64,1,4,5,1
728,662,Gautam More,20,2,1,3,2
729,663,Damyanti Buch,67,10,7,4,2
730,664,Hemangini Chaudhry,61,6,4,5,2
731,665,Kiaan Ratta,62,4,6,5,1
732,666,Yachana Agarwal,34,11,4,3,1
733,667,Harinakshi Rajagopalan,26,12,5,4,2
734,667,Pavani Dora,74,1,6,6,2
735,668,Suhani Apte,74,11,6,8,1
736,669,Shravya Thakkar,43,7,2,6,2
737,670,Yutika Sha,28,4,6,3,1
738,671,Omisha Badal,20,1,3,6,1
739,672,Maanav Tak,73,5,4,8,1
740,673,Nandini Bains,62,2,2,9,2
741,674,Chandran Prasad,62,10,6,5,2
742,675,Eesha Chatterjee,63,3,1,5,2
743,676,Harini Nagarajan,69,12,1,9,1
744,677,Hemani Chacko,74,12,6,4,1
745,678,Arin Mander,63,12,1,8,1
746,678,Wahab Prashad,18,11,2,9,1
747,679,Nathan Rattan,47,3,2,2,2
748,680,Eesha Thakkar,63,3,7,4,1
749,681,Ucchal Gera,73,2,2,2,2
750,682,Nilima Bajaj,23,3,1,7,1
751,683,Parth Sodhi,68,6,3,6,2
752,684,Xiti Choudhry,32,9,4,8,2
753,685,Ekavir Sahni,51,11,3,9,2
754,686,Mitali Baral,50,1,1,2,2
755,687,Lucky Kibe,72,5,2,4,2
756,688,Balendra Dey,37,7,3,5,2
757,689,Kabir Din,29,6,1,3,1
758,690,Nachiket Thaker,74,9,2,5,2
759,691,Dhruv Oommen,39,3,7,3,1
760,692,Hardik Narayan,26,3,5,6,2
761,692,Anika Warrior,28,9,2,8,1
762,693,Banjeet Lata,58,2,2,6,2
763,694,Elijah Hegde,56,7,5,9,2
764,694,Jackson Sathe,57,4,3,3,1
765,695,Zayan Ray,48,2,7,5,2
766,696,Chandani Lalla,36,1,2,9,2
767,696,Harita Maharaj,38,12,3,7,2
768,697,Vinaya Ahuja,50,8,3,4,1
769,698,Rishi Chopra,58,9,1,1,2
770,699,Ekiya Dugar,66,9,5,4,2
771,700,Maanav Mohan,31,6,7,5,2
772,701,Tanmayi Mahal,32,4,2,6,1
773,702,Prisha Raja,25,4,4,6,1
774,703,Madhavi Sur,73,5,1,1,1
775,704,Bhavani Choudhry,60,12,2,4,1
776,705,Raksha Korpal,43,5,7,2,1
777,706,Gauri Issac,57,11,1,5,2
778,707,Yauvani Prakash,64,9,4,7,1
779,708,Upadhriti Halder,41,12,2,6,1
780,709,Neelima Memon,71,8,5,9,1
781,710,Aashi Kapoor,37,9,5,9,1
782,711,Atharv Walla,50,8,1,3,1
783,712,Viraj Kalla,68,10,7,8,1
784,713,Jeet Chander,36,10,7,1,1
785,714,Yashica Parsa,25,10,7,4,2
786,715,Isha Patel,73,7,3,2,1
787,716,Amol Maharaj,57,4,4,4,1
788,717,Balvan Bhat,19,1,1,2,1
789,718,Ayushman Tank,42,8,5,7,2
790,718,Damini Raval,60,4,4,8,1
791,719,Chakradhar Zacharia,61,10,1,8,2
792,720,Ria Desai,66,6,5,7,2
793,721,Netra Mandal,70,6,3,9,1
794,722,Karan Narang,65,3,4,6,1
795,723,Ekantika Apte,74,8,4,8,1
796,724,Geetika Grewal,58,12,5,2,1
797,725,Utkarsh Shankar,19,7,3,1,2
798,726,Lucky Kapadia,53,9,6,6,1
799,727,Nandini Minhas,61,8,2,3,1
800,728,Sathvik Bhavsar,74,4,5,9,1
801,729,Rishi Kothari,50,2,5,7,2
802,730,Anya Narang,22,1,5,3,1
803,731,Mitesh Bobal,72,2,4,7,1
804,731,Anita Baria,30,11,5,6,2
805,732,Bishakha Kar,24,8,6,1,1
806,733,Xavier Talwar,53,7,1,4,1
807,734,Girish Dalal,18,11,6,4,2
808,735,Mohini Sankaran,70,7,3,5,1
809,736,Champak Nair,54,7,3,7,2
810,737,Edhitha Mohan,34,6,3,7,2
811,738,Nathaniel Ganguly,61,9,4,8,2
812,739,Mitali Borra,49,11,5,1,2
813,740,Anusha Bal,18,10,7,3,1
814,741,Lila Lal,29,2,6,9,1
815,742,Henry Kari,25,10,1,3,1
816,743,Idika Sood,29,6,6,3,1
817,744,Tanveer Seth,56,12,7,5,2
818,745,Robert Kothari,22,10,3,1,1
819,746,Gautam Gour,40,2,4,8,2
820,747,Anmol Bhat,25,10,1,7,1
821,748,Ayaan Prasad,43,10,7,4,2
822,749,Peter Sastry,62,6,4,6,1
823,750,Pranit Vasa,22,1,3,3,2
824,751,Ishita Bhargava,36,7,2,1,1
825,751,Hardik Venkatesh,25,4,3,5,2
826,752,Sara Hora,67,6,1,7,1
827,753,Benjamin Guha,69,5,5,3,1
828,754,Indira Yogi,62,5,4,9,2
829,755,Samar Tandon,74,9,7,3,1
830,756,Pahal Mukherjee,45,12,4,8,2
831,756,Anjali Rout,21,9,6,8,2
832,757,Nathan Suresh,51,1,4,1,2
833,758,Advika Chopra,57,10,7,7,1
834,759,Ikbal Choudhury,57,2,3,5,1
835,760,Luke Sathe,20,12,2,3,1
836,761,Michael Manne,28,4,1,7,2
837,762,Eesha Bhandari,56,10,4,1,1
838,763,Abeer Raj,32,10,3,7,2
839,764,Suhani Srinivas,71,12,2,5,1
840,765,Tripti Roy,21,12,4,2,2
841,766,Lipika Sheth,57,5,4,2,1
842,767,Nilima Prasad,25,9,4,8,1
843,768,Ryan Kalla,28,5,4,1,2
844,769,Rudra Dora,23,11,6,3,1
845,770,Ishanvi Jain,57,10,6,5,2
846,771,Max Gade,63,11,5,2,2
847,772,Lakshmi Solanki,49,8,5,4,2
848,773,Ridhi Gopal,26,6,6,2,2
849,774,Peter Deshmukh,65,6,6,6,2
850,775,Janya Krishnan,25,1,3,1,1
851,776,Chasmum Rai,68,6,2,8,1
852,777,Anamika Prashad,74,5,1,5,2
853,777,Jeevika Vala,21,3,6,8,2
854,778,Shivani Chad,28,4,1,9,1
855,779,Triveni Narayanan,62,3,1,5,1
856,780,Viraj Kade,36,2,5,8,1
857,780,Fariq Ram,59,10,4,9,2
858,781,Bhavna Bhat,45,12,5,3,1
859,782,Megha Minhas,35,2,7,4,2
860,782,Yashawini Mangal,39,11,2,3,2
861,783,Hemangini Bhasin,45,7,1,9,1
862,784,Shravya Parmar,19,1,4,2,1
863,785,Ucchal Sethi,39,11,2,7,2
864,786,Akshay Saraf,42,8,2,5,2
865,787,Rudra Bains,24,6,1,5,1
866,788,Lohit Keer,41,2,4,8,1
867,789,Kai Wagle,20,2,4,6,2
868,790,Yatin Kadakia,50,1,7,8,1
869,790,Vivaan Munshi,26,5,3,1,2
870,791,Dhriti Vaidya,44,7,1,6,1
871,791,Leena Divan,55,4,7,3,2
872,792,Urvi Koshy,33,10,6,6,2
873,793,Advika Jayaraman,50,8,5,6,2
874,794,Anya Hora,66,11,4,9,2
875,795,Lucky Murty,58,3,1,1,1
876,796,Barkha Naik,53,3,1,1,1
877,797,Wahab Chanda,57,1,1,8,1
878,798,Wriddhish Bhalla,28,8,1,5,2
879,799,Ekantika Ram,68,11,6,6,1
880,800,Abhimanyu Palla,31,2,5,6,1
881,801,Baghyawati Lata,56,1,7,4,1
882,802,Hredhaan Jha,58,12,5,2,1
883,803,Tarak Golla,47,12,5,7,1
884,803,Samuel Tata,56,1,2,6,1
885,804,Chavvi Saxena,45,8,5,8,1
886,805,Kashish Borra,33,3,1,6,1
887,806,Jai Balasubramanian,72,8,5,7,2
888,806,Owen Atwal,30,11,6,2,1
889,807,Dhruv Rao,75,8,7,8,1
890,808,Sara Agarwal,35,3,6,8,1
891,809,Kamya Zachariah,28,9,5,7,1
892,810,Warda Reddy,52,12,3,3,2
893,811,Harita Zachariah,59,2,7,9,1
894,811,Liam Jha,72,5,4,3,1
895,812,Eshana Prakash,37,10,1,3,1
896,813,Yamini Chokshi,23,5,6,9,2
897,814,Jai Johal,56,5,4,6,2
898,815,Hemal Rama,45,12,1,3,2
899,815,Sathvik Modi,67,9,6,7,2
900,816,Avi Rai,44,11,3,6,2
901,817,Geetika Khurana,57,7,4,5,1
902,818,Advaith Dave,28,10,3,7,1
903,819,Zehaan Dalal,65,11,2,1,2
904,819,Owen Seth,36,5,1,9,2
905,820,Faraj Issac,47,7,3,6,2
906,821,Nitesh Dewan,50,8,4,3,1
907,822,Dhruv Chahal,63,12,5,5,2
908,823,Sanaya Prakash,57,11,7,4,2
909,824,Kiaan Raman,29,8,3,5,1
910,825,Madhav Datta,27,11,6,7,2
911,826,Reyansh Prakash,33,8,6,1,2
912,827,Widisha Borde,62,7,2,6,1
913,828,Arunima Ramaswamy,19,4,6,7,2
914,829,Upasna Nazareth,71,2,5,6,1
915,830,Ijaya Mohan,63,7,1,6,2
916,830,Gautami Vasa,63,10,6,1,1
917,831,Turvi Venkatesh,18,2,5,5,1
918,832,Veda Madan,18,8,6,2,1
919,833,Suhani Malhotra,49,9,1,1,2
920,834,Prisha Suri,66,12,2,5,2
921,835,Hritik Wason,54,5,1,3,2
922,836,Vihaan Kannan,30,7,2,3,1
923,837,Yatin Ray,25,10,7,3,2
924,838,Radhika Raju,48,4,7,4,2
925,839,Vyanjana Sarkar,33,5,5,6,1
926,840,Ira Ravel,73,4,1,3,1
927,841,Ijaya Karnik,71,9,5,7,1
928,842,Veer Chana,19,9,3,7,1
929,843,Ojas Verma,38,5,1,5,1
930,844,Harrison Luthra,19,7,4,8,2
931,845,Upasna Dugal,38,6,3,2,1
932,846,Megha Raval,62,3,3,1,1
933,847,Keya Mistry,19,6,1,9,1
934,848,Chasmum Randhawa,35,10,4,7,2
935,849,Ojasvi Behl,30,7,4,9,1
936,850,Yauvani Sood,23,2,3,8,2
937,851,Advay Chaudhuri,75,7,5,2,1
938,852,Triveni Palan,53,12,4,8,1
939,853,Yashawini Bhavsar,31,2,5,6,2
940,854,Rishi Sahni,59,10,4,4,2
941,855,Theodore Sidhu,62,1,3,1,1
942,855,Wakeeta Comar,40,7,7,1,1
943,856,Anthony Saraf,73,3,7,8,1
944,857,Yashasvi Patil,27,11,1,7,2
945,858,Rachana Dube,36,6,3,6,1
946,859,Vidhi Swamy,19,1,4,3,2
947,860,Harrison Butala,27,3,7,5,2
948,861,Bachittar Deol,36,12,7,1,2
949,862,Onkar Raman,27,9,1,3,2
950,863,Azad Ramaswamy,54,10,3,1,2
951,864,Dayamai Narain,60,10,3,6,2
952,865,Hritik Sen,56,7,7,3,2
953,866,Chasmum Kadakia,66,10,3,5,2
954,867,Ubika Rao,47,9,2,7,1
955,868,Girik Sur,20,4,6,7,1
956,869,Balvan Andra,59,11,1,3,2
957,870,Gaurangi Tiwari,65,8,2,4,2
958,871,Bhavani Natarajan,50,7,6,7,1
959,872,Udant Sengupta,26,10,3,9,1
960,873,Veer Baria,22,1,3,8,1
961,874,Amol Thaker,60,4,7,1,1
962,875,Aarna Gara,66,1,5,6,1
963,876,Nachiket Dara,28,8,6,3,2
964,877,Yasti Das,28,2,2,7,2
965,878,Ranbir Krishna,27,3,5,3,1
966,879,Simon Ganesh,34,5,4,7,1
967,880,Aarush Pant,38,11,1,5,2
968,881,Warda Oak,33,2,7,9,2
969,882,Ladli Dua,56,1,6,1,1
970,883,Atharv Mane,48,6,7,9,1
971,884,Aishani Nath,54,8,6,8,2
972,885,Netra Baria,45,8,1,2,2
973,886,Jalsa Ravi,19,6,1,4,1
974,887,Upma Kamdar,45,12,2,1,2
975,888,Qushi Kakar,38,12,7,8,2
976,889,Bhavna Luthra,68,8,6,5,1
977,890,Zaid Batra,43,4,5,4,2
978,891,Indrajit Atwal,31,10,6,9,1
979,892,Sachi Jaggi,38,5,4,7,1
980,893,Zayyan Aggarwal,70,2,3,5,2
981,894,Peter Sandhu,69,9,7,4,2
982,895,Shivani Iyer,27,7,6,3,1
983,896,Vedika Rajagopalan,51,2,6,4,1
984,897,Netra Bahri,43,7,5,5,1
985,898,Harita Agarwal,52,1,7,2,1
986,899,Ryan Ratti,20,3,4,3,1
987,900,Vihaan Roy,53,11,2,2,2
988,901,Shaurya Chander,36,10,6,4,2
989,902,Abeer Suri,65,8,6,8,1
990,903,Anvi Hans,32,4,1,7,1
991,904,Krish Balay,25,4,6,1,1
992,905,Urvi Radhakrishnan,51,10,6,9,1
993,906,Mitesh Sagar,75,6,6,1,2
994,907,Sneha Dugar,33,6,4,7,2
995,908,Arya Mutti,48,6,3,7,2
996,909,Vincent Date,59,7,6,4,1
997,910,Pranav Basu,18,10,2,8,1
998,911,Anya Nazareth,20,12,6,7,1
999,912,Ranveer Srivastava,47,12,1,5,1
1000,913,Yamini Mann,73,11,7,1,2
1001,914,Dipta Raghavan,54,5,5,5,1
1002,915,Mason Ravel,57,10,2,8,1
1003,916,Ekanta Pingle,19,8,7,8,1
1004,917,Qasim Dass,24,6,7,4,1
1005,918,Wishi Kothari,31,8,5,4,1
1006,919,Damyanti Reddy,25,3,1,8,1
1007,920,Banjeet Ramakrishnan,60,6,4,8,2
1008,920,Madhavi Dugar,18,10,7,3,1
1009,921,Yochana Wali,21,2,2,9,1
1010,922,Anya Narula,64,11,4,4,1
1011,923,Sathvik Pant,63,3,7,8,2
1012,924,Chanakya Issac,54,2,7,9,2
1013,925,Yashasvi Taneja,64,10,6,7,2
1014,926,Yash Purohit,29,1,6,6,1
1015,927,Jhalak Pal,58,3,7,8,2
1016,928,Hemal Bala,24,7,5,2,2
1017,929,Anvi Nayak,54,5,4,5,1
1018,930,Priya Saran,37,11,5,6,1
1019,931,Mitali Chakrabarti,19,8,4,3,2
1020,932,Parth Kamdar,23,10,2,6,1
1021,933,Vedhika Samra,71,1,1,5,1
1022,934,Wazir Sood,23,6,6,4,1
1023,935,Bhavika Gopal,68,2,4,1,2
1024,936,Chaman Shan,58,1,5,9,1
1025,937,Ansh Tella,52,2,3,4,2
1026,938,Arin Solanki,58,7,4,8,1
1027,939,Zinal Devi,72,9,7,9,1
1028,940,Nidra Parmer,74,10,1,6,1
1029,941,Vasatika Sandhu,57,8,5,8,1
1030,942,Aarav Ahuja,21,5,4,1,1
1031,943,Daksh Mallick,29,1,3,3,2
1032,944,Rohan Savant,20,5,6,6,1
1033,945,Nicholas Bhardwaj,71,2,2,8,1
1034,946,Urvi Rajagopalan,66,1,2,4,1
1035,946,Naveen Bhavsar,35,3,7,4,1
1036,947,Kevin Murthy,45,4,4,9,1
1037,948,Wazir Varghese,61,8,5,3,1
1038,949,Aishani Bawa,31,2,6,9,1
1039,950,Samarth Krishna,60,6,4,3,2
1040,951,Akshay Edwin,38,6,6,5,1
1041,952,Onveer Oak,33,10,2,4,2
1042,953,Veer Sengupta,72,7,6,1,2
1043,954,Nidhi Vasa,70,1,6,6,1
1044,955,Mason Bora,23,2,4,1,1
1045,956,Amol Dutt,49,8,6,5,2
1046,957,Frado Mander,46,9,3,5,1
1047,958,Sara Ramakrishnan,67,4,3,4,2
1048,959,Leena Doctor,21,8,1,6,1
1049,959,Yashasvi Tank,46,1,5,6,1
1050,960,Balvan Balasubramanian,27,12,5,1,1
1051,961,Mahika Kapadia,26,6,2,9,1
1052,962,Timothy Kapadia,64,2,3,5,2
1053,963,Udarsh Amble,45,8,2,1,2
1054,964,Meera Mohanty,37,2,7,1,2
1055,965,Jasmit Kala,18,8,6,9,1
1056,966,Mason Chopra,22,3,2,9,1
1057,967,Darpan Deep,70,6,5,6,1
1058,968,Neelima Gaba,69,4,6,2,2
1059,969,Pahal Patla,51,2,7,5,2
1060,970,Priya Natarajan,18,1,2,1,1
1061,971,Victor Kata,46,8,6,8,1
1062,971,Warjas Deep,52,6,5,5,1
1063,972,Pavani Gopal,31,8,3,1,1
1064,972,Bhanumati Mitter,57,8,2,2,2
1065,973,Jeevika Varma,42,1,5,1,2
1066,974,Krishna Anand,68,4,6,7,2
1067,975,Tamanna Goel,27,2,4,3,2
1068,976,Mohammed Bali,67,7,5,1,2
1069,977,Quincy Balakrishnan,62,4,1,2,1
1070,978,Chavvi Keer,24,1,5,6,1
1071,979,Maya Mann,53,1,4,4,2
1072,980,Rachit Ghosh,44,7,3,4,1
1073,981,Eta Devi,64,12,3,7,2
1074,982,Baljiwan Basu,43,11,2,3,2
1075,983,Banjeet Jaggi,21,1,2,1,2
1076,983,Arunima Mittal,64,10,3,5,2
1077,984,Nicholas Kade,39,6,2,2,1
1078,985,Ronith Ahluwalia,40,7,1,3,1
1079,986,Nakul Dalal,18,4,2,9,2
1080,987,Benjamin Dara,62,2,5,2,1
1081,988,Mason Manda,54,7,2,7,1
1082,989,Watika Badal,25,7,6,9,1
1083,990,Falan Dugal,74,2,4,6,2
1084,991,Frederick Sankar,32,1,7,9,1
1085,992,Nathan Amble,20,3,1,4,2
1086,993,Nidra Taneja,33,8,5,4,2
1087,994,Zayan Shenoy,53,4,7,7,1
1088,995,Zaitra Basak,46,8,6,8,2
1089,996,Ubika Chad,32,8,6,7,1
1090,997,Fariq Batta,31,10,7,4,1
1091,998,Aryan Badal,48,4,5,5,1
1092,998,Qabil Palla,21,10,4,1,1
1093,999,Rushil Iyer,19,7,5,4,2
1094,1000,Vaishnavi Bahl,28,3,6,4,1
1095,1001,Jeet Krishnan,56,7,4,4,2
1096,1002,Chameli Taneja,55,1,6,5,1
1097,1003,Harsh Roy,56,10,6,2,1
1098,1004,Varsha Lata,44,7,6,8,2
1099,1005,Noah Sankar,28,1,5,1,1
1100,1006,Wahab Pingle,64,10,6,4,1
1101,1007,Yashoda Balasubramanian,44,6,7,3,1
1102,1008,David Bal,47,6,7,2,1
1103,1008,Chakradhar Sahota,65,5,7,1,2
1104,1009,Frado Dugar,55,3,7,4,1
1105,1010,Amara Bassi,49,6,4,6,2
1106,1011,Yuvraj Goel,44,3,6,6,2
1107,1012,Krisha Rajagopal,27,5,6,5,2
1108,1013,Max Bhattacharyya,67,7,4,7,2
1109,1013,Advay Dua,48,2,1,8,1
1110,1014,Mugdha Walia,31,3,7,5,2
1111,1015,Laksh Kuruvilla,71,9,6,1,1
1112,1016,Nikita Chokshi,72,7,3,3,1
1113,1017,Nandini Natarajan,23,2,4,3,1
1114,1018,Eesha Balay,26,2,1,3,2
1115,1018,Bimala Mahal,24,12,4,9,1
1116,1019,Triya Dhillon,30,11,4,5,1
1117,1020,Yuvraj Randhawa,64,11,6,4,1
1118,1020,Devika Toor,32,1,6,5,2
1119,1021,Pranit Bhardwaj,23,11,5,4,2
1120,1022,Sarthak Sama,43,9,2,5,2
1121,1023,Aryan Mitra,57,7,5,6,1
1122,1024,Raagini Tank,33,2,2,8,2
1123,1025,Darika Nagar,74,2,6,3,1
1124,1026,Kalpit Gour,73,7,3,2,2
1125,1027,Pavani Dyal,18,12,2,1,1
1126,1028,Ekalinga Ramakrishnan,18,11,2,8,1
1127,1029,Darpan Ahuja,59,4,3,7,1
1128,1030,Sachi Arya,25,8,6,3,2
1129,1030,Sanaya Deshmukh,39,9,3,9,2
1130,1031,Libni Walia,62,12,5,5,2
1131,1032,Janaki Loyal,46,3,6,9,1
1132,1033,Faraj Choudhury,26,6,5,7,2
1133,1034,Omkaar Bora,51,2,5,7,1
1134,1035,Bachittar Raju,73,10,5,6,1
1135,1035,Ekta Thakur,46,2,3,4,2
1136,1036,Meghana Sastry,30,11,1,3,2
1137,1037,Chatresh Wali,30,3,7,6,1
1138,1038,Pavani Wable,43,5,1,7,1
1139,1039,Shivani Gaba,28,4,3,1,2
1140,1040,Simon Ganesh,26,7,6,7,1
1141,1040,Jairaj Basu,54,11,3,1,2
1142,1041,Chakradev Balan,70,3,2,3,2
1143,1042,David Keer,25,11,4,7,1
1144,1042,Eiravati Kohli,55,5,6,9,2
1145,1043,Diya Chaudhari,36,6,7,9,2
1146,1044,Ladli Sarma,28,3,5,3,2
1147,1045,Chandani Chadha,65,5,3,9,2
1148,1046,Benjamin Virk,41,11,4,6,1
1149,1047,Zinal Dani,63,3,1,7,2
1150,1048,Janani Setty,22,12,2,3,2
1151,1048,Suhani Purohit,28,12,7,7,2
1152,1049,Suhani Vig,19,1,3,5,1
1153,1050,Gautami Uppal,67,7,4,6,1
1154,1051,Vinaya Minhas,41,10,2,5,1
1155,1052,Vansha Natt,55,12,6,4,1
1156,1053,Radhika Tiwari,33,9,6,7,2
1157,1054,Jeevika Taneja,75,3,3,1,1
1158,1055,Onveer Kakar,61,4,5,1,1
1159,1056,Sneha Khosla,22,10,5,5,1
1160,1057,Kashvi Ahuja,71,12,1,2,2
1161,1058,Ikbal Chadha,60,12,4,5,1
1162,1059,Janani Karan,54,8,3,8,2
1163,1060,Aayush Sule,68,7,3,6,1
1164,1061,Hemangini Deep,32,12,4,5,2
1165,1062,Aarna Natarajan,41,7,3,9,1
1166,1063,Raksha Kunda,75,4,7,2,2
1167,1064,Chandani Thakur,20,4,5,6,1
1168,1065,Sachi Malhotra,59,5,5,3,2
1169,1066,Mekhala Dutta,71,3,4,9,1
1170,1066,Qadim Andra,58,9,4,8,2
1171,1067,Harsh Kaur,66,10,2,8,2
1172,1067,Fiyaz Chaudhry,57,6,3,4,2
1173,1068,Nidra Prabhakar,67,5,2,1,1
1174,1068,Divya Loyal,70,10,5,8,1
1175,1069,Farhan Nagarajan,74,7,2,2,2
1176,1070,Harinakshi Balay,47,10,6,3,1
1177,1071,Maya Mani,70,2,1,6,2
1178,1072,Devansh Bora,65,12,6,3,1
1179,1073,Chakradev Pathak,73,4,7,7,2
1180,1074,Wyatt Srinivas,58,6,1,7,2
1181,1075,Abhiram Kamdar,69,12,7,4,1
1182,1076,Qarin Mangal,31,7,1,1,1
1183,1077,Alexander Balay,40,7,6,3,2
1184,1078,Quincy Chahal,61,6,2,2,2
1185,1079,Irya Verma,53,2,7,4,2
1186,1080,Sai Contractor,62,10,4,3,2
1187,1081,Vrinda Agrawal,63,4,2,1,1
1188,1082,Lakshmi Varughese,29,8,3,2,1
1189,1083,Yashodhara Majumdar,37,11,3,8,1
1190,1084,Peter Kala,48,1,6,3,2
1191,1085,Imaran Bhatti,24,2,2,8,1
1192,1086,Kalpit Sarna,49,9,4,3,1
1193,1087,Omisha Nayak,21,3,6,8,2
1194,1088,Tanmayi Sharaf,33,11,6,2,1
1195,1089,Tejas Dar,58,9,3,7,2
1196,1090,Jeevika Ravi,25,12,5,6,2
1197,1090,Omisha Ramaswamy,64,10,2,3,1
1198,1091,Darpan Mitter,37,1,7,7,1
1199,1092,Abhiram Mittal,27,9,4,5,2
1200,1093,Chakrika Din,35,5,7,9,1
1201,1094,Waida Chaudhari,65,1,3,8,2
1202,1095,Umang Korpal,22,2,1,8,2
1203,1096,Madhavi Luthra,33,11,3,1,1
1204,1097,Maya Raju,54,4,5,3,1
1205,1098,Anthony Wason,19,10,5,9,1
1206,1099,Mekhala Mittal,39,12,7,2,2
1207,1100,Nakul Sagar,60,9,3,2,2
1208,1101,Lucky Dara,24,8,3,2,1
1209,1102,Rachita Tiwari,58,9,2,6,2
1210,1102,Aashi Loke,24,8,7,7,1
1211,1103,Ekiya Ray,62,5,7,7,1
1212,1104,Balhaar Bakshi,28,10,2,2,1
1213,1105,Pavani Bala,26,7,4,6,2
1214,1106,Avi Grewal,30,7,4,3,2
1215,1107,Owen Agarwal,71,10,3,4,1
1216,1108,Yasti Grover,64,1,3,2,1
1217,1109,Gaurav Tailor,70,7,2,4,1
1218,1110,Maanav Kadakia,65,11,2,4,2
1219,1111,Mitesh Gour,74,6,2,6,2
1220,1112,Ekalinga Contractor,41,8,2,9,2
1221,1113,Ekiya Dixit,37,9,7,5,2
1222,1114,Vamakshi Bath,71,8,3,6,1
1223,1115,Ekalinga Pillay,41,10,6,6,1
1224,1116,Ekani Seshadri,75,11,3,8,2
1225,1117,Watika Char,42,4,5,3,2
1226,1117,Gaurav Doctor,20,12,3,2,2
1227,1118,Pooja Swaminathan,24,3,6,6,2
1228,1119,Jack Chand,45,1,5,9,1
1229,1120,Ekapad Pandey,71,8,5,8,1
1230,1121,Ucchal Randhawa,67,6,5,6,1
1231,1122,Ganga Bali,73,9,6,5,1
1232,1123,Ishita Devan,21,5,3,9,2
1233,1124,Imaran Edwin,49,11,3,4,2
1234,1125,Baghyawati Sachdev,47,11,4,7,2
1235,1126,Yash Kibe,40,5,4,3,1
1236,1127,Hemang Anand,57,4,4,8,2
1237,1128,Urmi Deo,41,3,1,1,2
1238,1129,Samar Shenoy,46,3,6,1,2
1239,1130,Tejas Biswas,25,10,5,3,2
1240,1131,Samarth Minhas,39,8,3,2,1
1241,1132,Charvi Kata,20,12,7,4,1
1242,1133,Chandresh Dua,40,12,7,5,1
1243,1134,Eiravati Bhardwaj,20,12,6,4,2
1244,1134,Vedant Yadav,72,9,5,8,1
1245,1135,Pratyush Sen,53,1,5,9,1
1246,1136,Samarth Anne,46,9,7,7,2
1247,1137,Raksha Sane,18,12,2,6,2
1248,1138,Farhan Ghose,67,12,5,5,1
1249,1139,Karan Batra,37,7,1,2,1
1250,1140,Nihal Deo,66,3,2,2,1
1251,1140,Charles Prakash,62,7,5,4,1
1252,1141,Utkarsh Yadav,37,10,4,6,2
1253,1142,Meera Walla,43,2,6,4,1
1254,1143,Warinder Pal,63,8,1,7,2
1255,1144,Pranav Nadkarni,64,1,6,1,1
1256,1145,Mason Dhawan,18,2,3,2,1
1257,1146,Samaksh Mann,72,5,3,4,1
1258,1147,Anika Shetty,29,7,6,5,1
1259,1148,Sara Taneja,70,10,4,9,1
1260,1149,Sneha Tank,69,4,6,1,1
1261,1150,Matthew Mangal,53,8,5,8,1
1262,1151,Mitesh Rege,63,8,5,5,1
1263,1152,Harinakshi Chatterjee,42,11,6,9,2
1264,1153,Peter Doshi,50,5,6,6,2
1265,1154,Omisha Wason,39,8,6,6,2
1266,1155,Peter Thakkar,42,1,1,1,1
1267,1156,Kai Kalla,24,9,1,9,2
1268,1157,Reyansh Goswami,65,8,6,7,1
1269,1157,Dalaja Bhatt,68,6,3,4,2
1270,1158,Yasti Choudhury,19,4,2,5,2
1271,1159,Anmol Bhandari,52,12,6,7,2
1272,1160,Neel Zacharia,42,8,7,8,2
1273,1161,Onveer Bhatia,75,11,5,8,2
1274,1162,Yachana Rajan,52,11,5,9,2
1275,1163,Mitali Sha,52,5,7,3,2
1276,1163,Yug Saraf,21,5,7,6,1
1277,1164,Hardik Zachariah,61,8,1,4,2
1278,1165,Waida Rajan,49,3,4,5,1
1279,1166,Jackson Sharma,41,12,7,8,2
1280,1167,Krisha Pillay,44,5,4,6,2
1281,1168,Hemal Nanda,34,12,4,5,1
1282,1169,Luke Sabharwal,34,6,5,9,2
1283,1170,Widisha Kumer,42,6,2,3,1
1284,1170,Bhavani Ravi,39,1,4,4,2
1285,1171,Tara Venkataraman,52,2,5,1,2
1286,1172,Ojas Varma,19,7,2,6,2
1287,1173,Darsh Badami,65,4,3,8,2
1288,1174,Adweta Cherian,33,9,6,1,2
1289,1175,Neha Chaudry,26,2,3,9,2
1290,1176,Rehaan Sarma,18,7,7,4,2
1291,1177,Isaiah Jani,40,1,3,7,1
1292,1178,Maya Sule,51,8,1,6,2
1293,1179,Jackson Naik,69,8,5,4,1
1294,1180,Garima Keer,66,11,2,4,2
1295,1181,Rajeshri Narain,63,6,5,6,1
1296,1182,Zaid Ramesh,43,7,5,9,2
1297,1182,Qasim Chand,36,6,6,6,1
1298,1183,Dhriti Chaudhuri,46,1,2,8,2
1299,1184,Janani Morar,54,11,4,2,2
1300,1185,Lohit Mishra,37,5,3,4,1
1301,1185,Chakrika Choudhury,49,12,3,3,1
1302,1186,Gauri Kashyap,59,6,3,9,1
1303,1187,Sai Khatri,40,12,6,2,1
1304,1188,Aditya Mangal,30,5,7,6,1
1305,1189,Harrison Vala,59,10,3,5,2
1306,1190,Saanvi Radhakrishnan,26,11,1,4,1
1307,1191,Qushi Lala,30,6,6,4,2
1308,1192,Varsha Kari,24,3,1,7,1
1309,1192,Vivaan Oak,26,4,2,9,2
1310,1193,Onkar Prabhakar,30,6,3,5,2
1311,1194,Praneel Dhar,19,11,5,4,1
1312,1195,Falguni Wadhwa,43,4,4,4,2
1313,1196,Fariq Maharaj,56,4,3,9,2
1314,1197,Pavani Sampath,28,10,6,7,1
1315,1198,Jonathan Rana,58,3,4,7,1
1316,1199,Harrison Thakkar,67,6,2,8,1
1317,1200,Triya Jhaveri,27,7,6,7,1
1318,1201,Yatan Kadakia,71,5,5,6,1
1319,1202,Yatin Chadha,46,6,1,2,2
1320,1203,Bina Koshy,67,8,5,7,2
1321,1204,Krishna Kumer,44,12,1,4,2
1322,1204,Ekapad Sachar,55,6,6,3,2
1323,1205,Ranbir Agarwal,48,4,1,3,1
1324,1206,Aashi Madan,42,7,3,2,2
1325,1207,Warhi Ratti,53,2,7,2,2
1326,1208,Anamika Nagarajan,42,10,2,7,1
1327,1209,Upma Savant,53,6,5,2,1
1328,1210,Girindra Kaul,29,8,5,9,2
1329,1211,Kiaan Palla,23,12,3,4,1
1330,1212,Shravya Shenoy,42,12,1,7,2
1331,1213,Wriddhish Borra,35,10,6,5,1
1332,1213,Vasudha More,48,12,6,3,1
1333,1214,Kashvi Brar,68,2,1,2,1
1334,1215,Balendra Hans,27,3,5,8,2
1335,1216,Mohini Sen,18,3,7,6,2
1336,1217,Harinakshi Shroff,47,6,2,7,2
1337,1217,Dhriti Balan,61,3,6,7,1
1338,1218,Gaurav Gupta,54,2,5,4,2
1339,1219,Faqid Ramakrishnan,48,4,2,1,1
1340,1220,Aahana Mohan,19,10,5,6,1
1341,1221,Girik Ranganathan,69,3,1,3,1
1342,1222,Lucky Badal,35,7,4,9,2
1343,1223,Diya Chandra,41,2,4,6,1
1344,1224,Jagrati Zachariah,36,12,2,1,2
1345,1225,Jonathan Kala,73,3,2,7,2
1346,1226,Frederick Sarkar,22,9,7,4,2
1347,1227,Amruta Uppal,57,12,1,1,2
1348,1228,Eiravati Mahal,23,3,2,1,1
1349,1229,Jagrati Narasimhan,34,9,3,7,2
1350,1230,Jairaj Krishnan,52,2,3,2,1
1351,1231,Chaitanya Rama,69,5,3,7,1
1352,1232,Yash Baria,70,3,7,9,1
1353,1233,Dayamai Doctor,21,6,2,3,1
1354,1234,William Mall,43,7,3,1,2
1355,1235,Amara Babu,25,5,2,9,2
1356,1236,Xiti Boase,39,5,1,8,2
1357,1237,Ekaraj Goda,75,11,3,2,2
1358,1238,Christopher Lalla,74,7,2,8,2
1359,1239,Joshua Sane,26,9,6,7,1
1360,1240,Ekta Kapur,33,5,6,5,1
1361,1241,Oni Kanda,75,8,4,2,1
1362,1242,Gaurangi Khalsa,23,4,2,1,1
1363,1243,Eesha Chaudhuri,24,6,6,9,1
1364,1244,Mugdha Dua,72,10,7,3,2
1365,1245,Nitara Chopra,49,9,5,7,2
1366,1246,Chatresh Mohanty,21,9,5,9,1
1367,1247,Anay Ratta,27,11,6,7,2
1368,1248,Faris Wali,23,9,7,9,1
1369,1249,Geetika Mani,39,6,5,2,2
1370,1249,Dhruv Wable,68,5,6,2,2
1371,1250,Caleb Gopal,72,4,3,2,2
1372,1251,Panini Agrawal,47,2,1,1,2
1373,1252,Gaurav Majumdar,65,2,2,9,1
1374,1252,Agastya Kadakia,18,1,4,3,1
1375,1253,Guneet Mane,62,1,5,5,1
1376,1253,Falguni Patla,35,8,6,8,1
1377,1254,Arin Sodhi,39,3,5,8,2
1378,1255,Ojasvi Cherian,59,12,5,8,2
1379,1256,Vasana Swaminathan,53,3,6,1,1
1380,1257,Indira Shroff,68,10,7,9,1
1381,1258,Jairaj Raman,21,9,3,2,2
1382,1258,Leena Raja,23,3,2,9,2
1383,1259,Christopher D’Alia,37,11,7,3,2
1384,1260,Chakradhar Virk,25,11,6,5,1
1385,1261,Laksh Mani,68,8,3,1,1
1386,1262,Manan Chaudhuri,34,9,5,4,1
1387,1263,Viraj Mukherjee,46,10,4,6,1
1388,1264,Jason Nagarajan,47,1,6,4,1
1389,1265,Krish Kaur,26,6,5,8,2
1390,1266,Anirudh Dube,75,7,4,7,2
1391,1267,Dhruv Sathe,44,7,2,4,1
1392,1268,Janaki Rajagopalan,73,12,4,8,2
1393,1269,Charvi Thakur,47,2,4,7,1
1394,1269,Tripti Golla,59,10,2,1,1
1395,1270,Manbir Seshadri,22,8,5,2,2
1396,1271,Vanya Bir,42,5,2,4,1
1397,1272,Raagini Thaman,43,1,1,6,1
1398,1273,Abeer Palan,28,9,5,2,2
1399,1273,Maanav Som,45,4,7,2,1
1400,1274,Xalak Nori,21,8,1,4,1
1401,1275,Manan Subramaniam,28,1,6,8,2
1402,1276,Nakul Prabhu,28,11,4,3,2
1403,1277,Ayushman Gole,59,3,2,1,1
1404,1278,Shravya Shetty,39,4,3,4,2
1405,1279,Rushil Joshi,56,5,7,6,1
1406,1280,Isaiah Sastry,20,6,2,4,2
1407,1281,Turvi Dugar,67,5,4,2,2
1408,1282,Sudiksha Ganesan,35,7,6,7,2
1409,1283,Charvi Agate,53,9,2,2,2
1410,1283,Warhi Patla,54,11,7,2,2
1411,1284,Noah Grewal,20,10,2,8,2
1412,1285,Samuel Ghose,62,4,2,5,2
1413,1286,Upkaar Ravel,75,11,1,7,1
1414,1287,Meera Gade,68,6,7,9,1
1415,1288,Gautam Edwin,55,10,4,2,1
1416,1289,Neelima Hora,29,11,3,8,1
1417,1290,Amrita Chander,49,2,6,6,2
1418,1291,Nandini Dave,35,9,1,6,1
1419,1292,Aayush Dutt,49,9,7,9,1
1420,1293,Shaurya Dewan,68,12,1,5,1
1421,1294,Girik Thaker,55,2,5,5,2
1422,1295,Qushi Pandya,28,8,7,3,1
1423,1296,Orinder Badami,48,12,4,9,1
1424,1297,Manya Ganguly,71,3,3,5,2
1425,1298,Sanya Gera,75,7,2,6,1
1426,1298,Ranbir Krishnamurthy,41,7,4,2,1
1427,1299,Agastya Sahni,59,2,2,5,2
1428,1300,Rishi Goyal,35,10,6,7,2
1429,1301,Ubika Chander,18,8,5,6,1
1430,1302,Christopher Som,40,5,3,1,1
1431,1303,Anika Sampath,70,5,3,7,1
1432,1304,Nirja Contractor,48,4,7,3,1
1433,1305,Janaki Sood,52,1,7,6,1
1434,1306,Chakradev Mall,61,3,5,3,1
1435,1306,Ekaraj Solanki,69,7,4,7,2
1436,1307,Amruta Pai,22,10,4,7,2
1437,1307,Gautami Hegde,25,7,2,5,1
1438,1308,Unni Ghose,24,7,3,9,2
1439,1309,Dhriti Subramaniam,42,6,3,8,1
1440,1310,Faras Lala,53,7,3,5,1
1441,1311,Siya Panchal,58,3,1,5,2
1442,1312,Imaran Apte,55,8,1,1,1
1443,1313,Januja Sabharwal,46,7,5,6,2
1444,1314,Siddharth Bala,32,2,2,5,1
1445,1315,Qadim Salvi,53,10,4,4,1
1446,1316,Urishilla Jha,50,4,6,2,2
1447,1317,Daniel Lala,20,4,7,5,1
1448,1318,Yashodhara Buch,54,10,4,4,2
1449,1319,Ubika Chana,59,1,7,8,1
1450,1320,Gagan Khanna,31,12,3,5,1
1451,1321,Devansh Oak,58,10,1,4,1
1452,1322,Oeshi Sinha,35,11,7,4,2
1453,1323,Falguni Agarwal,43,4,2,5,1
1454,1323,Saumya Batra,68,9,7,1,1
1455,1324,Yochana Zacharia,69,4,3,2,1
1456,1325,Zaitra Tripathi,49,10,7,7,1
1457,1326,Nidra Ramanathan,22,9,1,2,2
1458,1327,Robert Lalla,23,5,2,3,2
1459,1328,Finn Gokhale,34,11,6,8,1
1460,1329,Yuvraj Andra,36,9,6,5,1
1461,1330,Kiaan Morar,25,5,4,5,1
1462,1331,Arya Babu,43,9,2,8,1
1463,1332,Wishi Kothari,31,1,3,3,1
1464,1333,Kashish Mukherjee,60,9,3,1,2
1465,1334,Ranbir Pai,62,10,5,5,1
1466,1335,Rachit Pradhan,52,4,3,5,2
1467,1336,Chandran Virk,59,4,6,8,1
1468,1337,Frado Dubey,58,9,4,3,2
1469,1337,Neha Anne,26,12,7,1,2
1470,1338,Chandran Shukla,44,1,7,6,2
1471,1339,Falak Rajagopal,72,9,2,3,2
1472,1340,Zilmil Goswami,62,6,5,2,1
1473,1341,Jeremiah Bandi,41,4,5,5,2
1474,1342,Nilima Rege,37,10,6,7,1
1475,1343,Eesha Kar,58,9,6,1,1
1476,1344,Watika Palla,36,4,3,5,1
1477,1345,Tripti Baria,37,5,7,8,2
1478,1346,Ojasvi Dave,73,3,2,9,1
1479,1347,Bahadurjit Parikh,67,5,5,1,2
1480,1348,Yashodhara Agarwal,25,5,1,6,2
1481,1349,Champak Swamy,32,8,1,3,1
1482,1350,Anya Badami,37,1,2,9,2
1483,1351,Arya Bail,23,4,4,2,1
1484,1352,Warjas Oommen,75,1,7,7,1
1485,1353,Brijesh Tiwari,46,10,6,5,2
1486,1354,Anya Nigam,50,4,7,9,1
1487,1355,Neha Bali,28,3,6,5,2
1488,1356,Chaman Srinivasan,74,8,1,6,2
1489,1357,Vedika Ram,19,11,2,7,2
1490,1358,Januja Kata,74,4,5,7,2
1491,1359,Tarak Rama,46,1,5,1,2
1492,1360,Abhiram Prabhakar,60,9,6,8,2
1493,1361,Daniel Khalsa,18,1,6,9,2
1494,1362,Unni Peri,55,8,5,3,2
1495,1363,Aarini Mahajan,68,12,1,4,2
1496,1364,Amol Dara,67,6,6,7,1
1497,1365,Jatin Tak,71,6,3,6,1
1498,1366,Saumya Dube,30,1,5,9,1
1499,1367,Watika Chandra,74,8,4,8,1
1500,1368,Riya Lanka,36,7,5,9,1
1501,1369,Radhika Mital,32,2,3,7,2
1502,1370,Abhimanyu Prasad,43,1,3,7,1
1503,1371,Maanas Srinivas,40,12,2,2,1
1504,1371,Kiaan Kade,57,12,4,9,1
1505,1372,Noah Sarna,37,12,7,1,2
1506,1373,Vedant Gill,40,3,5,1,2
1507,1374,Ekiya Sarin,59,7,7,7,1
1508,1375,Kabir Tailor,66,6,3,9,1
1509,1376,Chanchal Sridhar,43,9,6,2,2
1510,1376,Saanvi Aggarwal,18,10,4,5,1
1511,1377,Krishna Mani,73,6,6,7,2
1512,1378,Jeevika Toor,45,2,2,1,1
1513,1379,Adweta Sabharwal,69,8,3,7,1
1514,1380,Hemang Virk,48,9,6,8,1
1515,1381,Tristan Kurian,19,7,7,6,2
1516,1381,Harrison De,59,8,3,2,2
1517,1382,Aayush Bora,65,12,6,2,2
1518,1383,Yamini Swamy,18,12,4,5,1
1519,1384,Aadhya Pingle,23,7,6,8,1
1520,1385,Saksham Rana,54,11,2,3,1
1521,1386,Eiravati Sengupta,46,9,1,9,2
1522,1387,Abhimanyu Ben,70,8,1,3,1
1523,1388,Hredhaan Dube,27,10,5,9,2
1524,1389,Saksham Wadhwa,47,11,6,5,2
1525,1390,Chanchal Loyal,62,1,5,8,1
1526,1391,Dominic Soni,21,11,3,5,2
1527,1392,Ekanta Tara,51,4,6,8,2
1528,1393,Manan Basu,55,12,3,3,2
1529,1393,Gautam Pandya,31,3,5,4,2
1530,1394,Ishaan More,41,12,1,9,2
1531,1395,Zinal Randhawa,54,11,2,2,1
1532,1396,Ati Gandhi,64,5,2,5,2
1533,1397,Gautam Sidhu,59,4,4,1,2
1534,1398,Max Garg,39,7,1,9,2
1535,1399,Ekavir Saxena,32,5,2,3,1
1536,1400,Wakeeta Bhardwaj,57,10,3,2,2
1537,1401,Nirja Jha,61,1,1,6,2
1538,1402,Pranit Contractor,41,6,3,8,1
1539,1403,Vrinda Amble,41,12,3,8,2
1540,1404,Xavier Mutti,29,8,2,5,1
1541,1405,Harish Naidu,23,5,2,7,2
1542,1405,Harini Basak,26,5,3,4,2
1543,1406,Tristan Varty,46,3,3,7,2
1544,1407,Devansh Morar,26,12,5,5,2
1545,1408,Lucky Kata,73,4,2,1,2
1546,1409,Chanchal Bains,64,9,5,7,2
1547,1410,Sneha Dyal,46,4,7,4,1
1548,1411,Nihal Karan,54,7,6,6,1
1549,1411,Parth Mital,42,5,7,5,1
1550,1412,Leena Sinha,46,5,6,2,2
1551,1413,Aarush Nayar,59,2,1,7,2
1552,1414,Charita Mahal,45,9,3,6,1
1553,1415,Jackson Gulati,33,8,7,5,2
1554,1416,Liam Munshi,73,8,1,9,2
1555,1417,Elijah Joshi,72,2,5,1,1
1556,1418,Falak Doctor,74,3,2,4,1
1557,1419,Yatin Suri,37,2,7,1,1
1558,1420,George Misra,36,12,3,8,1
1559,1421,Bhavya Kumer,26,3,3,8,1
1560,1422,Kritika Chacko,43,8,3,7,2
1561,1423,Devansh Desai,19,5,5,9,1
1562,1424,Varsha Kohli,41,6,5,6,2
1563,1425,Nitara Garde,22,11,4,6,1
1564,1426,Suhani Bera,56,2,2,7,1
1565,1427,Gautami Nayak,61,1,4,6,2
1566,1428,Panini Krish,36,4,7,6,1
1567,1429,Chakradhar Borra,70,10,4,1,2
1568,1430,Pratyush Varughese,74,5,5,2,1
1569,1431,Xiti Ratta,62,5,6,3,2
1570,1432,Aradhana Patel,57,11,4,3,2
1571,1433,Leela Raval,20,6,3,9,2
1572,1434,Theodore Krish,42,11,5,8,1
1573,1435,Sathvik Reddy,55,10,3,8,2
1574,1436,Naksh Shankar,32,1,5,4,2
1575,1437,Harrison Ramaswamy,64,5,1,2,2
1576,1438,Urvi De,72,5,4,1,1
1577,1439,Libni Maharaj,70,6,6,1,1
1578,1440,Chaman Padmanabhan,64,11,6,3,2
1579,1441,Yashasvi Buch,52,9,1,1,2
1580,1442,Falguni Kannan,27,2,7,1,2
1581,1442,Bachittar Cheema,42,11,1,6,2
1582,1443,Vamakshi Saini,58,11,6,7,2
1583,1444,Baghyawati Bath,75,2,4,4,1
1584,1445,Hemang Rattan,64,9,6,2,2
1585,1446,Matthew Wagle,62,7,3,2,2
1586,1447,Elijah Baral,38,5,4,2,1
1587,1448,Darpan Kadakia,62,2,5,6,1
1588,1448,Rudra Borde,68,7,1,9,1
1589,1449,Krishna Chaudhari,59,11,5,4,1
1590,1450,Bimala Chanda,30,8,4,5,2
1591,1451,Xalak Mitra,65,6,6,3,1
1592,1451,Ladli Das,22,2,1,2,1
1593,1452,Gautami Kamdar,51,7,2,9,1
1594,1453,Barkha Sur,52,10,5,4,2
1595,1454,Neelima Joshi,56,12,3,8,1
1596,1455,Tamanna Dugal,38,8,6,6,2
1597,1456,Lavanya Anand,18,10,6,8,1
1598,1457,Harshil Ahluwalia,23,2,5,7,2
1599,1458,Lohit Amble,28,12,5,9,1
1600,1459,Luke Divan,56,9,1,8,1
1601,1460,Aarav Mahajan,64,9,3,1,1
1602,1460,Balvan Loyal,36,3,1,1,2
1603,1461,Eiravati Savant,33,12,2,9,1
1604,1462,Ayush Datta,70,1,7,6,2
1605,1463,Xavier Mitra,32,9,6,6,1
1606,1464,Frederick Uppal,32,9,7,6,2
1607,1465,Akshay Nagar,33,3,2,3,1
1608,1466,Qushi Bawa,72,11,5,2,2
1609,1467,Tripti Khosla,70,1,4,5,2
1610,1468,Oeshi Chander,63,1,1,4,1
1611,1469,Robert Srinivas,61,1,1,6,2
1612,1470,Wridesh Dhaliwal,50,11,2,4,1
1613,1471,Hema Koshy,58,11,3,3,1
1614,1471,Hritik Narang,55,6,3,6,2
1615,1472,Leena Ghosh,35,10,7,6,2
1616,1473,Pratyush Kapadia,73,1,1,6,2
1617,1474,Saanvi Dugar,31,4,4,6,2
1618,1475,Karan Bala,44,3,6,9,1
1619,1476,Lavanya Kadakia,60,11,3,5,1
1620,1477,Omya Chandran,63,8,4,2,2
1621,1478,David Agate,39,11,4,9,1
1622,1479,Avni Tailor,20,4,1,9,2
1623,1480,Utkarsh Acharya,50,9,1,6,2
1624,1481,Bhavani Narula,38,3,4,2,2
1625,1482,Rohan Chawla,20,12,6,1,1
1626,1483,Omya Bhavsar,20,3,3,6,2
1627,1484,Ishaan Raman,72,4,6,3,1
1628,1485,Ishani Dugal,69,12,6,5,2
1629,1486,Thomas Tank,33,6,6,9,2
1630,1487,Ayush Konda,45,1,1,5,1
1631,1488,Varenya Wason,41,9,2,5,1
1632,1489,Benjamin Chandra,37,11,6,2,1
1633,1490,Sai Kannan,28,5,3,9,2
1634,1491,Libni Singh,62,8,3,9,1
1635,1492,Jhalak Dara,61,12,3,5,1
1636,1493,Jonathan Sem,70,3,6,5,1
1637,1494,Aayush Grewal,50,8,1,1,1
1638,1495,Hemani Tailor,46,1,4,1,1
1639,1495,Laksh Prakash,70,1,5,6,2
1640,1496,Xavier Hans,47,9,3,1,2
1641,1497,Mugdha Saxena,74,2,3,7,1
1642,1497,Megha Hegde,55,2,1,3,2
1643,1498,Yahvi Loyal,53,1,2,2,2
1644,1499,Bhavika Saran,57,1,7,8,1
1645,1499,Arjun Prabhakar,68,3,6,5,1
1646,1500,Hritik Narula,37,5,5,8,1
