victim_master_id,case_master_id,victim_name,age_year,gender_id,victim_police
1,1,Anirudh Sharaf,36,F,False
2,3,Yashvi Comar,76,T,False
3,3,Ikshita Panchal,45,M,False
4,4,Ucchal Sen,60,M,False
5,5,Triya Seth,15,M,False
6,6,Raghav Nagy,37,M,False
7,7,Nathan Patla,73,F,False
8,7,Barkha Ram,77,T,False
9,8,Krisha Narasimhan,37,F,False
10,9,Vedika Handa,67,T,False
11,10,Gayathri Deep,79,T,False
12,10,Mitesh Gaba,28,M,False
13,11,Rishi Pillai,8,F,False
14,12,Harshil Varty,4,F,False
15,12,Bhavani Chacko,35,T,False
16,13,Warinder Raju,48,M,False
17,14,Saumya Ahluwalia,82,F,False
18,15,Oni Shankar,58,T,False
19,15,Indrajit Tata,32,M,False
20,15,Yutika Khurana,18,M,False
21,17,Kiaan Basu,29,T,False
22,17,Hamsini Gill,50,F,False
23,18,Bhavika Parikh,42,M,False
24,19,Zilmil Loke,45,F,False
25,20,Sanya Basak,25,F,False
26,22,Sachi Bose,81,M,False
27,23,Jacob Lala,61,F,False
28,24,Ethan Seth,26,M,False
29,24,Sai Chahal,59,M,False
30,25,Wakeeta Bal,40,T,False
31,26,Edhitha Borah,5,T,False
32,27,Nitesh Edwin,20,M,False
33,28,Girik Thakkar,48,M,False
34,29,Bimala Mittal,33,T,False
35,29,Yash Ravi,77,M,False
36,31,Wyatt Shukla,22,F,False
37,32,Nathaniel Narang,57,M,False
38,32,Ranveer Dutta,84,F,False
39,33,Warda Singhal,3,M,False
40,34,Jasmit Bath,53,M,False
41,35,Gunbir Ramesh,44,F,False
42,37,Chandani Nayar,23,T,False
43,38,Azad Choudhary,79,T,False
44,38,Anirudh Sastry,6,T,False
45,39,Ekta Sridhar,5,M,False
46,40,Arya Misra,29,M,False
47,42,Anita Devan,11,F,False
48,43,Harish Devan,23,T,False
49,44,Parth Sahni,30,M,False
50,45,Krish Thaman,75,M,False
51,46,Chakrika Hans,74,M,False
52,47,Ekiya Kothari,72,F,False
53,48,Udyati Mohanty,67,F,False
54,48,Nidra Thakkar,77,T,False
55,49,Ojasvi Sinha,73,F,False
56,49,Yug Bumb,44,F,False
57,49,Janaki Brahmbhatt,76,M,False
58,50,Gavin Uppal,32,T,False
59,51,Aarush Kamdar,34,M,False
60,52,Nilima Gole,61,T,False
61,52,Osha Prasad,43,F,False
62,53,Arin Misra,17,T,False
63,53,Panini Wali,33,T,False
64,54,Isaiah Balay,60,T,False
65,54,Amol Khosla,71,F,False
66,55,Warjas Mittal,38,M,False
67,56,Omaja Rege,13,T,False
68,57,Nitara Saha,81,M,False
69,58,Balveer Bora,85,T,False
70,59,Xavier Jayaraman,54,F,False
71,60,Darika Lal,65,F,False
72,61,Amol Lal,33,F,False
73,62,Vrinda Swaminathan,29,M,False
74,64,Kashvi Bhasin,85,T,False
75,65,Praneel Chhabra,68,F,False
76,66,Tripti Kohli,43,F,False
77,66,Charita Buch,27,T,False
78,67,Xalak Saraf,79,T,False
79,68,Amol Johal,6,M,False
80,69,Farhan Tella,16,M,False
81,70,Shravya Swaminathan,64,M,False
82,71,Mitesh Ramachandran,16,T,False
83,72,Gagan Grover,82,M,False
84,74,Amruta Mitra,62,T,False
85,75,Jalsa Krishnamurthy,2,T,False
86,76,Forum Sarraf,60,M,False
87,76,Qushi Deshpande,83,T,False
88,77,Eshana Puri,32,T,False
89,78,Bishakha Biswas,82,M,False
90,78,Xalak Dewan,85,M,False
91,79,Balhaar Parsa,61,M,False
92,81,Ubika Tella,74,M,False
93,82,Samuel Verma,15,M,False
94,82,Ijaya Soni,52,F,False
95,83,Nathaniel Narayanan,2,F,False
96,83,Turvi Kata,14,T,False
97,84,Tanish Jha,63,M,False
98,85,Ishaan Pall,52,M,False
99,86,Quincy Sur,30,M,False
100,87,Vedhika Deshpande,28,M,False
101,87,Leena Tiwari,43,M,False
102,88,Bachittar Maharaj,12,T,False
103,89,Benjamin Sastry,57,T,False
104,89,Pavani Chaudry,54,M,False
105,91,Amara Varkey,21,T,False
106,92,Amruta Sachdeva,31,T,False
107,92,Siya Borra,62,T,False
108,92,Neha Varma,75,T,False
109,94,Samaksh Deo,21,T,False
110,95,Kevin Kara,41,T,False
111,96,Luke Biswas,39,F,False
112,96,Nitesh Sarraf,60,M,False
113,97,Logan Dasgupta,8,M,False
114,98,Wriddhish Talwar,3,F,False
115,98,Isaiah Khosla,47,M,False
116,99,Tanveer Baral,9,M,False
117,100,Farhan Vaidya,57,M,False
118,101,Yash Chadha,19,F,False
119,102,Watika Palan,16,F,False
120,102,Ojas Prabhu,49,F,False
121,102,Amruta Dalal,5,M,False
122,103,Harshil D’Alia,69,F,False
123,104,Udarsh Nagy,52,M,False
124,104,Omaja Nagarajan,12,T,False
125,104,Faras Pradhan,13,T,False
126,106,Bishakha Modi,36,T,False
127,107,Aarav Puri,32,F,False
128,108,Meera Borde,65,M,False
129,109,Nachiket Cherian,22,M,False
130,110,Gautam Dugar,32,F,False
131,112,David Kapadia,19,M,False
132,113,Sachi Dave,58,F,False
133,116,Lipika Madan,84,M,False
134,117,Wridesh Lata,25,F,False
135,118,Lucky Guha,65,M,False
136,118,Dayamai Gill,44,F,False
137,119,Saksham De,18,M,False
138,120,Meghana Chaudhuri,85,T,False
139,120,Chasmum Naidu,74,M,False
140,121,Hemang Taneja,16,F,False
141,121,Garima Brahmbhatt,1,F,False
142,122,Ekansh Palla,75,F,False
143,122,Hritik Agarwal,57,T,False
144,123,Varenya Kar,63,M,False
145,123,Siya Borah,45,M,False
146,124,Falan Chander,65,M,False
147,124,Vasudha Balasubramanian,69,M,False
148,125,Baghyawati Mishra,39,F,False
149,126,Gunbir Bal,22,M,False
150,127,Gavin Ram,59,T,False
151,128,Hemangini Sachdev,47,M,False
152,128,Darsh Ram,78,M,True
153,128,Vaishnavi Keer,82,F,False
154,129,Oliver Kakar,67,M,False
155,130,Gagan Rama,80,F,False
156,130,Eshana Majumdar,81,F,False
157,131,Manbir Chaudhry,4,F,False
158,132,Maanas Ratti,26,M,False
159,133,Deepa Mand,10,F,False
160,134,Riya Kakar,9,M,False
161,134,Vedhika Varty,17,M,False
162,135,Oscar Hans,75,T,False
163,136,Yashasvi Ranganathan,66,T,False
164,136,Azaan Khurana,36,M,False
165,137,Nihal Kuruvilla,27,F,False
166,138,Oscar Anand,23,M,False
167,139,Harsh Amble,6,T,False
168,140,Zansi Khosla,6,F,False
169,141,Tristan Warrior,40,F,False
170,142,Urishilla Dave,51,F,False
171,142,Qadim Nayak,28,M,False
172,142,Tristan Pant,23,M,False
173,143,Ekavir Sodhi,79,M,False
174,144,Diya Gole,9,M,False
175,144,Vinaya Natarajan,19,M,False
176,145,Kai Saraf,11,F,False
177,146,Yuvraj Kara,32,M,False
178,146,Devika Dayal,47,T,False
179,149,Jeevika Barad,8,F,False
180,150,Harrison Venkatesh,71,F,False
181,150,Laksh Sahota,58,M,False
182,151,Ishita Rout,29,F,False
183,151,Naveen Baral,12,M,False
184,152,Harrison Kunda,74,F,False
185,152,Tanmayi Minhas,28,F,False
186,152,Ucchal Bedi,49,M,False
187,153,Lakshit Garde,75,M,False
188,153,Ishita Sarma,39,F,False
189,154,Isaiah Deo,57,F,False
190,155,Kalpit Subramanian,16,M,False
191,155,Isaiah Sabharwal,24,M,False
192,155,Chakradhar Bhatnagar,41,M,False
193,157,Ganga Mall,13,F,False
194,158,Wishi Sekhon,82,F,False
195,158,Jagat Tank,32,T,False
196,159,Udant Sha,55,T,False
197,163,Yashoda Goel,83,M,False
198,164,Hemal Menon,36,M,False
199,166,Omisha Walla,71,M,False
200,167,Chatresh Bhalla,3,T,False
201,168,Champak Raj,83,M,False
202,168,Omaja Munshi,11,F,False
203,170,Charvi Swaminathan,64,T,False
204,171,George Palla,14,T,False
205,172,Sanaya Khosla,67,F,False
206,172,Balveer Nagi,17,T,False
207,172,Ishaan Raju,80,M,False
208,173,Reyansh Nagi,73,T,False
209,175,Dev Bath,38,F,False
210,175,Ishita Thakkar,52,M,False
211,176,Chanchal Prakash,58,F,False
212,176,Lohit Dasgupta,34,M,False
213,177,Siddharth Sachar,19,F,False
214,177,Naveen Gour,15,T,False
215,178,Zashil Chaudhari,43,M,False
216,179,Vedika Seshadri,15,M,False
217,180,Dalaja Sur,12,M,False
218,182,Mekhala Patla,12,F,False
219,184,Chakradhar Baral,36,F,False
220,186,Hemani Sur,16,T,False
221,187,Janaki Dani,25,M,False
222,187,Oeshi Narayanan,22,T,False
223,188,Daksh Ganesan,35,F,False
224,189,Luke Gopal,22,M,False
225,192,Veer Subramaniam,42,T,False
226,193,Abhimanyu Virk,60,T,False
227,195,Samar Sachdev,60,F,False
228,195,Praneel Prabhakar,19,M,False
229,196,Tanish Trivedi,24,T,False
230,197,Devansh Lall,58,F,False
231,198,Robert Bandi,17,T,False
232,199,Megha Ravi,10,T,False
233,202,Aarna Bir,84,F,False
234,203,Adya Kothari,80,F,False
235,204,Ryan Keer,3,F,True
236,205,Hredhaan Dar,57,T,False
237,206,Mitali Kapadia,14,T,False
238,208,Urishilla Oza,52,T,False
239,210,Patrick Sama,66,M,False
240,211,Gaurika Lad,29,T,False
241,212,Bhavani Pant,38,M,False
242,213,Anika Saxena,47,T,False
243,215,Frado Ramakrishnan,14,F,False
244,215,Veer Kota,4,F,False
245,216,Anita Saxena,63,T,False
246,217,Hemangini Mangat,18,M,False
247,217,Abhiram Swamy,61,M,False
248,218,Rajeshri Rana,23,F,False
249,219,Bhavani Wali,49,F,False
250,220,Vyanjana Guha,43,M,False
251,221,Teerth Oommen,41,T,False
252,223,Ekantika Dutt,42,F,False
253,224,Oliver Majumdar,73,M,False
254,224,Meghana Kibe,43,M,False
255,224,Brijesh Soman,40,M,False
256,225,Jeremiah Sura,55,T,False
257,225,Edhitha Palan,10,F,False
258,228,Ekani Bhatnagar,68,T,False
259,229,Ekanta Choudhry,56,F,False
260,229,Ekalinga Bassi,24,F,False
261,230,Azad Rama,2,F,False
262,230,Aahana Bawa,45,F,False
263,231,Faras Kalita,47,T,False
264,233,Ekiya Khosla,8,F,False
265,234,Tanish Murty,73,F,False
266,234,Anya Vaidya,40,T,False
267,235,Mugdha Kalla,49,M,False
268,236,Lakshmi Brar,69,T,False
269,238,Michael Bedi,41,T,False
270,239,Fitan Soni,35,M,False
271,239,Mohini Lala,61,F,False
272,241,Jasmit Pall,38,T,False
273,242,Kashvi Dugal,60,T,False
274,243,Urishilla Bajaj,24,M,False
275,244,Aadhya Garde,78,F,False
276,244,Bhanumati Iyer,41,F,False
277,244,Chatresh Shroff,12,T,False
278,245,Yashoda Chaudhary,23,T,False
279,246,Gauri Suri,70,F,False
280,247,Ati Kar,2,T,False
281,248,Samaksh Devi,46,T,False
282,249,Nisha Mitter,72,T,False
283,250,Qarin Ram,33,M,False
284,251,Tristan Jain,63,T,False
285,251,Dominic Goel,73,F,False
286,251,Vrishti Nair,49,M,False
287,252,Brijesh Korpal,32,F,False
288,252,Balveer Ram,7,F,False
289,252,Ranveer Manne,82,F,False
290,253,Xiti Chowdhury,10,M,False
291,254,Nihal Dasgupta,67,T,False
292,255,Gautami Doctor,19,M,False
293,256,Karan Jain,77,M,False
294,258,Qasim Divan,76,T,False
295,259,Chandran Chopra,18,F,False
296,261,Prisha Nadig,37,F,False
297,262,Aarav Dani,33,M,False
298,262,Udyati Dalal,26,T,False
299,263,Ekansh Morar,61,T,False
300,263,Yashawini Naik,37,T,False
301,264,Varenya Som,60,F,False
302,264,Laban Subramaniam,52,M,False
303,264,Triveni Yadav,27,M,False
304,265,Dominic Dixit,26,M,False
305,267,Yashawini Bakshi,15,T,False
306,267,Xiti Dube,82,F,False
307,268,Aayush Mukhopadhyay,17,F,False
308,269,Bhavini Malhotra,12,M,False
309,270,Anika Dhaliwal,9,M,False
310,270,Yash Garg,45,T,False
311,271,Ishani Muni,81,M,False
312,272,Udyati Singhal,54,F,False
313,272,Udarsh Dhawan,40,T,False
314,273,Ijaya Datta,80,F,False
315,273,Nidra Chhabra,63,F,False
316,274,Warinder Ghose,72,M,False
317,275,Warda Bhat,31,M,False
318,276,Yashvi Raval,66,M,False
319,276,Chaitaly Bhatia,20,T,True
320,277,Radhika Kakar,24,F,False
321,279,Upkaar Grewal,25,M,False
322,279,Abhimanyu Tara,1,T,False
323,279,Yachana Luthra,73,F,False
324,282,Chaitaly Mann,80,T,False
325,283,Yashasvi Bose,76,T,False
326,284,Maanav Dube,36,F,False
327,287,Gunbir Wali,61,T,False
328,287,Rachana Mahajan,76,T,False
329,288,Abhiram Bir,82,F,False
330,289,Teerth Dara,55,M,False
331,289,Gabriel De,85,T,False
332,290,Ekiya Kurian,1,M,False
333,291,Ridhi Boase,61,M,False
334,292,Elijah Bobal,12,T,False
335,293,Vanya Sarin,15,T,False
336,294,Christopher Chana,18,T,False
337,294,Harini Buch,51,M,False
338,295,Reyansh Bakshi,67,T,False
339,296,Daksh Nazareth,5,F,False
340,297,Chakradev Kibe,20,M,False
341,299,Oscar Nayak,37,M,False
342,299,Jai Mahal,78,F,False
343,300,Faris Ahuja,51,M,False
344,301,Nisha Khare,2,T,False
345,302,Janaki Zacharia,1,T,False
346,303,Nathaniel Bassi,38,T,False
347,304,Patrick Dugar,3,T,False
348,304,Vedhika Varma,12,M,False
349,304,Ekavir Keer,44,M,False
350,305,Vedhika Bhagat,71,T,False
351,307,Gabriel Sabharwal,79,T,False
352,309,Niharika Kamdar,62,M,False
353,310,Nidra Goyal,55,F,False
354,311,Sarthak Buch,71,F,False
355,312,Jeevika Gill,72,T,False
356,312,Samarth Devi,13,T,False
357,313,Kashish Pai,55,M,False
358,313,Vedika Thaker,57,F,False
359,313,Upma Wali,78,M,False
360,314,Anya Choudhury,12,T,False
361,315,Sachi Bail,65,T,False
362,315,Ranbir Bhatnagar,38,F,False
363,316,Tanvi Modi,73,M,False
364,317,Bhavani Shah,34,T,False
365,318,Hemangini Divan,3,T,False
366,319,Ekaja Dugal,16,F,False
367,320,Thomas Sehgal,4,T,False
368,320,George Narain,54,M,False
369,321,Jalsa Rao,36,F,False
370,322,Indali Morar,78,M,False
371,323,Chavvi Soman,48,T,False
372,324,Oeshi Gill,75,F,False
373,324,Laksh Iyengar,73,M,False
374,325,Adweta Mital,29,F,False
375,328,Girindra Ganesh,63,T,False
376,328,Diya Mitra,61,F,False
377,330,Ayush Dani,76,T,False
378,330,Kabir Dhar,55,F,False
379,332,Yashasvi Bir,80,T,False
380,333,Jeevika Goyal,23,T,False
381,333,Hredhaan Golla,48,F,False
382,335,Priya Gulati,23,F,False
383,336,Jagdish Dhar,1,F,False
384,336,Nandini Chaudry,31,T,False
385,337,Vedhika Vaidya,6,M,False
386,337,Manan Sha,48,T,False
387,338,Lavanya Narain,20,T,True
388,339,Yamini Lal,52,T,False
389,339,Andrew Balay,59,M,False
390,340,Devika Ramachandran,85,T,False
391,340,Imaran Swaminathan,39,M,False
392,341,Ekani Bhat,43,M,False
393,342,Daksh Konda,51,M,False
394,343,Madhavi Naidu,59,F,False
395,345,Neelima Kara,13,M,False
396,345,Girish Nayar,16,M,False
397,346,Rachita Zacharia,68,T,False
398,346,Ryan Sachdeva,14,F,False
399,347,Matthew Mital,55,T,False
400,348,Naveen Kunda,26,M,False
401,350,Mekhala Dey,27,T,False
402,351,Madhavi Keer,79,T,False
403,352,Vritti Walla,70,M,False
404,352,Isaiah Nadig,4,F,False
405,352,Vaishnavi Koshy,54,F,False
406,353,Jairaj Warrior,71,T,False
407,353,Saanvi Rama,49,F,False
408,354,Yashawini Bhatti,20,T,False
409,355,Fitan Choudhry,36,M,False
410,356,Falak Manda,71,F,False
411,357,Gaurav Shere,32,F,False
412,358,Sudiksha Talwar,40,F,False
413,358,Udarsh Jani,25,T,False
414,359,Omya Gole,41,T,False
415,360,Kala Shanker,46,F,False
416,361,Irya Bath,55,F,False
417,362,Omkaar Thakur,72,T,False
418,362,Harinakshi Sidhu,22,M,False
419,363,Avni Patel,9,F,False
420,364,Ria Bera,68,T,False
421,364,Manthan Bhagat,77,M,False
422,364,Qadim Banik,41,F,False
423,365,Tanvi Tailor,23,T,False
424,366,Bhavani Dara,13,M,True
425,366,Kashvi Cherian,3,F,False
426,367,Sneha Nair,76,F,False
427,368,Pranav Khatri,31,M,False
428,370,Sanaya Rama,19,M,False
429,370,Amrita Sampath,47,F,False
430,372,Yuvraj Virk,83,M,False
431,373,Zehaan Pant,72,T,False
432,374,Omaja Mishra,81,F,False
433,374,Suhani Sengupta,18,T,False
434,375,Abdul Rana,65,F,False
435,376,Shaurya Srivastava,17,F,False
436,377,Manbir Som,79,M,False
437,378,Warhi Mannan,45,M,False
438,379,Pahal Mutti,15,M,False
439,379,Amrita Sahni,57,M,False
440,381,Oscar Iyengar,49,T,False
441,382,Advika Parikh,17,T,False
442,383,Utkarsh Dara,8,F,False
443,383,Vidhi Kuruvilla,77,M,False
444,383,Isha Batra,57,F,False
445,384,Yashica Cheema,48,F,False
446,385,Ojasvi Ahuja,33,M,False
447,385,Urvi Om,18,T,False
448,385,Yashasvi Garg,84,T,False
449,386,Odika Rout,31,M,False
450,386,Zaitra Pathak,47,T,False
451,387,Radha Bhat,2,T,False
452,388,Riya Pai,3,M,False
453,390,Darpan Pradhan,74,T,False
454,391,Inaya Mistry,29,F,False
455,392,Manan Sandal,57,F,False
456,393,Neha Venkataraman,63,F,False
457,394,Vedhika Shankar,35,M,False
458,394,Yochana Wadhwa,44,F,False
459,394,Simon Shah,3,T,False
460,396,Qadim Suresh,37,T,False
461,397,Lakshit Thaman,48,T,False
462,398,Viraj Rana,40,T,False
463,399,Jatin Chada,14,M,False
464,400,Sachi Chad,46,M,False
465,400,Neelima Bath,15,M,False
466,401,Bhavika Dhawan,59,F,False
467,402,Dalbir Misra,21,M,False
468,402,Hardik Nagarajan,79,F,False
469,402,Nitara Naik,44,M,False
470,403,Ishwar Luthra,83,F,False
471,404,Vivaan Bahl,53,F,False
472,404,Harrison Koshy,70,F,False
473,406,Yashvi Manda,15,F,False
474,407,Shivansh Thaman,3,F,False
475,407,Hema Lal,67,F,False
476,408,Oscar Sachdev,15,M,False
477,411,Onkar Hari,21,T,False
478,411,Dhruv Dave,70,F,False
479,411,Joshua Lad,13,M,False
480,412,Charles Naidu,62,F,False
481,413,Udarsh Batta,3,F,False
482,414,Upkaar Sampath,22,T,False
483,415,William Oak,74,F,False
484,416,Jeet Chada,5,M,False
485,416,Bahadurjit Purohit,59,M,False
486,418,Zansi Narasimhan,72,F,False
487,418,Hritik Chauhan,48,M,False
488,418,Ekansh Hari,5,F,False
489,420,Dakshesh Khanna,58,M,False
490,421,Nicholas Cheema,23,T,False
491,422,Samesh Ratta,18,T,False
492,422,Abeer Patil,33,F,False
493,423,Ayushman Issac,57,M,False
494,424,Indrajit Nigam,27,T,False
495,425,Pushti Konda,69,M,False
496,425,Ranbir Wason,61,F,False
497,425,Manthan Narang,41,F,False
498,426,Wishi Venkataraman,81,F,False
499,427,Naksh Prasad,42,T,False
500,427,Frado Desai,43,T,False
501,427,Chakrika Saxena,82,F,False
502,428,Nilima Pillai,69,F,False
503,429,Fitan Menon,29,T,False
504,429,Aradhana Kari,52,F,False
505,429,Jagat Bora,58,M,False
506,430,Chasmum Maharaj,36,M,False
507,431,Vedant Karan,83,T,False
508,431,Urvi Kaur,54,M,False
509,435,Libni Mander,17,M,False
510,435,Viraj Manne,6,M,False
511,436,Vanya Biswas,1,M,False
512,436,Samuel De,71,T,False
513,437,Devansh Rastogi,11,T,False
514,439,Faraj Cheema,54,M,False
515,440,Mohini Hayer,29,T,False
516,440,Baljiwan Anne,34,F,False
517,441,Fitan Kibe,41,M,False
518,442,Mahika Ganguly,17,M,False
519,442,Advay Mahajan,35,M,False
520,442,Ridhi Parmar,40,T,False
521,443,Saksham Krish,13,M,False
522,443,William Iyengar,21,F,False
523,444,Yauvani Chokshi,14,T,False
524,444,Ekantika Gupta,20,F,False
525,445,Lopa Kala,76,T,False
526,448,Warjas Sangha,16,F,False
527,449,Baljiwan Khanna,38,F,False
528,450,Lakshmi Verma,24,T,False
529,450,Qadim Sathe,39,M,False
530,451,Samarth Keer,48,M,False
531,452,Bhavika Sen,52,T,False
532,453,Yashasvi Sant,14,F,False
533,454,Parth Kurian,26,M,False
534,455,Vyanjana Ravel,43,M,False
535,456,Aadhya Pall,5,T,False
536,457,Neel Arora,8,F,False
537,457,George Rajagopalan,77,F,False
538,461,Aradhana Bhatt,12,F,False
539,461,Ayushman Keer,23,T,False
540,462,Gunbir Kakar,60,M,False
541,463,Mohini Radhakrishnan,85,M,False
542,463,Ishani Narayanan,15,M,False
543,464,Anay Parsa,35,M,False
544,465,Lekha Memon,81,F,False
545,465,Luke Venkatesh,35,M,False
546,466,Gaurav Cherian,9,F,False
547,467,Hemal Purohit,83,F,False
548,467,Rajeshri Kaul,79,M,False
549,468,Joshua Munshi,27,M,False
550,469,Triveni Mutti,21,M,False
551,471,Anthony Ramanathan,20,T,False
552,472,Riya Subramanian,49,T,False
553,472,Maanav Kadakia,83,F,False
554,473,Ishani Som,38,M,False
555,473,Charles Dalal,18,T,False
556,474,Ubika Raja,73,F,False
557,475,Veda Saraf,77,M,False
558,475,Jeremiah Chaudhary,17,F,True
559,475,Devansh Yogi,1,M,False
560,476,Pranit Ahluwalia,2,F,False
561,477,Januja Garg,16,T,False
562,478,Indira Yohannan,58,F,False
563,479,Chandani Kale,76,F,False
564,479,Tarak Parmer,46,F,False
565,481,Oni Dube,54,M,False
566,482,Advaith Chaudhari,77,F,False
567,484,Vansha Datta,31,T,False
568,484,Aditya Varghese,47,M,False
569,485,Reva Pandya,29,T,False
570,485,Yadavi Mangat,72,M,False
571,488,Saumya Ganguly,56,F,False
572,490,Meera Kalla,51,F,False
573,492,Jatin Sura,2,F,False
574,492,Nachiket Krishna,85,M,False
575,493,Reva Edwin,65,T,False
576,495,Karan Choudhary,46,F,False
577,496,Bimala Manda,75,M,False
578,497,Urvi Chauhan,56,M,False
579,498,Gavin Behl,17,T,False
580,499,Indali Sahota,54,T,False
581,500,Januja Natt,42,F,False
582,501,Leena Chahal,1,F,False
583,501,Kalpit Dara,77,M,False
584,503,Ekansh Subramanian,26,F,False
585,503,Yahvi Bains,57,M,False
586,504,Madhavi Rattan,62,M,False
587,505,Chavvi Kannan,4,F,False
588,505,Amrita Dani,39,F,False
589,506,Ekta Chacko,17,T,False
590,507,Amruta Jani,27,T,False
591,507,Nachiket Sehgal,55,T,False
592,508,Ranbir Swaminathan,46,T,False
593,510,Agastya Andra,7,F,False
594,510,Hamsini Chada,84,M,False
595,512,Harshil Vaidya,33,T,False
596,512,Lucky Agarwal,29,T,False
597,513,Vyanjana Gara,74,T,False
598,514,Matthew Gokhale,51,F,False
599,514,Gaurika Golla,30,F,False
600,515,Ekaja Divan,4,F,False
601,516,Joshua Gopal,71,T,False
602,516,Ira Nagar,18,F,False
603,517,Oviya Vyas,71,M,False
604,519,Oviya Kibe,78,M,False
605,519,Udarsh Bhalla,19,M,False
606,520,Yash Bose,10,T,False
607,520,Omaja Doctor,56,F,False
608,520,Upma Dey,48,F,False
609,521,Suhani Kuruvilla,9,T,False
610,524,Hemang Brahmbhatt,41,M,False
611,524,Gautami Bala,57,M,False
612,526,Divya Raman,7,T,False
613,527,Farhan Chander,23,M,False
614,527,Tanveer Dhaliwal,1,M,False
615,528,Lila Khare,69,M,False
616,529,Suhani Murthy,17,F,False
617,530,Bhavini Rattan,28,M,False
618,530,Kai Sastry,11,F,False
619,531,Yash Anand,80,M,False
620,532,Upadhriti Warrior,10,M,False
621,532,Ikbal Chada,56,F,False
622,534,Urvashi Kala,54,T,False
623,535,Siya Saini,83,T,False
624,536,Naveen Sarkar,64,T,False
625,537,Akshay Dora,38,F,False
626,537,Manbir Tata,45,T,False
627,538,Shaurya Halder,41,F,False
628,539,Nirja Pandey,42,M,False
629,539,Pooja Virk,69,M,False
630,542,Indali Shetty,53,F,False
631,542,Meghana Amble,79,T,False
632,543,Bachittar Aurora,82,T,False
633,544,Rajeshri Kashyap,85,F,False
634,545,Atharv Sarkar,84,M,False
635,545,Michael Bala,26,M,False
636,546,Tristan Mishra,55,M,False
637,547,Tripti Das,80,T,False
638,548,Harrison Swaminathan,23,T,False
639,548,Odika Borah,55,F,False
640,549,Pranav Balay,48,T,False
641,549,Hemal Palan,41,M,False
642,550,Jonathan Loyal,51,T,False
643,551,Reyansh Krishna,42,F,False
644,551,Rudra Mand,12,T,False
645,551,Harshil Muni,40,F,False
646,552,Mitali Balan,78,F,False
647,552,Pranit Naidu,84,F,False
648,553,Falguni Kala,43,T,False
649,554,Oviya Saran,74,M,False
650,555,Ansh Mane,32,F,False
651,556,Geetika Babu,31,T,False
652,556,Upma Chandran,10,F,False
653,557,Advaith Dewan,9,M,False
654,558,Caleb Choudhry,21,T,False
655,559,Jagdish Date,7,M,False
656,561,Tarak Sidhu,24,M,False
657,562,Yamini Cherian,50,M,False
658,563,Arunima Sampath,51,F,False
659,564,Amara Balakrishnan,30,M,False
660,566,Chandran Raja,41,F,False
661,568,Amaira Khare,31,T,False
662,569,Idika Mani,72,F,False
663,570,Divya Boase,12,F,False
664,571,Gaurika Bail,56,F,False
665,572,Vrinda Kota,36,M,False
666,573,Vritti Panchal,69,F,False
667,574,Isaiah Madan,79,F,False
668,575,Samuel Chakraborty,42,T,False
669,576,Zinal Oza,58,M,False
670,576,Rachita Sha,62,F,False
671,578,Zayan Devi,49,T,False
672,579,Advika Mittal,50,M,False
673,579,Oscar Sarin,57,T,False
674,580,Dalaja Chada,34,M,False
675,581,Oviya Chakrabarti,47,F,False
676,582,Chatura Chad,80,M,False
677,583,Samarth Varty,17,M,False
678,583,Warhi Deshpande,78,F,False
679,584,Ekalinga Acharya,26,F,False
680,585,Jatin Sankaran,17,T,False
681,586,Pavani Divan,39,M,False
682,587,Tara Malhotra,82,F,False
683,588,Logan Mallick,38,F,False
684,590,Devansh Bhatia,16,T,False
685,591,Raksha Mangal,85,T,False
686,592,Abdul Parsa,82,M,False
687,593,Lakshit Bhavsar,56,F,False
688,593,Prisha Puri,79,F,False
689,594,Zayan Ramakrishnan,39,T,True
690,595,Bachittar Nigam,71,M,False
691,595,Advika Iyer,21,F,False
692,596,Ekavir Saha,57,F,False
693,597,Vedant Bail,85,F,False
694,597,Atharv Hayre,62,M,False
695,598,Vincent Chanda,32,F,False
696,599,Pranit Mandal,13,F,False
697,600,Zashil Jha,10,F,False
698,601,Hiral Roy,34,T,False
699,601,Ati Brar,9,M,False
700,602,Anamika Mall,3,T,False
701,603,Lavanya Rajagopalan,66,F,False
702,604,Atharv Nayar,52,F,False
703,606,Anusha Chada,62,F,False
704,606,Chakrika Nazareth,33,F,False
705,607,Anay Sarraf,81,T,False
706,607,Unnati Bansal,27,M,False
707,609,Yashawini Sarraf,35,T,False
708,611,Barkha Dhar,18,T,False
709,612,Chaitanya Mannan,55,T,False
710,613,Urmi Vohra,6,M,False
711,614,Divya D’Alia,74,F,False
712,615,Saumya Sahota,35,T,False
713,616,Jacob Bumb,76,M,False
714,617,Elijah Deo,26,T,False
715,618,Rajata Mann,77,M,False
716,619,Gunbir Kata,54,T,False
717,620,Eiravati Gokhale,32,M,False
718,621,Jagat Mani,30,F,False
719,621,Vidhi Sarna,81,T,False
720,621,Omkaar Mani,24,M,False
721,623,Jagdish Saxena,16,F,False
722,624,Eta Dugar,28,T,False
723,625,Harish Verma,61,T,False
724,625,Ranveer Banik,46,M,False
725,625,Yatan Devan,46,F,False
726,626,Rushil Chakrabarti,29,T,False
727,627,Pranit Mital,12,T,False
728,628,Eshana Kota,38,T,False
729,628,Jack Goda,65,T,False
730,628,Eiravati Comar,73,T,False
731,629,Nisha Raman,81,F,False
732,629,Pavani Rastogi,22,M,False
733,630,Ojas Wason,42,M,False
734,631,Janaki Wason,79,M,False
735,631,Naksh Wason,49,T,False
736,632,Anmol Vyas,50,F,False
737,632,Yachana Rao,85,T,False
738,633,Anamika Chad,3,M,False
739,633,Ethan Thaman,58,F,False
740,634,Ekiya Sandal,49,T,False
741,634,Chasmum Mahal,67,T,False
742,635,Arya Subramanian,4,M,False
743,636,Aryan Ranganathan,45,M,False
744,637,Fiyaz Dhaliwal,41,F,False
745,637,Urvashi Virk,16,T,False
746,638,Abdul Loyal,78,T,False
747,639,Vasudha Varkey,39,T,False
748,640,Onkar Vohra,56,T,False
749,641,Kamya Gandhi,78,T,False
750,642,Praneel Doctor,35,F,False
751,644,Faras Dua,57,M,False
752,645,Vaishnavi Acharya,27,T,False
753,645,Faras Ben,27,F,False
754,646,Lekha Som,36,F,False
755,647,Luke Sarkar,54,M,False
756,649,Robert Ahluwalia,42,F,False
757,650,Urishilla Sha,15,T,False
758,650,Oscar Solanki,74,T,False
759,651,Sachi Bhatia,83,T,False
760,652,Dhruv Hans,29,T,False
761,653,Aarush Mukhopadhyay,53,T,False
762,653,Indali Dalal,44,M,False
763,654,Anmol Gara,6,M,False
764,654,Teerth Prasad,53,M,False
765,654,Finn Koshy,10,M,False
766,655,Odika Kara,33,F,False
767,658,Krishna Bandi,54,F,False
768,659,Ishita Mohan,20,F,False
769,660,Nandini Mital,48,T,False
770,661,Ayush Gade,71,T,False
771,662,Hiral Shanker,84,T,False
772,663,Warinder Jani,49,M,False
773,664,Meera Kala,34,F,False
774,665,Barkha Samra,54,F,False
775,666,Faras Karpe,44,T,False
776,667,Deepa Ram,75,M,False
777,667,Bakhshi Lal,32,T,False
778,667,Praneel Gade,15,M,False
779,668,Neelima Sami,46,F,False
780,669,Urvashi Nayak,4,M,False
781,670,Chanakya Shetty,17,F,False
782,670,Balveer Dara,62,T,False
783,670,Triveni Peri,55,T,False
784,671,Ekta Mishra,17,F,False
785,672,Anvi Pai,39,F,False
786,673,Aarini Buch,55,T,False
787,674,Tanveer Sarkar,4,F,False
788,674,Quincy Malhotra,84,M,False
789,674,Mohini Golla,50,M,False
790,676,Sai Doshi,41,T,False
791,677,Kala Modi,40,T,False
792,678,Kritika Dasgupta,4,M,False
793,680,Umang Raval,41,T,False
794,681,Leela Sahota,22,M,False
795,682,Zaid Ganesan,74,F,False
796,682,Gavin Prabhakar,5,M,False
797,683,Ekantika Deo,65,M,False
798,684,Nathaniel Konda,27,F,False
799,686,Mugdha Vaidya,75,T,False
800,687,Shivansh Lalla,62,M,False
801,688,Bhavya Bal,31,M,False
802,688,Kamala Patil,59,F,False
803,689,Leena Kurian,52,F,False
804,689,Ayaan Kakar,75,M,False
805,690,Kavya Radhakrishnan,53,T,False
806,691,Dayamai Jhaveri,29,M,False
807,692,Daksh Sekhon,75,M,False
808,693,Gavin Gupta,57,M,False
809,694,Vamakshi Hora,78,F,False
810,695,Waida Goda,79,M,False
811,697,Yashodhara Singhal,75,M,False
812,697,Nihal Gola,2,F,False
813,698,Tanay Mohanty,74,F,False
814,699,Meghana Garg,78,F,False
815,700,Irya Murty,76,M,False
816,700,Darika Sandal,52,F,False
817,702,Ryan Kale,76,M,False
818,703,Ati Prashad,67,T,False
819,704,Krish Borah,75,T,False
820,705,Abha Wali,10,T,False
821,705,Anthony Dey,14,F,False
822,706,Aadhya Bajaj,25,T,False
823,707,Rajeshri Balay,52,T,False
824,708,Raagini Malhotra,48,F,False
825,710,Tanvi Iyer,24,M,False
826,711,Joshua Zachariah,28,T,False
827,712,Avi Devan,36,T,False
828,712,Jatin Prashad,22,T,False
829,713,Yashawini Varty,30,T,False
830,714,Aadhya Trivedi,34,F,False
831,716,Chakradev Dhaliwal,64,M,False
832,717,Chaaya Prabhu,1,F,False
833,718,Alka Nagi,25,F,False
834,718,Atharv Narula,40,M,False
835,719,Omkaar Dugar,76,F,False
836,719,Alexander Palla,53,T,False
837,720,Deepa Soni,34,T,False
838,721,Zaid Kara,28,M,False
839,722,Kavya Dhillon,38,F,False
840,723,Veda Padmanabhan,3,F,False
841,723,Nidra Seth,33,M,False
842,724,Harita Sura,28,T,False
843,724,Gopal Oommen,25,F,False
844,725,Jai Merchant,83,F,False
845,726,Rushil Pandya,5,F,False
846,726,Champak Walia,48,F,True
847,726,Victor Wali,44,M,False
848,727,Oviya Soni,12,T,False
849,728,Nirja Dey,14,F,False
850,730,Jacob Verma,58,T,False
851,731,Aadhya Chowdhury,76,M,False
852,732,Gaurang Patil,38,F,False
853,733,Radha Lata,4,M,False
854,734,Jalsa Sama,79,M,False
855,735,Tarak Golla,64,T,False
856,735,Falguni Chaudhary,53,M,False
857,736,Adya Dyal,69,M,False
858,737,Gautam Ravi,59,T,False
859,737,Widisha Grewal,1,M,False
860,739,Girik Chana,1,F,False
861,740,Udarsh Kanda,26,F,False
862,741,Adya Sankar,47,M,False
863,741,Janya Keer,30,T,False
864,741,Ishanvi Bose,3,T,False
865,742,Udarsh Shroff,40,T,False
866,743,Devansh Pandya,70,F,False
867,744,Daksha Narayanan,81,F,False
868,745,Pratyush Balan,18,F,False
869,745,Jagdish Narula,22,T,False
870,746,Neelima Iyer,16,T,False
871,747,Kashvi Chandran,10,M,False
872,748,Orinder Gulati,22,M,False
873,749,Yashica Dixit,66,M,False
874,750,Harish Tank,75,M,False
875,751,Ekani Vyas,1,F,False
876,752,Pooja Raval,11,T,False
877,753,Damyanti Ghose,74,T,False
878,754,Radha Trivedi,19,F,False
879,755,Alexander Bath,2,T,False
880,755,Samesh Dada,33,F,False
881,755,Aayush Khosla,51,F,False
882,756,Ojasvi Sachdev,44,M,False
883,757,Qadim Yadav,30,M,False
884,757,Oliver Kunda,78,F,False
885,758,Megha Jaggi,54,M,False
886,760,Yahvi Gulati,57,M,False
887,761,Umang Gour,69,M,False
888,761,Gautami Sarna,3,M,False
889,762,Dhruv Rout,40,T,False
890,763,Dalbir Ram,10,T,False
891,763,Udarsh Banik,77,T,False
892,764,Suhani Yadav,75,T,False
893,764,Udarsh Dhawan,40,T,False
894,764,Owen Rama,32,T,False
895,765,Neelima Dass,45,F,False
896,766,Geetika Nanda,47,T,False
897,767,Tanay Ramaswamy,7,T,False
898,768,Naksh Rajagopalan,25,M,False
899,768,Pranit Savant,55,F,False
900,769,Edhitha Sidhu,82,M,False
901,770,Tanay Mohanty,43,F,False
902,771,Jagat Walia,46,M,False
903,771,Nathan Singh,61,F,False
904,773,Anmol Swamy,8,M,False
905,774,Meera Doctor,25,T,False
906,775,Yochana Mammen,38,T,False
907,775,Vrishti Nagar,76,F,False
908,777,Niharika Oommen,1,T,False
909,778,Yashodhara Comar,60,F,False
910,778,Kabir Chhabra,36,M,False
911,778,Falan Goel,4,M,False
912,779,Jairaj Bhalla,34,F,False
913,781,Qasim Tripathi,44,F,False
914,781,Fariq Goda,47,F,False
915,781,Adya Dhawan,24,M,False
916,782,Pooja Krishna,57,M,False
917,782,Wridesh Wali,6,F,False
918,783,Fariq Sehgal,63,T,False
919,784,Kamala Tata,34,F,False
920,784,Vrinda Munshi,62,M,False
921,784,Vedant Garde,35,M,False
922,785,Lucky Rajan,8,F,False
923,786,Matthew Gour,12,F,False
924,787,Manya Dutt,67,M,False
925,788,Tarak Saha,1,M,False
926,788,Agastya Morar,64,M,False
927,789,Harita Prakash,46,M,False
928,790,Avni Oak,2,F,False
929,790,Robert Datta,72,M,False
930,791,Finn Wadhwa,45,M,False
931,791,Turvi Lata,13,M,False
932,791,Shivani Ramachandran,29,T,False
933,792,Aarush Narang,11,T,False
934,792,Vasudha Dhingra,24,M,False
935,793,Chaman Bakshi,25,T,False
936,793,Oviya Brar,28,M,False
937,794,Bhavani Gaba,43,M,False
938,796,Yasti Bhalla,25,T,False
939,796,Watika Bhatt,78,T,False
940,797,Ishanvi Nigam,49,T,False
941,797,Nitara Oza,72,M,False
942,797,Waida Rattan,1,T,False
943,798,Charles Kar,33,F,False
944,799,Anirudh Uppal,30,T,False
945,799,Waida Bajwa,7,T,False
946,800,Jhalak Upadhyay,13,F,False
947,801,Yasti Rama,2,M,False
948,801,Saksham Kunda,14,T,False
949,802,Chanchal Kala,2,M,False
950,803,Falak Shankar,22,F,False
951,803,Noah Swamy,3,M,False
952,804,Nathaniel Chatterjee,35,T,False
953,805,Omisha Bains,33,M,False
954,805,Bakhshi Dar,26,F,False
955,806,Gabriel Keer,78,M,False
956,807,Ayushman Barad,33,T,False
957,808,Radhika Suresh,51,T,False
958,809,Ekani Palan,37,F,False
959,810,Rachana Chadha,10,M,False
960,810,Laksh Natarajan,16,F,False
961,811,Finn Saini,22,F,False
962,811,Yachana Barman,26,M,False
963,812,Maya Kanda,55,M,False
964,813,Maanas Bora,49,T,False
965,814,Ekbal Bhavsar,78,T,False
966,815,Vanya Barman,40,T,False
967,816,Vinaya Chadha,20,F,False
968,817,Bakhshi Naidu,44,F,False
969,818,Yashawini Saxena,3,F,False
970,820,Vedika Krish,65,M,False
971,821,Arjun Sarma,59,T,False
972,822,Ishita Soman,42,M,False
973,823,Vanya Bhavsar,17,T,False
974,823,Odika D’Alia,8,T,False
975,824,Kamya Bhasin,52,F,False
976,824,Isaiah Vohra,65,F,False
977,825,Ekansh Sridhar,68,F,False
978,828,Ucchal Om,79,F,False
979,829,Vrishti Oommen,59,T,False
980,830,Arya Lalla,33,T,False
981,831,Jacob Manne,72,F,False
982,832,Harita Dhingra,25,T,False
983,832,Ekbal Krishnan,62,M,False
984,834,Vamakshi Sarkar,30,T,False
985,834,Dhriti Dar,5,T,False
986,835,Joshua Char,18,M,False
987,835,Samarth Baral,58,T,False
988,836,Irya Khalsa,49,M,False
989,837,Wyatt Sharaf,60,M,False
990,838,Tanay Kata,54,F,False
991,839,Ekanta Bail,41,F,False
992,840,Yuvraj Mannan,29,M,False
993,840,Ladli Singh,1,F,False
994,840,Yagnesh Bhattacharyya,31,T,False
995,841,Jeevika Lad,47,M,False
996,841,Nakul Ganguly,23,T,False
997,842,George Bedi,20,T,False
998,842,Fariq Vohra,31,M,False
999,842,Sneha Dixit,52,F,False
1000,843,Vincent Chanda,49,M,False
1001,844,Jeet Shere,56,F,False
1002,844,Praneel Dua,23,T,False
1003,845,Wyatt Pillai,75,M,False
1004,845,Turvi Korpal,24,T,False
1005,846,Zinal Pandya,31,T,False
1006,846,Zayan Viswanathan,37,F,False
1007,848,Lucky Babu,8,F,False
1008,849,Madhav Chaudhuri,71,M,False
1009,849,Kavya Bera,32,F,False
1010,850,Varenya Bir,84,F,False
1011,851,Anamika Bhasin,64,F,False
1012,851,Yashodhara Kamdar,82,F,False
1013,852,Bhavani Pillai,71,M,False
1014,853,Krishna Narayanan,56,T,False
1015,853,Amara Dhawan,33,T,False
1016,854,Prisha Kumer,47,T,False
1017,855,Tripti Oommen,53,T,False
1018,855,Upasna Kuruvilla,64,F,False
1019,856,Anita Narasimhan,51,T,False
1020,856,Wishi Ravel,30,T,False
1021,856,Charita Kurian,66,F,False
1022,857,Mugdha Saini,1,F,False
1023,860,Abhiram Doctor,14,M,False
1024,861,Jeevika Parikh,44,F,False
1025,861,Banjeet Gandhi,29,F,False
1026,862,Hritik Loke,7,F,False
1027,862,Ekbal Mane,35,T,False
1028,863,Nicholas Solanki,51,F,False
1029,864,Wridesh Shenoy,2,T,False
1030,865,Manthan Borah,69,M,False
1031,866,Bahadurjit Patla,83,F,False
1032,867,Shivani Deol,80,F,False
1033,868,Manbir Basak,69,F,False
1034,869,Hemal Pradhan,83,F,False
1035,870,Mahika Wadhwa,64,F,False
1036,873,Shivani Khare,10,T,False
1037,873,Aarnav Sani,81,M,False
1038,874,Charan Taneja,74,F,False
1039,874,Bhavna D’Alia,47,F,False
1040,874,Lopa Narasimhan,49,F,False
1041,875,Aarini Sagar,8,T,False
1042,875,Pooja Jani,50,M,False
1043,875,Janaki Chatterjee,16,M,False
1044,876,Wriddhish Bhatti,8,F,False
1045,878,Gabriel Bhatnagar,64,M,False
1046,879,Veda Bhavsar,50,T,False
1047,880,Kashish Nigam,83,T,False
1048,881,Bachittar Nadig,32,T,False
1049,881,Devika Yadav,44,F,False
1050,882,Harini Sabharwal,15,F,False
1051,883,Qasim Chander,16,T,False
1052,884,Jatin Goswami,38,F,False
1053,885,Osha Chander,82,F,False
1054,886,Aishani Dutt,17,T,False
1055,887,Omkaar Upadhyay,34,T,False
1056,889,Jeet Salvi,16,F,False
1057,890,Megha Deol,42,T,False
1058,891,Hredhaan Om,14,F,False
1059,891,Sanya Dhawan,74,F,False
1060,892,Samuel Ramachandran,45,M,False
1061,893,Ubika Dutt,34,M,False
1062,893,Darpan Shanker,56,F,False
1063,894,Urvashi Wagle,23,F,False
1064,895,Vansha Ramakrishnan,2,T,False
1065,896,Yashodhara Dhillon,20,F,False
1066,897,Hredhaan Khurana,57,T,False
1067,899,Gopal Rai,44,M,False
1068,899,Rohan Konda,71,T,False
1069,899,Chakradev Nayar,55,T,False
1070,900,Samarth Sibal,7,T,False
1071,900,Elijah Chauhan,59,M,False
1072,900,Krishna Kant,26,T,False
1073,901,Warjas Dani,65,T,False
1074,902,Nisha Narayanan,13,T,False
1075,902,Gaurang Thakur,30,F,False
1076,903,Naksh Kaur,1,M,False
1077,905,Onveer Prasad,14,F,False
1078,906,Radhika Karnik,16,T,False
1079,908,Tanish Bahri,8,T,False
1080,909,Chandresh Trivedi,55,T,False
1081,910,Vritti Jha,74,T,False
1082,911,Bachittar Apte,26,M,False
1083,912,Reva Yohannan,64,M,False
1084,913,Advika Dutta,78,M,False
1085,914,Banjeet Tripathi,17,M,False
1086,914,Unni Bal,22,M,False
1087,916,Jasmit Mukherjee,84,T,False
1088,917,Darsh Loyal,64,M,False
1089,918,Kritika Guha,2,F,False
1090,918,Mugdha Loyal,48,T,False
1091,919,Nathan Bail,78,M,False
1092,919,Oni De,41,T,False
1093,920,Kashvi Mannan,77,T,False
1094,922,Udyati Bhatia,32,M,False
1095,923,Aarini Murty,74,F,False
1096,923,Megha Kapadia,1,T,False
1097,924,Gavin Hora,56,F,False
1098,925,Lopa Chandran,62,F,False
1099,925,Xiti Ray,15,F,False
1100,926,Urmi Tank,21,F,False
1101,927,Dalbir Bose,77,F,False
1102,927,Ekavir Dasgupta,47,M,False
1103,928,Nikita Hayer,66,M,False
1104,929,Omya Bose,71,F,False
1105,930,Zilmil Char,58,F,False
1106,932,Harini Parekh,66,F,False
1107,933,Shivansh Vohra,71,T,False
1108,933,Bina Baria,21,T,False
1109,934,Nikita Batra,20,F,False
1110,934,Vivaan Prasad,25,T,False
1111,935,Sneha Kumer,43,F,False
1112,936,Chakrika Dhillon,16,M,False
1113,937,Robert Gill,29,T,False
1114,938,Mitali Dalal,78,T,False
1115,939,Bhavani Aggarwal,52,M,False
1116,940,Radha Lata,53,M,False
1117,941,Madhav Gupta,37,M,False
1118,942,Mahika Ramachandran,55,F,False
1119,942,Christopher Dada,25,M,False
1120,944,Maanas Bedi,20,F,False
1121,944,Thomas Mammen,80,M,False
1122,945,Logan Rau,9,T,False
1123,946,Arin Ranganathan,50,M,False
1124,947,Onveer Jain,8,T,False
1125,948,Kevin Sibal,57,M,False
1126,948,Hemani Puri,6,T,False
1127,948,Ranveer Kamdar,28,F,False
1128,949,Ekantika Batta,41,T,False
1129,950,Mitali Singhal,15,F,False
1130,951,Vyanjana Yadav,79,M,False
1131,952,Raksha Kaur,33,F,False
1132,953,Waida Sangha,11,M,False
1133,954,Alexander Patla,26,M,False
1134,954,Krisha Zachariah,26,M,False
1135,954,Frado Garg,51,F,False
1136,955,Elijah Dewan,71,T,False
1137,956,Baljiwan Narayanan,19,T,False
1138,956,Victor Sant,45,T,False
1139,958,Rohan Zacharia,66,M,False
1140,959,Kai Nagarajan,24,F,False
1141,960,Oliver Mammen,74,F,False
1142,961,Harshil Oak,1,F,False
1143,962,Kala Chaudry,41,T,False
1144,963,Damini Dar,48,F,False
1145,966,Gagan Banik,61,F,False
1146,967,Abeer Magar,20,T,False
1147,968,Ganga Sangha,11,M,False
1148,968,Dalbir Nair,84,T,False
1149,968,Shivani Yohannan,14,T,False
1150,971,Eshana Nadig,47,T,False
1151,973,Jyoti Mani,26,T,False
1152,974,Zinal Konda,63,F,False
1153,974,Adweta Suri,37,F,False
1154,975,Inaya Srinivasan,64,M,False
1155,976,Lucky Chana,35,M,False
1156,976,Lavanya Khosla,63,M,False
1157,977,Qabil Gera,28,M,False
1158,978,Warjas Ganesan,9,F,False
1159,978,Januja Konda,24,F,False
1160,978,Ekaja Morar,51,T,False
1161,979,Anmol Natarajan,15,F,False
1162,980,Ekaraj Edwin,67,F,False
1163,981,Kalpit Dixit,83,T,False
1164,982,Vrinda Shroff,82,T,False
1165,984,Arin Dixit,24,T,False
1166,985,Upma Butala,62,F,False
1167,986,Nimrat Shukla,73,T,False
1168,986,Chatresh Contractor,45,M,False
1169,987,Sanya Deshpande,75,F,False
1170,987,Raksha Kothari,46,F,False
1171,988,Harish Chana,30,F,False
1172,988,Arin Rana,25,T,False
1173,988,Geetika Anand,79,M,False
1174,990,Lohit Subramaniam,34,M,False
1175,990,Pahal Dasgupta,80,M,False
1176,991,Anthony Sachar,63,F,False
1177,993,Jyoti Sampath,24,F,False
1178,993,Dhruv Prabhakar,67,M,False
1179,994,Aarnav Choudhry,28,F,False
1180,995,Zansi Chatterjee,69,T,False
1181,996,Yashoda Basak,66,T,False
1182,996,Sneha Chaudry,39,M,False
1183,997,Jalsa Wali,22,T,False
1184,998,Sanya Sandhu,9,T,False
1185,998,Zehaan Taneja,11,F,False
1186,999,Naksh Sarraf,68,T,False
1187,1000,Dakshesh Lata,11,M,False
1188,1001,Anmol Lala,58,T,False
1189,1002,Waida Kapur,59,M,False
1190,1003,Hardik Dixit,1,T,False
1191,1004,Viraj Ghosh,51,M,False
1192,1004,Rajeshri Goswami,16,M,False
1193,1005,Atharv Kala,4,T,False
1194,1006,Manan Choudhury,79,F,False
1195,1007,Mohini Lad,9,M,False
1196,1009,Anamika Gandhi,32,M,False
1197,1010,Veer Dalal,78,T,False
1198,1011,Bhanumati Kapur,58,M,False
1199,1011,Krishna Pandya,82,T,False
1200,1013,Harsh Raju,47,M,False
1201,1015,Varsha Dora,35,F,False
1202,1015,Ekansh Sandal,55,T,False
1203,1016,Tanay Soman,25,F,False
1204,1016,Aadi Om,4,F,False
1205,1017,Noah Parsa,12,F,False
1206,1018,Omaja Ratti,54,F,False
1207,1018,Upma Sule,48,M,False
1208,1019,Anita Buch,49,T,False
1209,1020,Devika Chana,54,M,False
1210,1021,Jalsa Koshy,42,F,False
1211,1022,Yuvraj Roy,54,T,False
1212,1023,Chanchal Wali,10,F,False
1213,1024,Chandresh Narain,37,T,False
1214,1025,Rehaan Toor,2,T,False
1215,1026,Gayathri Mann,73,M,False
1216,1027,Jagat Gill,70,F,False
1217,1028,Hemang Brar,69,M,False
1218,1030,Adya Gala,23,F,False
1219,1031,Triya Palla,84,T,False
1220,1032,Azad Sanghvi,54,M,False
1221,1033,Rishi Dube,55,F,False
1222,1034,Irya Arora,45,F,False
1223,1035,Amara Karnik,82,F,False
1224,1036,Yashasvi Mangat,39,M,False
1225,1036,Pavani Pai,81,T,False
1226,1037,Janaki Bhatti,10,M,False
1227,1037,Teerth Seshadri,23,T,False
1228,1038,Darsh Mohan,43,M,False
1229,1038,Vasana Deol,12,F,False
1230,1039,Wazir Chauhan,29,M,False
1231,1039,Isaiah Tata,46,F,False
1232,1041,Libni Dara,43,F,False
1233,1042,Yashvi Batta,69,T,False
1234,1043,Aarush Issac,25,T,False
1235,1044,Garima Bahri,83,T,False
1236,1045,Umang Manda,24,F,False
1237,1046,Jhalak Hayer,18,F,False
1238,1047,Vedhika Bora,38,M,False
1239,1049,Lajita Aurora,10,T,False
1240,1050,Jacob Sharma,45,M,False
1241,1051,Qasim Borde,42,M,False
1242,1051,Maanav Mand,64,M,False
1243,1052,Shivani Bera,79,T,False
1244,1052,Jeevika Lata,22,T,False
1245,1054,Andrew Bawa,13,F,False
1246,1055,Arya Singhal,3,T,False
1247,1055,Yahvi Gaba,27,M,False
1248,1059,Chatresh Deshpande,64,F,False
1249,1060,Gabriel Thaman,52,F,False
1250,1061,Arya Sodhi,28,T,False
1251,1062,Mitesh Pandey,39,T,False
1252,1064,Chavvi Goel,43,F,True
1253,1067,Yashica Rama,34,F,False
1254,1067,Anirudh Dhar,33,F,False
1255,1068,Peter Acharya,23,F,False
1256,1068,Krishna Gopal,79,F,False
1257,1069,Geetika Kala,68,T,False
1258,1070,Barkha Bassi,71,F,False
1259,1070,Harish Savant,59,M,False
1260,1070,Kai Sheth,57,M,False
1261,1071,Daksha Arora,72,M,False
1262,1071,Jagat Aggarwal,43,M,False
1263,1071,Ijaya Date,78,M,False
1264,1072,Girindra Kant,39,T,False
1265,1073,Ekavir Bandi,31,F,False
1266,1074,Jeremiah Kamdar,27,T,False
1267,1075,Ijaya Apte,46,F,False
1268,1076,Tripti Yogi,44,T,False
1269,1076,Qarin Bhat,54,M,False
1270,1077,Oviya Batra,64,M,False
1271,1077,Yash Ahluwalia,36,T,False
1272,1077,Yashvi Kulkarni,43,F,False
1273,1078,Pallavi Muni,25,T,False
1274,1080,Hemangini Edwin,20,T,False
1275,1081,Girindra Saraf,81,F,False
1276,1081,Isaac Thakur,32,M,False
1277,1081,Siddharth Wason,83,M,False
1278,1082,Chandresh Nori,74,T,False
1279,1083,Deepa Bera,49,M,False
1280,1084,Joshua Karnik,84,F,False
1281,1085,Jagvi Hayre,48,T,False
1282,1085,Jonathan Arya,31,T,False
1283,1085,Balendra Johal,18,M,False
1284,1087,Niharika Kulkarni,30,F,False
1285,1088,Mitali Char,16,M,False
1286,1088,Kevin Bobal,36,T,False
1287,1089,Adya Kota,83,T,False
1288,1090,Banjeet Rajagopal,6,F,False
1289,1091,Aachal Mital,16,T,False
1290,1091,Ridhi Sankar,60,F,False
1291,1092,Oliver Setty,38,M,False
1292,1093,Tarak Roy,71,T,False
1293,1094,Manbir Khatri,55,T,False
1294,1094,Frado Rai,84,F,False
1295,1094,Thomas Iyer,11,T,False
1296,1095,Samaksh Banerjee,22,T,False
1297,1096,Ganga Setty,82,M,False
1298,1097,Devansh Sankar,64,F,False
1299,1098,Gaurangi Mohan,23,F,False
1300,1099,Qabil Chowdhury,76,F,False
1301,1099,Agastya Setty,29,M,False
1302,1099,Laban Khatri,55,T,True
1303,1100,Charvi Nadig,80,T,False
1304,1101,Jyoti Sekhon,42,M,False
1305,1102,Chanakya Chowdhury,18,T,False
1306,1102,Rishi Gade,76,T,False
1307,1103,Robert Sidhu,41,F,False
1308,1103,Isaac Mallick,58,T,False
1309,1104,Veda Gokhale,72,F,False
1310,1105,Utkarsh Dasgupta,12,F,False
1311,1106,Yatin Padmanabhan,56,F,False
1312,1106,Kashvi Pandey,82,F,False
1313,1107,Januja Som,46,F,False
1314,1107,Irya Kar,5,T,False
1315,1108,Widisha Dara,18,M,False
1316,1109,Adweta Walla,74,M,False
1317,1111,Irya Ravel,25,F,False
1318,1113,Ekbal Kannan,47,M,False
1319,1115,Priya Loyal,75,M,False
1320,1116,Ishita Goyal,47,M,False
1321,1117,Ethan Jaggi,81,T,False
1322,1117,Qushi Raval,82,T,False
1323,1118,Vihaan Buch,81,M,False
1324,1119,Falguni More,42,T,False
1325,1120,Ikshita Sunder,43,M,False
1326,1121,Dayamai Saran,17,M,False
1327,1122,Niharika Konda,15,T,False
1328,1122,Divya Kannan,81,T,False
1329,1123,Udant Nagi,72,M,False
1330,1124,Turvi Sachdev,61,T,False
1331,1124,Pooja Mistry,82,M,False
1332,1125,Yug Misra,74,M,False
1333,1126,Anya Seshadri,14,F,False
1334,1126,Upkaar Madan,53,M,False
1335,1126,Aishani Badal,76,M,False
1336,1127,Kai Bhat,33,M,False
1337,1127,Ishwar Srinivas,15,M,False
1338,1127,Varenya Narain,1,T,False
1339,1128,Baljiwan Konda,70,M,False
1340,1130,Jalsa Misra,23,M,False
1341,1131,Rayaan Reddy,53,T,False
1342,1132,Ojasvi Thaman,57,M,False
1343,1133,Vidhi Sarma,58,F,False
1344,1135,Nathaniel Issac,83,M,False
1345,1135,Kiaan Venkatesh,42,F,False
1346,1135,Vivaan Andra,58,F,False
1347,1136,Anthony Kanda,14,F,False
1348,1136,Zehaan Rege,70,F,False
1349,1137,Vanya Palan,8,F,False
1350,1139,Chaman Shanker,1,T,False
1351,1141,Mitesh Singh,21,T,False
1352,1141,Harinakshi Tiwari,67,T,False
1353,1142,Aachal Tripathi,54,F,False
1354,1142,Yug Sunder,60,F,False
1355,1143,Chandresh Borah,53,F,False
1356,1144,Wakeeta Chaudry,73,F,False
1357,1145,Keya Goda,20,M,False
1358,1146,Chasmum Savant,18,M,False
1359,1147,Ojas Anne,33,T,False
1360,1148,Qabil Ranganathan,4,T,False
1361,1149,Eiravati Garde,77,F,False
1362,1149,Jagrati Dube,24,T,False
1363,1149,Omya Buch,27,F,False
1364,1150,Ekbal Naidu,78,M,False
1365,1151,Chaman Gole,51,T,False
1366,1152,Samarth Chhabra,17,M,False
1367,1154,Neelima Misra,8,M,False
1368,1155,Riya Vohra,63,M,False
1369,1155,Yash Murthy,28,T,False
1370,1158,Urishilla Sekhon,82,T,False
1371,1159,Rachana Sami,35,F,False
1372,1160,Rishi Randhawa,72,F,False
1373,1160,Gopal Aggarwal,61,M,False
1374,1161,Shravya Rao,75,F,False
1375,1162,Tanish Sule,50,F,False
1376,1164,Ikshita Grover,32,M,False
1377,1164,Dev Wadhwa,39,T,False
1378,1165,Caleb Sami,3,T,False
1379,1165,Oliver Ahuja,73,F,False
1380,1167,Leena Garde,39,T,False
1381,1168,Anjali Saran,45,F,False
1382,1169,Daksha Bhatnagar,31,T,False
1383,1171,Samuel Rastogi,47,M,False
1384,1172,Advaith Narain,77,T,False
1385,1172,Jagat Balay,19,F,False
1386,1173,Anika Warrior,42,M,False
1387,1173,Jagrati Venkatesh,38,T,False
1388,1173,Timothy Acharya,13,T,False
1389,1174,Ojasvi Khalsa,49,T,False
1390,1174,Manthan Sekhon,2,M,False
1391,1175,Samar Badal,74,T,False
1392,1176,Rachana Sen,38,M,False
1393,1176,Yadavi Srinivasan,65,T,False
1394,1177,Kashish Das,20,T,False
1395,1179,Rajata Sridhar,73,T,False
1396,1180,Chaitaly Sarraf,32,M,False
1397,1180,Aarna Tara,69,M,False
1398,1181,Gopal Kata,48,M,False
1399,1182,Urmi Khalsa,64,F,False
1400,1182,Ubika Talwar,78,T,False
1401,1182,Pavani Madan,80,T,False
1402,1183,Jack Thakkar,74,M,False
1403,1184,Aarna Sem,74,M,False
1404,1185,Jagat Parekh,14,F,False
1405,1186,Yashvi Warrior,60,M,False
1406,1187,Prisha Barad,7,M,False
1407,1188,Qarin Mutti,54,M,False
1408,1189,Ishani Sandal,83,F,False
1409,1190,Mitali Bhattacharyya,34,M,False
1410,1192,Girish Chada,22,F,False
1411,1192,Bina Mani,81,M,False
1412,1192,Chaitaly Ramakrishnan,17,M,False
1413,1193,Falguni Pall,73,T,False
1414,1195,Adweta Narasimhan,5,M,False
1415,1195,Amaira Jhaveri,76,T,False
1416,1197,Timothy Prakash,53,F,False
1417,1198,Jairaj Dara,22,M,False
1418,1199,Brijesh Mander,42,M,False
1419,1201,Wyatt Bhasin,53,F,False
1420,1202,Libni Prashad,25,T,False
1421,1203,Brijesh Desai,24,F,False
1422,1203,Urishilla Sunder,53,T,False
1423,1204,Bakhshi Cheema,65,F,False
1424,1205,Vritti Kala,13,T,False
1425,1206,Jack Wadhwa,35,M,False
1426,1208,Isaac Khalsa,15,T,False
1427,1208,Sudiksha Deshpande,30,M,False
1428,1208,Jatin Setty,14,M,False
1429,1209,Yauvani Kapadia,17,M,False
1430,1210,Advik Chowdhury,79,M,False
1431,1211,Ojas Baral,69,T,False
1432,1212,Abhimanyu Loyal,69,T,False
1433,1214,Chanchal Dhawan,85,M,False
1434,1215,Lavanya Vora,1,M,False
1435,1216,Daksh Doshi,79,M,False
1436,1217,Gopal Talwar,34,M,False
1437,1218,Siya Garg,39,M,False
1438,1219,Lucky Grewal,84,T,False
1439,1220,Niharika Bhagat,45,F,False
1440,1221,Maanas Oommen,3,F,False
1441,1224,Isaac Raja,52,M,False
1442,1224,Karan Cherian,9,F,False
1443,1224,Indrajit Nagarajan,53,F,False
1444,1225,Ladli Bhargava,48,F,False
1445,1225,Xiti Vora,85,T,False
1446,1225,Devika Shan,63,T,False
1447,1226,Caleb Bedi,66,T,True
1448,1227,Anamika Sen,26,M,False
1449,1228,Rachit Divan,65,F,False
1450,1229,Sathvik Kamdar,27,M,False
1451,1229,Darsh Bail,30,T,False
1452,1230,Nidra Agate,8,F,False
1453,1231,Gayathri Mital,13,M,False
1454,1232,Arin Varma,82,F,False
1455,1232,Theodore Krish,64,M,False
1456,1232,Jagat Chatterjee,80,F,False
1457,1233,Ranbir Lad,7,T,False
1458,1234,Nirja Balan,5,M,False
1459,1235,Gavin Tripathi,2,T,False
1460,1235,Lakshit Kapadia,57,F,False
1461,1235,Bhavya Agarwal,66,F,False
1462,1236,Adweta Nair,56,M,False
1463,1236,Unni Karan,84,M,False
1464,1236,Reyansh Sabharwal,45,T,False
1465,1237,Hiral Badami,42,F,False
1466,1238,Nilima Bajwa,39,M,False
1467,1239,Indali Chakraborty,41,T,False
1468,1240,Devika Raj,72,T,False
1469,1242,Jasmit Tata,2,M,False
1470,1243,Tara Goswami,6,T,False
1471,1244,Anya Bose,49,F,False
1472,1245,Xiti Subramanian,70,F,False
1473,1246,Kritika Dua,75,T,False
1474,1247,Barkha Chakrabarti,21,T,False
1475,1248,Ubika Krish,72,T,False
1476,1249,Oni Yadav,49,M,False
1477,1250,Naveen Prabhakar,36,T,False
1478,1250,Rohan Mallick,36,T,False
1479,1250,Quincy Kota,41,M,False
1480,1251,Watika Dhar,36,M,False
1481,1251,Yashasvi Rajan,34,F,False
1482,1252,Vaishnavi Dada,84,T,False
1483,1252,Hredhaan Taneja,47,M,False
1484,1254,Sachi Virk,37,T,False
1485,1255,Ayaan Vala,16,T,False
1486,1256,Rudra Sundaram,83,T,False
1487,1257,Alexander Gara,5,M,False
1488,1258,Tamanna Lad,75,T,False
1489,1258,Urmi Bahri,38,T,False
1490,1258,Saanvi Parikh,15,M,False
1491,1259,Chanchal Dhillon,84,F,False
1492,1261,Yahvi Bhatti,1,F,False
1493,1261,Arjun Anne,22,M,False
1494,1262,Ekavir Purohit,9,M,False
1495,1263,Girik Aggarwal,70,F,False
1496,1263,Anay Dani,64,F,False
1497,1264,Yatin Nazareth,17,M,False
1498,1265,Widisha Toor,39,F,False
1499,1266,Brinda Saran,24,M,False
1500,1268,Vasana Wali,48,M,False
1501,1268,Vasana Bhat,10,F,False
1502,1269,Chandresh Edwin,71,T,False
1503,1270,Zaitra Mital,56,T,False
1504,1270,Saumya Saha,75,T,False
1505,1271,Hamsini Joshi,21,M,False
1506,1272,Charles Ray,54,T,False
1507,1273,Omya Chacko,75,T,False
1508,1274,Aachal Dutt,37,T,False
1509,1275,Hitesh Borde,21,T,False
1510,1276,Bhavya Loyal,53,F,False
1511,1276,Viraj Bali,35,T,False
1512,1277,Akshay Chandran,76,F,False
1513,1278,Tarak Buch,8,F,False
1514,1280,Arya Sawhney,30,T,False
1515,1280,Wyatt Ahluwalia,59,T,False
1516,1281,Pranit Zachariah,45,M,False
1517,1282,Ishani Jha,13,F,False
1518,1284,Kamya Mistry,21,F,False
1519,1285,Oliver Konda,6,T,False
1520,1285,Ekalinga Baria,84,M,False
1521,1285,Kavya Narula,66,T,False
1522,1286,Sathvik Hari,19,M,False
1523,1287,Kevin Amble,29,F,False
1524,1288,Sachi Nath,15,M,False
1525,1289,Vasana Sharaf,47,T,False
1526,1290,Sara Oommen,29,T,False
1527,1291,Anusha Solanki,15,F,False
1528,1292,Divya Devan,74,M,False
1529,1292,Darsh Halder,1,M,False
1530,1292,Hitesh Bhatnagar,29,F,False
1531,1293,Henry Mistry,23,T,False
1532,1294,Aachal Nagy,79,T,False
1533,1295,Ishita Bhandari,9,T,False
1534,1296,Mitali Subramaniam,33,M,False
1535,1297,Orinder Goswami,53,F,False
1536,1298,Agastya Chana,14,T,False
1537,1299,Onkar Sawhney,85,F,False
1538,1299,Krish Rout,4,M,False
1539,1301,Tristan Raja,20,M,False
1540,1301,Chakradhar Saini,57,T,False
1541,1301,Maanas Shenoy,25,T,False
1542,1304,Aashi Mandal,60,F,False
1543,1306,Harini Chaudhry,12,M,False
1544,1306,Anmol Chadha,3,M,False
1545,1308,Zaitra Saraf,59,T,False
1546,1309,Owen Chand,85,T,False
1547,1310,Chandresh Mody,67,F,False
1548,1310,Nirja Chandra,24,M,False
1549,1310,Tristan Shah,83,F,False
1550,1311,Aahana Sachdeva,26,T,True
1551,1312,Gaurika Baria,47,M,False
1552,1313,Bahadurjit Nazareth,19,T,False
1553,1314,Vasudha Sarraf,28,F,False
1554,1315,Vaishnavi Mand,83,F,False
1555,1315,Amol Vala,17,T,False
1556,1316,Samarth Modi,50,M,False
1557,1317,Faras Ratti,11,F,False
1558,1317,Ayushman Ray,11,T,False
1559,1317,Samesh Grover,84,F,False
1560,1318,Vritti Dar,3,F,False
1561,1319,Abeer Walla,67,F,False
1562,1319,Darika Lala,39,M,False
1563,1320,Chasmum Bahl,67,F,False
1564,1321,Ranveer Agate,62,M,False
1565,1322,Libni Puri,78,T,False
1566,1323,Vamakshi Bhagat,23,F,False
1567,1324,Zarna Bhatti,53,M,False
1568,1324,Nathaniel Ratti,28,M,False
1569,1324,Noah Sachdeva,77,F,False
1570,1325,Qarin Sibal,79,M,False
1571,1326,Alexander Bali,19,F,False
1572,1327,Amruta Kamdar,22,M,False
1573,1328,Chakrika Dhar,7,T,False
1574,1329,Amaira Seth,73,F,False
1575,1330,Indira Pant,16,F,False
1576,1332,Aradhana Ratta,74,T,False
1577,1333,Owen Deshmukh,69,M,False
1578,1335,Advik Mitra,35,T,False
1579,1336,Yatin Chandran,20,F,False
1580,1338,Manan Bhavsar,65,F,False
1581,1338,Utkarsh Bandi,76,T,False
1582,1340,Gayathri Kata,56,M,False
1583,1341,Neelima Walla,24,T,False
1584,1342,Qushi Nath,84,M,False
1585,1343,Rishi Subramaniam,75,M,False
1586,1344,Upkaar Saini,38,F,False
1587,1345,Chanchal Gour,71,M,False
1588,1345,Dayita Maharaj,69,T,False
1589,1347,Vasudha Khare,83,M,False
1590,1347,Idika Brar,19,F,False
1591,1348,Hiral Brar,33,T,False
1592,1349,Aarnav Bedi,84,M,False
1593,1350,Mason Gokhale,75,M,False
1594,1350,Arjun Kadakia,79,T,False
1595,1351,Advik Doshi,19,M,False
1596,1352,Kevin Iyengar,23,M,False
1597,1353,Brijesh Ganguly,84,M,False
1598,1353,Jacob Chanda,53,M,False
1599,1354,Hemal Gaba,20,T,False
1600,1355,Suhani Dutt,61,T,False
1601,1356,Laksh Hegde,18,F,False
1602,1356,Sachi Bhatt,50,T,False
1603,1358,Lakshit Rajagopalan,13,F,False
1604,1359,Chanakya Narayanan,61,M,False
1605,1360,Kai Wali,33,M,False
1606,1361,Luke Patla,25,M,False
1607,1362,Isaac Grover,7,M,False
1608,1363,Caleb Nagar,5,F,False
1609,1364,Ijaya Palla,21,M,False
1610,1364,Bhanumati Mandal,77,F,False
1611,1365,Charles Murty,43,T,False
1612,1366,Nidra Babu,75,M,False
1613,1367,Pallavi Bhagat,51,M,False
1614,1368,Keya Lalla,20,M,False
1615,1368,Tanay Chatterjee,67,T,False
1616,1369,Tanish Sanghvi,23,M,False
1617,1369,Lipika Dasgupta,34,T,False
1618,1370,Chandran Grewal,53,T,False
1619,1370,Vanya Som,68,M,False
1620,1371,Bimala Lad,78,M,False
1621,1372,Warjas Dutta,45,F,False
1622,1372,Hamsini Dhaliwal,2,F,False
1623,1373,Chaaya Devi,1,M,False
1624,1373,Chameli Talwar,75,F,False
1625,1374,Saksham Kant,83,F,False
1626,1375,Unni Sibal,72,M,False
1627,1376,Janaki Ben,10,F,False
1628,1377,Baljiwan Solanki,55,T,False
1629,1377,Chatresh Deo,39,M,False
1630,1378,Priya Setty,52,M,False
1631,1378,Lakshit Prabhu,12,F,False
1632,1380,Vedhika Mall,75,M,False
1633,1380,Aarini Toor,60,M,False
1634,1380,Bakhshi Murty,80,T,False
1635,1382,Shravya Sarkar,53,T,False
1636,1383,Yochana Thaker,60,F,False
1637,1385,Chandresh Bhargava,36,T,False
1638,1386,Arunima Narayanan,67,T,False
1639,1387,Sanya Nazareth,54,M,False
1640,1387,Kevin Manne,69,M,False
1641,1388,Aahana Mittal,6,F,False
1642,1389,Pooja Badal,46,F,False
1643,1389,Eesha Singhal,22,T,False
1644,1390,Simon Vala,43,M,False
1645,1390,Darsh Ghose,71,M,False
1646,1390,Gaurangi Bava,56,T,False
1647,1391,Vidhi Deshmukh,31,T,False
1648,1391,Gayathri Dua,55,M,False
1649,1392,Zayan Bahl,73,F,False
1650,1393,Gaurangi Verma,4,M,False
1651,1393,Anay Sidhu,70,F,False
1652,1393,Devika Dube,84,M,False
1653,1394,Yochana Sandal,46,M,False
1654,1395,Hitesh Salvi,42,M,False
1655,1396,Osha Srivastava,52,M,False
1656,1397,Chaitaly Din,85,F,False
1657,1398,Urishilla Bhalla,77,F,False
1658,1399,Watika Murthy,11,T,False
1659,1399,Samaksh Vohra,84,F,False
1660,1399,Balveer Sethi,66,F,False
1661,1400,Kala Uppal,7,F,False
1662,1401,Nachiket Badal,44,T,False
1663,1403,Lipika Bansal,82,F,False
1664,1404,Osha Swaminathan,77,M,False
1665,1405,Ria Bali,12,M,False
1666,1406,Ati Lall,33,M,False
1667,1407,Charan Chaudry,23,F,False
1668,1407,Utkarsh Naidu,81,M,False
1669,1407,Rushil Rattan,80,F,False
1670,1408,Amara Parikh,22,T,False
1671,1409,Rachana Kamdar,48,M,False
1672,1410,Reva Kaur,59,F,False
1673,1410,Yashodhara Ramaswamy,68,M,False
1674,1411,Keya Pradhan,2,M,False
1675,1412,Lopa Goda,56,F,False
1676,1412,Hemani Parikh,74,T,False
1677,1413,Neel Gandhi,8,T,False
1678,1414,Libni Bhardwaj,8,M,False
1679,1414,Samar Sur,57,T,False
1680,1415,Krishna Sethi,18,T,False
1681,1416,Wridesh Mall,22,T,False
1682,1417,Pallavi Kant,14,F,False
1683,1417,Vinaya Parmar,71,T,False
1684,1418,Anya Raval,2,F,False
1685,1418,Anusha Memon,60,M,False
1686,1419,Ladli Kamdar,39,M,False
1687,1420,Atharv Kalita,19,T,False
1688,1421,Vasana Dhaliwal,36,T,False
1689,1421,Veer Acharya,74,F,False
1690,1422,Vasatika Master,57,F,False
1691,1423,Bimala Atwal,65,M,False
1692,1424,Devika Jhaveri,15,F,False
1693,1425,Alexander Sunder,38,F,False
1694,1425,Tanmayi Chatterjee,23,F,False
1695,1426,Aarnav Dhar,34,M,False
1696,1426,Rudra Konda,1,M,False
1697,1426,Kashish Lall,38,F,False
1698,1427,Eta Devi,34,T,False
1699,1427,Bhavya Chandran,65,F,False
1700,1427,Bimala Dube,49,M,False
1701,1428,Zilmil Dhaliwal,66,T,False
1702,1428,Krishna Deshpande,69,T,False
1703,1428,Baljiwan Balay,45,F,False
1704,1429,Sarthak Kunda,30,T,False
1705,1430,Jackson Kala,17,F,False
1706,1431,Chanchal Savant,79,M,False
1707,1433,Gaurangi Bhatti,32,T,False
1708,1434,Kamala Dutta,9,T,False
1709,1435,Harinakshi Krish,7,F,False
1710,1436,Ronith Kapur,82,T,False
1711,1436,Anika Kala,16,F,False
1712,1437,Chaman Singhal,35,M,False
1713,1438,Daniel Sinha,55,F,False
1714,1439,Jacob Deep,65,M,False
1715,1439,Bhavika Rao,79,M,False
1716,1439,Chameli Sathe,10,T,False
1717,1440,Samesh Halder,46,M,False
1718,1441,Pratyush Sachdev,10,T,False
1719,1442,Hritik Gara,48,M,False
1720,1444,Gaurang Bhatia,63,M,False
1721,1444,Radha Tak,29,M,False
1722,1447,Bishakha Dhawan,12,T,False
1723,1448,Darsh Sridhar,50,M,False
1724,1448,Vedika Chaudhry,3,T,False
1725,1448,Lavanya Bhargava,10,T,False
1726,1450,Kevin Walla,76,T,False
1727,1450,Chandani Nadig,33,T,False
1728,1450,Vedhika Borde,20,T,False
1729,1451,Omkaar Krish,75,T,False
1730,1452,Charan Roy,68,F,False
1731,1452,Qasim Rama,76,F,False
1732,1452,Niharika Kulkarni,59,F,False
1733,1453,Unnati Majumdar,51,F,False
1734,1453,Pooja Ramakrishnan,49,F,False
1735,1455,Netra Deol,56,T,False
1736,1457,Nisha Rege,30,T,False
1737,1458,Nikita Ganguly,77,F,False
1738,1459,Parth Dubey,66,M,False
1739,1460,Jack Kari,1,M,False
1740,1461,Nitesh Wali,17,F,True
1741,1463,Gaurangi Date,2,F,False
1742,1463,Adweta Mani,41,T,False
1743,1463,Nimrat Sha,82,M,False
1744,1464,Arin Rajan,25,M,False
1745,1465,Ekantika Padmanabhan,65,M,False
1746,1465,Kashish Mohan,24,F,False
1747,1466,Jagrati Dua,16,T,False
1748,1467,Sneha Mahajan,79,T,False
1749,1468,Omya Biswas,26,M,False
1750,1469,Naveen Rao,34,T,False
1751,1469,Amruta Mitra,3,F,False
1752,1470,Owen Kala,65,F,False
1753,1470,Yauvani Agrawal,6,T,False
1754,1470,Anusha Buch,34,F,False
1755,1472,Kritika Aurora,49,T,False
1756,1473,Ekanta Yogi,81,F,False
1757,1475,Gagan Reddy,38,M,False
1758,1476,Abdul Randhawa,71,F,False
1759,1477,Hitesh Khatri,61,T,False
1760,1478,Anthony Gour,3,F,False
1761,1479,Yoshita Pillay,84,M,False
1762,1480,Hemangini Kalla,7,M,False
1763,1480,Vivaan Butala,76,M,False
1764,1481,Bimala Sastry,48,T,False
1765,1481,Yash Sawhney,55,M,False
1766,1482,Siya Tara,16,F,False
1767,1483,Avi Dutta,7,F,False
1768,1485,Lakshit Radhakrishnan,79,M,False
1769,1487,Gayathri Korpal,53,F,False
1770,1488,Harshil Swaminathan,74,M,False
1771,1489,Anvi Balasubramanian,53,M,False
1772,1489,Ira Gade,55,M,False
1773,1490,Devansh Dhawan,65,F,False
1774,1491,Abha Wadhwa,79,T,False
1775,1492,Damyanti Ray,29,F,False
1776,1493,Waida Gola,23,F,False
1777,1494,Rohan Master,48,M,False
1778,1495,Zinal Manne,58,T,False
1779,1495,Tara Bajwa,27,F,False
1780,1495,Victor Wagle,14,F,False
1781,1496,Nachiket Bhalla,52,M,False
1782,1497,Theodore Dey,65,M,False
1783,1498,Lipika Kulkarni,9,M,False
1784,1499,Ati Ben,61,T,False
1785,1499,Raghav Dhingra,73,F,False
1786,1500,Mahika Choudhary,41,M,False
1787,1500,Hemani Wali,82,M,False
